Epoch,Metrics,Score
0,eval_acc,0.7661
0,eval_auc,0.4811
0,eval_brier,0.2339
0,eval_f1,0.0961
0,eval_loss,0.3229
0,eval_mcc,-0.0382
0,eval_pf,0.1324
0,eval_precision,0.0976
0,eval_recall,0.0947
0,eval_time,0.0
0,___inline___,___inline___
1,eval_acc,0.7537
1,eval_auc,0.474
1,eval_brier,0.2463
1,eval_f1,0.0917
1,eval_loss,0.3473
1,eval_mcc,-0.0507
1,eval_pf,0.1467
1,eval_precision,0.0889
1,eval_recall,0.0947
1,eval_time,0.0
2,eval_acc,0.7071
2,eval_auc,0.4949
2,eval_brier,0.2929
2,eval_f1,0.1566
2,eval_loss,0.3814
2,eval_mcc,-0.0084
2,eval_pf,0.2174
2,eval_precision,0.1259
2,eval_recall,0.2071
2,eval_time,0.0
2,___inline___,___inline___
3,eval_acc,0.5089
3,eval_auc,0.5843
3,eval_brier,0.4911
3,eval_f1,0.2685
3,eval_loss,0.4764
3,eval_mcc,0.1142
3,eval_pf,0.5179
3,eval_precision,0.1669
3,eval_recall,0.6864
3,eval_time,0.0
3,___best___,___best___
4,eval_acc,0.5198
4,eval_auc,0.6332
4,eval_brier,0.4802
4,eval_f1,0.3009
4,eval_loss,0.4633
4,eval_mcc,0.1811
4,eval_pf,0.5206
4,eval_precision,0.186
4,eval_recall,0.787
4,eval_time,0.0
4,___best___,___best___
5,eval_acc,0.575
5,eval_auc,0.6499
5,eval_brier,0.425
5,eval_f1,0.3171
5,eval_loss,0.4244
5,eval_mcc,0.2025
5,eval_pf,0.4517
5,eval_precision,0.2009
5,eval_recall,0.7515
5,eval_time,0.0
5,___best___,___best___
6,eval_acc,0.5882
6,eval_auc,0.6474
6,eval_brier,0.4118
6,eval_f1,0.317
6,eval_loss,0.418
6,eval_mcc,0.1995
6,eval_pf,0.4329
6,eval_precision,0.2026
6,eval_recall,0.7278
6,eval_time,0.0
7,eval_acc,0.5913
7,eval_auc,0.6317
7,eval_brier,0.4087
7,eval_f1,0.3061
7,eval_loss,0.4021
7,eval_mcc,0.1785
7,eval_pf,0.4231
7,eval_precision,0.1969
7,eval_recall,0.6864
7,eval_time,0.0
8,eval_acc,0.5726
8,eval_auc,0.631
8,eval_brier,0.4274
8,eval_f1,0.3038
8,eval_loss,0.4154
8,eval_mcc,0.177
8,eval_pf,0.4481
8,eval_precision,0.1932
8,eval_recall,0.7101
8,eval_time,0.0
9,eval_acc,0.5695
9,eval_auc,0.6417
9,eval_brier,0.4305
9,eval_f1,0.3109
9,eval_loss,0.4202
9,eval_mcc,0.1915
9,eval_pf,0.4562
9,eval_precision,0.1969
9,eval_recall,0.7396
9,eval_time,0.0
10,eval_acc,0.5913
10,eval_auc,0.6342
10,eval_brier,0.4087
10,eval_f1,0.3079
10,eval_loss,0.4017
10,eval_mcc,0.1819
10,eval_pf,0.424
10,eval_precision,0.198
10,eval_recall,0.6923
10,eval_time,0.0
11,eval_acc,0.5851
11,eval_auc,0.6381
11,eval_brier,0.4149
11,eval_f1,0.3101
11,eval_loss,0.404
11,eval_mcc,0.1869
11,eval_pf,0.4338
11,eval_precision,0.1983
11,eval_recall,0.7101
11,eval_time,0.0
12,eval_acc,0.5789
12,eval_auc,0.632
12,eval_brier,0.4211
12,eval_f1,0.3051
12,eval_loss,0.4039
12,eval_mcc,0.1786
12,eval_pf,0.4401
12,eval_precision,0.1948
12,eval_recall,0.7041
12,eval_time,0.0
13,eval_acc,0.6092
13,eval_auc,0.6219
13,eval_brier,0.3908
13,eval_f1,0.3004
13,eval_loss,0.3791
13,eval_mcc,0.1664
13,eval_pf,0.3953
13,eval_precision,0.1964
13,eval_recall,0.6391
13,eval_time,0.0
14,eval_acc,0.5773
14,eval_auc,0.6487
14,eval_brier,0.4227
14,eval_f1,0.3166
14,eval_loss,0.4088
14,eval_mcc,0.201
14,eval_pf,0.4481
14,eval_precision,0.201
14,eval_recall,0.7456
14,eval_time,0.0
15,eval_acc,0.6045
15,eval_auc,0.6242
15,eval_brier,0.3955
15,eval_f1,0.3018
15,eval_loss,0.3839
15,eval_mcc,0.1692
15,eval_pf,0.4025
15,eval_precision,0.1964
15,eval_recall,0.6509
15,eval_time,0.0
16,eval_acc,0.5975
16,eval_auc,0.6428
16,eval_brier,0.4025
16,eval_f1,0.3148
16,eval_loss,0.3888
16,eval_mcc,0.1936
16,eval_pf,0.4186
16,eval_precision,0.2027
16,eval_recall,0.7041
16,eval_time,0.0
17,eval_acc,0.6045
17,eval_auc,0.6242
17,eval_brier,0.3955
17,eval_f1,0.3018
17,eval_loss,0.3767
17,eval_mcc,0.1692
17,eval_pf,0.4025
17,eval_precision,0.1964
17,eval_recall,0.6509
17,eval_time,0.0
18,eval_acc,0.596
18,eval_auc,0.662
18,eval_brier,0.404
18,eval_f1,0.3282
18,eval_loss,0.4
18,eval_mcc,0.2192
18,eval_pf,0.4275
18,eval_precision,0.2099
18,eval_recall,0.7515
18,eval_time,0.0
18,___best___,___best___
19,eval_acc,0.5944
19,eval_auc,0.641
19,eval_brier,0.4056
19,eval_f1,0.3132
19,eval_loss,0.3902
19,eval_mcc,0.1911
19,eval_pf,0.4222
19,eval_precision,0.2014
19,eval_recall,0.7041
19,eval_time,0.0
20,eval_acc,0.6177
20,eval_auc,0.6368
20,eval_brier,0.3823
20,eval_f1,0.3128
20,eval_loss,0.3728
20,eval_mcc,0.1869
20,eval_pf,0.3891
20,eval_precision,0.2048
20,eval_recall,0.6627
20,eval_time,0.0
21,eval_acc,0.5975
21,eval_auc,0.6553
21,eval_brier,0.4025
21,eval_f1,0.3238
21,eval_loss,0.3872
21,eval_mcc,0.2104
21,eval_pf,0.4231
21,eval_precision,0.2077
21,eval_recall,0.7337
21,eval_time,0.0
22,eval_acc,0.6006
22,eval_auc,0.6596
22,eval_brier,0.3994
22,eval_f1,0.3272
22,eval_loss,0.3915
22,eval_mcc,0.2163
22,eval_pf,0.4204
22,eval_precision,0.2101
22,eval_recall,0.7396
22,eval_time,0.0
23,eval_acc,0.6131
23,eval_auc,0.6467
23,eval_brier,0.3869
23,eval_f1,0.3197
23,eval_loss,0.3788
23,eval_mcc,0.1997
23,eval_pf,0.3989
23,eval_precision,0.2078
23,eval_recall,0.6923
23,eval_time,0.0
24,eval_acc,0.6232
24,eval_auc,0.65
24,eval_brier,0.3768
24,eval_f1,0.3236
24,eval_loss,0.367
24,eval_mcc,0.2049
24,eval_pf,0.3864
24,eval_precision,0.2117
24,eval_recall,0.6864
24,eval_time,0.0
25,eval_acc,0.5983
25,eval_auc,0.6583
25,eval_brier,0.4017
25,eval_f1,0.3259
25,eval_loss,0.3885
25,eval_mcc,0.2144
25,eval_pf,0.4231
25,eval_precision,0.209
25,eval_recall,0.7396
25,eval_time,0.0
26,eval_acc,0.627
26,eval_auc,0.6422
26,eval_brier,0.373
26,eval_f1,0.3182
26,eval_loss,0.3601
26,eval_mcc,0.1949
26,eval_pf,0.3784
26,eval_precision,0.2093
26,eval_recall,0.6627
26,eval_time,0.0
27,eval_acc,0.627
27,eval_auc,0.6497
27,eval_brier,0.373
27,eval_f1,0.3239
27,eval_loss,0.3582
27,eval_mcc,0.2049
27,eval_pf,0.381
27,eval_precision,0.2126
27,eval_recall,0.6805
27,eval_time,0.0
28,eval_acc,0.6255
28,eval_auc,0.6639
28,eval_brier,0.3745
28,eval_f1,0.3343
28,eval_loss,0.3674
28,eval_mcc,0.2235
28,eval_pf,0.3882
28,eval_precision,0.218
28,eval_recall,0.716
28,eval_time,0.0
28,___best___,___best___
29,eval_acc,0.6239
29,eval_auc,0.653
29,eval_brier,0.3761
29,eval_f1,0.3259
29,eval_loss,0.3664
29,eval_mcc,0.2089
29,eval_pf,0.3864
29,eval_precision,0.2131
29,eval_recall,0.6923
29,eval_time,0.0
30,eval_acc,0.6263
30,eval_auc,0.6694
30,eval_brier,0.3737
30,eval_f1,0.3384
30,eval_loss,0.368
30,eval_mcc,0.2308
30,eval_pf,0.3891
30,eval_precision,0.2204
30,eval_recall,0.7278
30,eval_time,0.0
30,___best___,___best___
31,eval_acc,0.6193
31,eval_auc,0.6653
31,eval_brier,0.3807
31,eval_f1,0.3342
31,eval_loss,0.3732
31,eval_mcc,0.225
31,eval_pf,0.3971
31,eval_precision,0.2169
31,eval_recall,0.7278
31,eval_time,0.0
32,eval_acc,0.6216
32,eval_auc,0.6767
32,eval_brier,0.3784
32,eval_f1,0.3428
32,eval_loss,0.3767
32,eval_mcc,0.2402
32,eval_pf,0.398
32,eval_precision,0.222
32,eval_recall,0.7515
32,eval_time,0.0
32,___best___,___best___
33,eval_acc,0.6387
33,eval_auc,0.6514
33,eval_brier,0.3613
33,eval_f1,0.3271
33,eval_loss,0.3591
33,eval_mcc,0.2083
33,eval_pf,0.3658
33,eval_precision,0.2165
33,eval_recall,0.6686
33,eval_time,0.0
34,eval_acc,0.6294
34,eval_auc,0.6586
34,eval_brier,0.3706
34,eval_f1,0.331
34,eval_loss,0.3596
34,eval_mcc,0.2169
34,eval_pf,0.381
34,eval_precision,0.2169
34,eval_recall,0.6982
34,eval_time,0.0
35,eval_acc,0.6286
35,eval_auc,0.6732
35,eval_brier,0.3714
35,eval_f1,0.3416
35,eval_loss,0.3676
35,eval_mcc,0.2362
35,eval_pf,0.3873
35,eval_precision,0.2226
35,eval_recall,0.7337
35,eval_time,0.0
36,eval_acc,0.6232
36,eval_auc,0.6625
36,eval_brier,0.3768
36,eval_f1,0.3329
36,eval_loss,0.3686
36,eval_mcc,0.2216
36,eval_pf,0.3909
36,eval_precision,0.2168
36,eval_recall,0.716
36,eval_time,0.0
37,eval_acc,0.6325
37,eval_auc,0.6554
37,eval_brier,0.3675
37,eval_f1,0.3291
37,eval_loss,0.3639
37,eval_mcc,0.2129
37,eval_pf,0.3757
37,eval_precision,0.2164
37,eval_recall,0.6864
37,eval_time,0.0
38,eval_acc,0.6286
38,eval_auc,0.6657
38,eval_brier,0.3714
38,eval_f1,0.3361
38,eval_loss,0.3642
38,eval_mcc,0.2262
38,eval_pf,0.3846
38,eval_precision,0.2196
38,eval_recall,0.716
38,eval_time,0.0
39,eval_acc,0.6395
39,eval_auc,0.6569
39,eval_brier,0.3605
39,eval_f1,0.3314
39,eval_loss,0.3529
39,eval_mcc,0.2156
39,eval_pf,0.3667
39,eval_precision,0.219
39,eval_recall,0.6805
39,eval_time,0.0
40,eval_acc,0.6333
40,eval_auc,0.6508
40,eval_brier,0.3667
40,eval_f1,0.3257
40,eval_loss,0.3528
40,eval_mcc,0.2069
40,eval_pf,0.373
40,eval_precision,0.2147
40,eval_recall,0.6746
40,eval_time,0.0
41,eval_acc,0.6371
41,eval_auc,0.6756
41,eval_brier,0.3629
41,eval_f1,0.345
41,eval_loss,0.362
41,eval_mcc,0.2401
41,eval_pf,0.3766
41,eval_precision,0.2261
41,eval_recall,0.7278
41,eval_time,0.0
41,___best___,___best___
42,eval_acc,0.6379
42,eval_auc,0.6685
42,eval_brier,0.3621
42,eval_f1,0.3399
42,eval_loss,0.3535
42,eval_mcc,0.2309
42,eval_pf,0.373
42,eval_precision,0.2235
42,eval_recall,0.7101
42,eval_time,0.0
43,eval_acc,0.6364
43,eval_auc,0.6576
43,eval_brier,0.3636
43,eval_f1,0.3314
43,eval_loss,0.3589
43,eval_mcc,0.2162
43,eval_pf,0.3712
43,eval_precision,0.2185
43,eval_recall,0.6864
43,eval_time,0.0
44,eval_acc,0.6325
44,eval_auc,0.6729
44,eval_brier,0.3675
44,eval_f1,0.3421
44,eval_loss,0.3581
44,eval_mcc,0.2361
44,eval_pf,0.3819
44,eval_precision,0.2236
44,eval_recall,0.7278
44,eval_time,0.0
45,eval_acc,0.648
45,eval_auc,0.6894
45,eval_brier,0.352
45,eval_f1,0.3574
45,eval_loss,0.357
45,eval_mcc,0.2595
45,eval_pf,0.3667
45,eval_precision,0.2351
45,eval_recall,0.7456
45,eval_time,0.0
45,___best___,___best___
46,eval_acc,0.6333
46,eval_auc,0.6633
46,eval_brier,0.3667
46,eval_f1,0.3352
46,eval_loss,0.3532
46,eval_mcc,0.2235
46,eval_pf,0.3775
46,eval_precision,0.22
46,eval_recall,0.7041
46,eval_time,0.0
47,eval_acc,0.6457
47,eval_auc,0.668
47,eval_brier,0.3543
47,eval_f1,0.341
47,eval_loss,0.3491
47,eval_mcc,0.231
47,eval_pf,0.3623
47,eval_precision,0.2256
47,eval_recall,0.6982
47,eval_time,0.0
48,eval_acc,0.641
48,eval_auc,0.6603
48,eval_brier,0.359
48,eval_f1,0.3343
48,eval_loss,0.3494
48,eval_mcc,0.2203
48,eval_pf,0.3658
48,eval_precision,0.221
48,eval_recall,0.6864
48,eval_time,0.0
49,eval_acc,0.6496
49,eval_auc,0.6778
49,eval_brier,0.3504
49,eval_f1,0.3492
49,eval_loss,0.3486
49,eval_mcc,0.2444
49,eval_pf,0.3605
49,eval_precision,0.2309
49,eval_recall,0.716
49,eval_time,0.0
50,eval_acc,0.634
50,eval_auc,0.6713
50,eval_brier,0.366
50,eval_f1,0.3413
50,eval_loss,0.3618
50,eval_mcc,0.2342
50,eval_pf,0.3792
50,eval_precision,0.2234
50,eval_recall,0.7219
50,eval_time,0.0
51,eval_acc,0.6441
51,eval_auc,0.6696
51,eval_brier,0.3559
51,eval_f1,0.342
51,eval_loss,0.3481
51,eval_mcc,0.233
51,eval_pf,0.3649
51,eval_precision,0.2258
51,eval_recall,0.7041
51,eval_time,0.0
52,eval_acc,0.6472
52,eval_auc,0.6839
52,eval_brier,0.3528
52,eval_f1,0.3533
52,eval_loss,0.3498
52,eval_mcc,0.2523
52,eval_pf,0.3658
52,eval_precision,0.2326
52,eval_recall,0.7337
52,eval_time,0.0
53,eval_acc,0.6441
53,eval_auc,0.6822
53,eval_brier,0.3559
53,eval_f1,0.3513
53,eval_loss,0.3501
53,eval_mcc,0.2495
53,eval_pf,0.3694
53,eval_precision,0.2309
53,eval_recall,0.7337
53,eval_time,0.0
54,eval_acc,0.6426
54,eval_auc,0.6737
54,eval_brier,0.3574
54,eval_f1,0.3447
54,eval_loss,0.3503
54,eval_mcc,0.2382
54,eval_pf,0.3685
54,eval_precision,0.227
54,eval_recall,0.716
54,eval_time,0.0
55,eval_acc,0.6503
55,eval_auc,0.6682
55,eval_brier,0.3497
55,eval_f1,0.3421
55,eval_loss,0.3474
55,eval_mcc,0.2318
55,eval_pf,0.356
55,eval_precision,0.2272
55,eval_recall,0.6923
55,eval_time,0.0
56,eval_acc,0.6457
56,eval_auc,0.6705
56,eval_brier,0.3543
56,eval_f1,0.3429
56,eval_loss,0.3446
56,eval_mcc,0.2343
56,eval_pf,0.3631
56,eval_precision,0.2267
56,eval_recall,0.7041
56,eval_time,0.0
57,eval_acc,0.6371
57,eval_auc,0.6681
57,eval_brier,0.3629
57,eval_f1,0.3395
57,eval_loss,0.3528
57,eval_mcc,0.2302
57,eval_pf,0.3739
57,eval_precision,0.223
57,eval_recall,0.7101
57,eval_time,0.0
58,eval_acc,0.6434
58,eval_auc,0.6842
58,eval_brier,0.3566
58,eval_f1,0.3526
58,eval_loss,0.3519
58,eval_mcc,0.2522
58,eval_pf,0.3712
58,eval_precision,0.2315
58,eval_recall,0.7396
58,eval_time,0.0
59,eval_acc,0.6379
59,eval_auc,0.6635
59,eval_brier,0.3621
59,eval_f1,0.3362
59,eval_loss,0.3521
59,eval_mcc,0.2242
59,eval_pf,0.3712
59,eval_precision,0.2214
59,eval_recall,0.6982
59,eval_time,0.0
60,eval_acc,0.6434
60,eval_auc,0.6767
60,eval_brier,0.3566
60,eval_f1,0.3471
60,eval_loss,0.3488
60,eval_mcc,0.2422
60,eval_pf,0.3685
60,eval_precision,0.2285
60,eval_recall,0.7219
60,eval_time,0.0
61,eval_acc,0.6426
61,eval_auc,0.6737
61,eval_brier,0.3574
61,eval_f1,0.3447
61,eval_loss,0.3522
61,eval_mcc,0.2382
61,eval_pf,0.3685
61,eval_precision,0.227
61,eval_recall,0.716
61,eval_time,0.0
62,eval_acc,0.6441
62,eval_auc,0.6771
62,eval_brier,0.3559
62,eval_f1,0.3476
62,eval_loss,0.3485
62,eval_mcc,0.2429
62,eval_pf,0.3676
62,eval_precision,0.2289
62,eval_recall,0.7219
62,eval_time,0.0
63,eval_acc,0.6496
63,eval_auc,0.6778
63,eval_brier,0.3504
63,eval_f1,0.3492
63,eval_loss,0.3452
63,eval_mcc,0.2444
63,eval_pf,0.3605
63,eval_precision,0.2309
63,eval_recall,0.716
63,eval_time,0.0
64,eval_acc,0.6465
64,eval_auc,0.6835
64,eval_brier,0.3535
64,eval_f1,0.3528
64,eval_loss,0.3485
64,eval_mcc,0.2516
64,eval_pf,0.3667
64,eval_precision,0.2322
64,eval_recall,0.7337
64,eval_time,0.0
65,eval_acc,0.6503
65,eval_auc,0.6631
65,eval_brier,0.3497
65,eval_f1,0.3382
65,eval_loss,0.344
65,eval_mcc,0.2252
65,eval_pf,0.3542
65,eval_precision,0.225
65,eval_recall,0.6805
65,eval_time,0.0
66,eval_acc,0.6503
66,eval_auc,0.6707
66,eval_brier,0.3497
66,eval_f1,0.344
66,eval_loss,0.3434
66,eval_mcc,0.2352
66,eval_pf,0.3569
66,eval_precision,0.2282
66,eval_recall,0.6982
66,eval_time,0.0
67,eval_acc,0.6418
67,eval_auc,0.6708
67,eval_brier,0.3582
67,eval_f1,0.3424
67,eval_loss,0.3488
67,eval_mcc,0.2343
67,eval_pf,0.3685
67,eval_precision,0.2256
67,eval_recall,0.7101
67,eval_time,0.0
68,eval_acc,0.6496
68,eval_auc,0.6778
68,eval_brier,0.3504
68,eval_f1,0.3492
68,eval_loss,0.3445
68,eval_mcc,0.2444
68,eval_pf,0.3605
68,eval_precision,0.2309
68,eval_recall,0.716
68,eval_time,0.0
69,eval_acc,0.6503
69,eval_auc,0.6732
69,eval_brier,0.3497
69,eval_f1,0.3459
69,eval_loss,0.3463
69,eval_mcc,0.2385
69,eval_pf,0.3578
69,eval_precision,0.2293
69,eval_recall,0.7041
69,eval_time,0.0
70,eval_acc,0.6465
70,eval_auc,0.676
70,eval_brier,0.3535
70,eval_f1,0.3472
70,eval_loss,0.3446
70,eval_mcc,0.2417
70,eval_pf,0.364
70,eval_precision,0.2292
70,eval_recall,0.716
70,eval_time,0.0
71,eval_acc,0.6527
71,eval_auc,0.6695
71,eval_brier,0.3473
71,eval_f1,0.3436
71,eval_loss,0.3395
71,eval_mcc,0.2339
71,eval_pf,0.3533
71,eval_precision,0.2285
71,eval_recall,0.6923
71,eval_time,0.0
72,eval_acc,0.6519
72,eval_auc,0.6791
72,eval_brier,0.3481
72,eval_f1,0.3507
72,eval_loss,0.3427
72,eval_mcc,0.2465
72,eval_pf,0.3578
72,eval_precision,0.2322
72,eval_recall,0.716
72,eval_time,0.0
73,eval_acc,0.6503
73,eval_auc,0.6782
73,eval_brier,0.3497
73,eval_f1,0.3497
73,eval_loss,0.341
73,eval_mcc,0.2451
73,eval_pf,0.3596
73,eval_precision,0.2314
73,eval_recall,0.716
73,eval_time,0.0
74,eval_acc,0.6558
74,eval_auc,0.6864
74,eval_brier,0.3442
74,eval_f1,0.357
74,eval_loss,0.3417
74,eval_mcc,0.2565
74,eval_pf,0.3551
74,eval_precision,0.2365
74,eval_recall,0.7278
74,eval_time,0.0
75,eval_acc,0.6542
75,eval_auc,0.6779
75,eval_brier,0.3458
75,eval_f1,0.3504
75,eval_loss,0.3385
75,eval_mcc,0.2452
75,eval_pf,0.3542
75,eval_precision,0.2326
75,eval_recall,0.7101
75,eval_time,0.0
76,eval_acc,0.6472
76,eval_auc,0.6739
76,eval_brier,0.3528
76,eval_f1,0.3458
76,eval_loss,0.3436
76,eval_mcc,0.239
76,eval_pf,0.3623
76,eval_precision,0.2286
76,eval_recall,0.7101
76,eval_time,0.0
77,eval_acc,0.655
77,eval_auc,0.6708
77,eval_brier,0.345
77,eval_f1,0.3451
77,eval_loss,0.3442
77,eval_mcc,0.236
77,eval_pf,0.3506
77,eval_precision,0.2299
77,eval_recall,0.6923
77,eval_time,0.0
78,eval_acc,0.6573
78,eval_auc,0.6847
78,eval_brier,0.3427
78,eval_f1,0.3562
78,eval_loss,0.3415
78,eval_mcc,0.2546
78,eval_pf,0.3524
78,eval_precision,0.2364
78,eval_recall,0.7219
78,eval_time,0.0
79,eval_acc,0.6535
79,eval_auc,0.675
79,eval_brier,0.3465
79,eval_f1,0.348
79,eval_loss,0.3407
79,eval_mcc,0.2412
79,eval_pf,0.3542
79,eval_precision,0.2311
79,eval_recall,0.7041
79,eval_time,0.0
80,eval_acc,0.6542
80,eval_auc,0.6804
80,eval_brier,0.3458
80,eval_f1,0.3523
80,eval_loss,0.3423
80,eval_mcc,0.2485
80,eval_pf,0.3551
80,eval_precision,0.2336
80,eval_recall,0.716
80,eval_time,0.0
81,eval_acc,0.6527
81,eval_auc,0.6795
81,eval_brier,0.3473
81,eval_f1,0.3512
81,eval_loss,0.3416
81,eval_mcc,0.2472
81,eval_pf,0.3569
81,eval_precision,0.2327
81,eval_recall,0.716
81,eval_time,0.0
82,eval_acc,0.6573
82,eval_auc,0.6772
82,eval_brier,0.3427
82,eval_f1,0.3505
82,eval_loss,0.3387
82,eval_mcc,0.2447
82,eval_pf,0.3497
82,eval_precision,0.2333
82,eval_recall,0.7041
82,eval_time,0.0
83,eval_acc,0.6566
83,eval_auc,0.6818
83,eval_brier,0.3434
83,eval_f1,0.3538
83,eval_loss,0.3391
83,eval_mcc,0.2506
83,eval_pf,0.3524
83,eval_precision,0.235
83,eval_recall,0.716
83,eval_time,0.0
84,eval_acc,0.655
84,eval_auc,0.6759
84,eval_brier,0.345
84,eval_f1,0.349
84,eval_loss,0.3404
84,eval_mcc,0.2426
84,eval_pf,0.3524
84,eval_precision,0.232
84,eval_recall,0.7041
84,eval_time,0.0
85,eval_acc,0.6589
85,eval_auc,0.6781
85,eval_brier,0.3411
85,eval_f1,0.3516
85,eval_loss,0.3402
85,eval_mcc,0.2461
85,eval_pf,0.3479
85,eval_precision,0.2343
85,eval_recall,0.7041
85,eval_time,0.0
86,eval_acc,0.6566
86,eval_auc,0.6742
86,eval_brier,0.3434
86,eval_f1,0.3481
86,eval_loss,0.3393
86,eval_mcc,0.2407
86,eval_pf,0.3497
86,eval_precision,0.2318
86,eval_recall,0.6982
86,eval_time,0.0
87,eval_acc,0.6573
87,eval_auc,0.6772
87,eval_brier,0.3427
87,eval_f1,0.3505
87,eval_loss,0.3383
87,eval_mcc,0.2447
87,eval_pf,0.3497
87,eval_precision,0.2333
87,eval_recall,0.7041
87,eval_time,0.0
88,eval_acc,0.6581
88,eval_auc,0.6827
88,eval_brier,0.3419
88,eval_f1,0.3548
88,eval_loss,0.3398
88,eval_mcc,0.252
88,eval_pf,0.3506
88,eval_precision,0.2359
88,eval_recall,0.716
88,eval_time,0.0
89,eval_acc,0.6589
89,eval_auc,0.6831
89,eval_brier,0.3411
89,eval_f1,0.3554
89,eval_loss,0.3388
89,eval_mcc,0.2527
89,eval_pf,0.3497
89,eval_precision,0.2363
89,eval_recall,0.716
89,eval_time,0.0
90,eval_acc,0.6566
90,eval_auc,0.6843
90,eval_brier,0.3434
90,eval_f1,0.3557
90,eval_loss,0.3392
90,eval_mcc,0.2539
90,eval_pf,0.3533
90,eval_precision,0.236
90,eval_recall,0.7219
90,eval_time,0.0
91,eval_acc,0.6589
91,eval_auc,0.6756
91,eval_brier,0.3411
91,eval_f1,0.3496
91,eval_loss,0.3398
91,eval_mcc,0.2428
91,eval_pf,0.347
91,eval_precision,0.2332
91,eval_recall,0.6982
91,eval_time,0.0
92,eval_acc,0.6597
92,eval_auc,0.6861
92,eval_brier,0.3403
92,eval_f1,0.3578
92,eval_loss,0.3385
92,eval_mcc,0.2567
92,eval_pf,0.3497
92,eval_precision,0.2378
92,eval_recall,0.7219
92,eval_time,0.0
92,___best___,___best___
93,eval_acc,0.6581
93,eval_auc,0.6777
93,eval_brier,0.3419
93,eval_f1,0.351
93,eval_loss,0.339
93,eval_mcc,0.2454
93,eval_pf,0.3488
93,eval_precision,0.2338
93,eval_recall,0.7041
93,eval_time,0.0
94,eval_acc,0.6612
94,eval_auc,0.687
94,eval_brier,0.3388
94,eval_f1,0.3588
94,eval_loss,0.338
94,eval_mcc,0.2581
94,eval_pf,0.3479
94,eval_precision,0.2387
94,eval_recall,0.7219
94,eval_time,0.0
94,___best___,___best___
95,eval_acc,0.6581
95,eval_auc,0.6802
95,eval_brier,0.3419
95,eval_f1,0.3529
95,eval_loss,0.3383
95,eval_mcc,0.2487
95,eval_pf,0.3497
95,eval_precision,0.2348
95,eval_recall,0.7101
95,eval_time,0.0
96,eval_acc,0.6581
96,eval_auc,0.6802
96,eval_brier,0.3419
96,eval_f1,0.3529
96,eval_loss,0.3381
96,eval_mcc,0.2487
96,eval_pf,0.3497
96,eval_precision,0.2348
96,eval_recall,0.7101
96,eval_time,0.0
97,eval_acc,0.6589
97,eval_auc,0.6831
97,eval_brier,0.3411
97,eval_f1,0.3554
97,eval_loss,0.3378
97,eval_mcc,0.2527
97,eval_pf,0.3497
97,eval_precision,0.2363
97,eval_recall,0.716
97,eval_time,0.0
98,eval_acc,0.6589
98,eval_auc,0.6806
98,eval_brier,0.3411
98,eval_f1,0.3535
98,eval_loss,0.3379
98,eval_mcc,0.2494
98,eval_pf,0.3488
98,eval_precision,0.2353
98,eval_recall,0.7101
98,eval_time,0.0
99,eval_acc,0.6597
99,eval_auc,0.6836
99,eval_brier,0.3403
99,eval_f1,0.3559
99,eval_loss,0.3379
99,eval_mcc,0.2534
99,eval_pf,0.3488
99,eval_precision,0.2368
99,eval_recall,0.716
99,eval_time,0.0
