Epoch,Metrics,Score
0,eval_acc,0.7179
0,eval_auc,0.5011
0,eval_brier,0.2821
0,eval_f1,0.1617
0,eval_loss,0.3446
0,eval_mcc,0.0019
0,eval_pf,0.2048
0,eval_precision,0.1326
0,eval_recall,0.2071
0,eval_time,0.0
0,___inline___,___inline___
1,eval_acc,0.7141
1,eval_auc,0.4989
1,eval_brier,0.2859
1,eval_f1,0.1598
1,eval_loss,0.3691
1,eval_mcc,-0.0018
1,eval_pf,0.2093
1,eval_precision,0.1301
1,eval_recall,0.2071
1,eval_time,0.0
2,eval_acc,0.7521
2,eval_auc,0.4857
2,eval_brier,0.2479
2,eval_f1,0.1163
2,eval_loss,0.3147
2,eval_mcc,-0.0272
2,eval_pf,0.153
2,eval_precision,0.1094
2,eval_recall,0.1243
2,eval_time,0.0
3,eval_acc,0.7521
3,eval_auc,0.4806
3,eval_brier,0.2479
3,eval_f1,0.1064
3,eval_loss,0.4129
3,eval_mcc,-0.037
3,eval_pf,0.1512
3,eval_precision,0.1011
3,eval_recall,0.1124
3,eval_time,0.0
4,eval_acc,0.7016
4,eval_auc,0.5018
4,eval_brier,0.2984
4,eval_f1,0.1688
4,eval_loss,0.4429
4,eval_mcc,0.0029
4,eval_pf,0.2272
4,eval_precision,0.1331
4,eval_recall,0.2308
4,eval_time,0.0
4,___inline___,___inline___
5,eval_acc,0.7568
5,eval_auc,0.4808
5,eval_brier,0.2432
5,eval_f1,0.1032
5,eval_loss,0.3747
5,eval_mcc,-0.0374
5,eval_pf,0.1449
5,eval_precision,0.1
5,eval_recall,0.1065
5,eval_time,0.0
6,eval_acc,0.5625
6,eval_auc,0.4971
6,eval_brier,0.4375
6,eval_f1,0.1969
6,eval_loss,0.4495
6,eval_mcc,-0.004
6,eval_pf,0.4141
6,eval_precision,0.1297
6,eval_recall,0.4083
6,eval_time,0.0
6,___inline___,___inline___
7,eval_acc,0.6255
7,eval_auc,0.4781
7,eval_brier,0.3745
7,eval_f1,0.1632
7,eval_loss,0.4408
7,eval_mcc,-0.0319
7,eval_pf,0.322
7,eval_precision,0.1155
7,eval_recall,0.2781
7,eval_time,0.0
8,eval_acc,0.5214
8,eval_auc,0.4809
8,eval_brier,0.4786
8,eval_f1,0.1895
8,eval_loss,0.4794
8,eval_mcc,-0.0259
8,eval_pf,0.4642
8,eval_precision,0.1218
8,eval_recall,0.426
8,eval_time,0.0
9,eval_acc,0.4848
9,eval_auc,0.485
9,eval_brier,0.5152
9,eval_f1,0.1983
9,eval_loss,0.478
9,eval_mcc,-0.0203
9,eval_pf,0.5152
9,eval_precision,0.1246
9,eval_recall,0.4852
9,eval_time,0.0
9,___inline___,___inline___
10,eval_acc,0.4639
10,eval_auc,0.5031
10,eval_brier,0.5361
10,eval_f1,0.2141
10,eval_loss,0.4925
10,eval_mcc,0.0042
10,eval_pf,0.5501
10,eval_precision,0.1326
10,eval_recall,0.5562
10,eval_time,0.0
10,___inline___,___inline___
11,eval_acc,0.4172
11,eval_auc,0.4938
11,eval_brier,0.5828
11,eval_f1,0.2122
11,eval_loss,0.5459
11,eval_mcc,-0.0086
11,eval_pf,0.61
11,eval_precision,0.129
11,eval_recall,0.5976
11,eval_time,0.0
12,eval_acc,0.5431
12,eval_auc,0.501
12,eval_brier,0.4569
12,eval_f1,0.2033
12,eval_loss,0.4423
12,eval_mcc,0.0013
12,eval_pf,0.4419
12,eval_precision,0.1318
12,eval_recall,0.4438
12,eval_time,0.0
13,eval_acc,0.5556
13,eval_auc,0.4931
13,eval_brier,0.4444
13,eval_f1,0.1944
13,eval_loss,0.4249
13,eval_mcc,-0.0095
13,eval_pf,0.4222
13,eval_precision,0.1275
13,eval_recall,0.4083
13,eval_time,0.0
14,eval_acc,0.4887
14,eval_auc,0.5098
14,eval_brier,0.5113
14,eval_f1,0.2167
14,eval_loss,0.4709
14,eval_mcc,0.0133
14,eval_pf,0.5188
14,eval_precision,0.1356
14,eval_recall,0.5385
14,eval_time,0.0
14,___inline___,___inline___
15,eval_acc,0.4755
15,eval_auc,0.5073
15,eval_brier,0.5245
15,eval_f1,0.216
15,eval_loss,0.4914
15,eval_mcc,0.0098
15,eval_pf,0.5358
15,eval_precision,0.1344
15,eval_recall,0.5503
15,eval_time,0.0
16,eval_acc,0.5035
16,eval_auc,0.5083
16,eval_brier,0.4965
16,eval_f1,0.214
16,eval_loss,0.464
16,eval_mcc,0.0112
16,eval_pf,0.4982
16,eval_precision,0.1351
16,eval_recall,0.5148
16,eval_time,0.0
17,eval_acc,0.5012
17,eval_auc,0.5296
17,eval_brier,0.4988
17,eval_f1,0.2302
17,eval_loss,0.4589
17,eval_mcc,0.0399
17,eval_pf,0.5089
17,eval_precision,0.1444
17,eval_recall,0.568
17,eval_time,0.0
17,___inline___,___inline___
18,eval_acc,0.5214
18,eval_auc,0.5261
18,eval_brier,0.4786
18,eval_f1,0.2261
18,eval_loss,0.4375
18,eval_mcc,0.0353
18,eval_pf,0.4803
18,eval_precision,0.1435
18,eval_recall,0.5325
18,eval_time,0.0
19,eval_acc,0.4981
19,eval_auc,0.5328
19,eval_brier,0.5019
19,eval_f1,0.2328
19,eval_loss,0.4652
19,eval_mcc,0.0443
19,eval_pf,0.5143
19,eval_precision,0.1456
19,eval_recall,0.5799
19,eval_time,0.0
19,___inline___,___inline___
20,eval_acc,0.4887
20,eval_auc,0.5174
20,eval_brier,0.5113
20,eval_f1,0.2222
20,eval_loss,0.4714
20,eval_mcc,0.0235
20,eval_pf,0.5215
20,eval_precision,0.1388
20,eval_recall,0.5562
20,eval_time,0.0
21,eval_acc,0.5144
21,eval_auc,0.5045
21,eval_brier,0.4856
21,eval_f1,0.2099
21,eval_loss,0.4468
21,eval_mcc,0.0061
21,eval_pf,0.4821
21,eval_precision,0.1334
21,eval_recall,0.4911
21,eval_time,0.0
22,eval_acc,0.488
22,eval_auc,0.5395
22,eval_brier,0.512
22,eval_f1,0.2382
22,eval_loss,0.482
22,eval_mcc,0.0536
22,eval_pf,0.5304
22,eval_precision,0.148
22,eval_recall,0.6095
22,eval_time,0.0
22,___inline___,___inline___
23,eval_acc,0.5105
23,eval_auc,0.5274
23,eval_brier,0.4895
23,eval_f1,0.2279
23,eval_loss,0.4698
23,eval_mcc,0.037
23,eval_pf,0.4955
23,eval_precision,0.1437
23,eval_recall,0.5503
23,eval_time,0.0
24,eval_acc,0.5027
24,eval_auc,0.5229
24,eval_brier,0.4973
24,eval_f1,0.2252
24,eval_loss,0.4697
24,eval_mcc,0.031
24,eval_pf,0.5045
24,eval_precision,0.1416
24,eval_recall,0.5503
24,eval_time,0.0
25,eval_acc,0.5284
25,eval_auc,0.5477
25,eval_brier,0.4716
25,eval_f1,0.2422
25,eval_loss,0.4505
25,eval_mcc,0.0645
25,eval_pf,0.4785
25,eval_precision,0.1535
25,eval_recall,0.574
25,eval_time,0.0
25,___best___,___best___
26,eval_acc,0.5423
26,eval_auc,0.5307
26,eval_brier,0.4577
26,eval_f1,0.228
26,eval_loss,0.4327
26,eval_mcc,0.0415
26,eval_pf,0.4535
26,eval_precision,0.1465
26,eval_recall,0.5148
26,eval_time,0.0
27,eval_acc,0.5478
27,eval_auc,0.5187
27,eval_brier,0.4522
27,eval_f1,0.2177
27,eval_loss,0.4159
27,eval_mcc,0.0254
27,eval_pf,0.4419
27,eval_precision,0.1409
27,eval_recall,0.4793
27,eval_time,0.0
28,eval_acc,0.5019
28,eval_auc,0.535
28,eval_brier,0.4981
28,eval_f1,0.2342
28,eval_loss,0.4609
28,eval_mcc,0.0473
28,eval_pf,0.5098
28,eval_precision,0.1467
28,eval_recall,0.5799
28,eval_time,0.0
29,eval_acc,0.5043
29,eval_auc,0.5364
29,eval_brier,0.4957
29,eval_f1,0.235
29,eval_loss,0.4597
29,eval_mcc,0.0492
29,eval_pf,0.5072
29,eval_precision,0.1474
29,eval_recall,0.5799
29,eval_time,0.0
30,eval_acc,0.5307
30,eval_auc,0.539
30,eval_brier,0.4693
30,eval_f1,0.2354
30,eval_loss,0.4407
30,eval_mcc,0.0527
30,eval_pf,0.4723
30,eval_precision,0.1498
30,eval_recall,0.5503
30,eval_time,0.0
31,eval_acc,0.5276
31,eval_auc,0.5372
31,eval_brier,0.4724
31,eval_f1,0.2343
31,eval_loss,0.4383
31,eval_mcc,0.0503
31,eval_pf,0.4758
31,eval_precision,0.1488
31,eval_recall,0.5503
31,eval_time,0.0
32,eval_acc,0.5361
32,eval_auc,0.5346
32,eval_brier,0.4639
32,eval_f1,0.2317
32,eval_loss,0.4275
32,eval_mcc,0.0468
32,eval_pf,0.4633
32,eval_precision,0.148
32,eval_recall,0.5325
32,eval_time,0.0
33,eval_acc,0.5253
33,eval_auc,0.5334
33,eval_brier,0.4747
33,eval_f1,0.2314
33,eval_loss,0.4417
33,eval_mcc,0.0451
33,eval_pf,0.4776
33,eval_precision,0.147
33,eval_recall,0.5444
33,eval_time,0.0
34,eval_acc,0.5206
34,eval_auc,0.5332
34,eval_brier,0.4794
34,eval_f1,0.2316
34,eval_loss,0.4389
34,eval_mcc,0.0449
34,eval_pf,0.4839
34,eval_precision,0.1467
34,eval_recall,0.5503
34,eval_time,0.0
35,eval_acc,0.5392
35,eval_auc,0.5364
35,eval_brier,0.4608
35,eval_f1,0.2329
35,eval_loss,0.4268
35,eval_mcc,0.0493
35,eval_pf,0.4597
35,eval_precision,0.149
35,eval_recall,0.5325
35,eval_time,0.0
36,eval_acc,0.5385
36,eval_auc,0.536
36,eval_brier,0.4615
36,eval_f1,0.2326
36,eval_loss,0.4222
36,eval_mcc,0.0487
36,eval_pf,0.4606
36,eval_precision,0.1488
36,eval_recall,0.5325
36,eval_time,0.0
37,eval_acc,0.5097
37,eval_auc,0.5244
37,eval_brier,0.4903
37,eval_f1,0.2258
37,eval_loss,0.4592
37,eval_mcc,0.033
37,eval_pf,0.4955
37,eval_precision,0.1424
37,eval_recall,0.5444
37,eval_time,0.0
38,eval_acc,0.5322
38,eval_auc,0.5374
38,eval_brier,0.4678
38,eval_f1,0.2341
38,eval_loss,0.4437
38,eval_mcc,0.0506
38,eval_pf,0.4696
38,eval_precision,0.1491
38,eval_recall,0.5444
38,eval_time,0.0
39,eval_acc,0.5245
39,eval_auc,0.5379
39,eval_brier,0.4755
39,eval_f1,0.235
39,eval_loss,0.4385
39,eval_mcc,0.0513
39,eval_pf,0.4803
39,eval_precision,0.149
39,eval_recall,0.5562
39,eval_time,0.0
40,eval_acc,0.5377
40,eval_auc,0.5506
40,eval_brier,0.4623
40,eval_f1,0.244
40,eval_loss,0.4286
40,eval_mcc,0.0684
40,eval_pf,0.4669
40,eval_precision,0.1553
40,eval_recall,0.568
40,eval_time,0.0
40,___best___,___best___
41,eval_acc,0.5354
41,eval_auc,0.5417
41,eval_brier,0.4646
41,eval_f1,0.2372
41,eval_loss,0.4307
41,eval_mcc,0.0564
41,eval_pf,0.4669
41,eval_precision,0.1512
41,eval_recall,0.5503
41,eval_time,0.0
42,eval_acc,0.5346
42,eval_auc,0.5312
42,eval_brier,0.4654
42,eval_f1,0.2291
42,eval_loss,0.4261
42,eval_mcc,0.0422
42,eval_pf,0.4642
42,eval_precision,0.1464
42,eval_recall,0.5266
42,eval_time,0.0
43,eval_acc,0.5237
43,eval_auc,0.54
43,eval_brier,0.4763
43,eval_f1,0.2366
43,eval_loss,0.4435
43,eval_mcc,0.0541
43,eval_pf,0.4821
43,eval_precision,0.1498
43,eval_recall,0.5621
43,eval_time,0.0
44,eval_acc,0.5237
44,eval_auc,0.5425
44,eval_brier,0.4763
44,eval_f1,0.2385
44,eval_loss,0.4412
44,eval_mcc,0.0574
44,eval_pf,0.483
44,eval_precision,0.1509
44,eval_recall,0.568
44,eval_time,0.0
45,eval_acc,0.5486
45,eval_auc,0.5367
45,eval_brier,0.4514
45,eval_f1,0.2325
45,eval_loss,0.4238
45,eval_mcc,0.0498
45,eval_pf,0.4472
45,eval_precision,0.1497
45,eval_recall,0.5207
45,eval_time,0.0
46,eval_acc,0.582
46,eval_auc,0.5509
46,eval_brier,0.418
46,eval_f1,0.2423
46,eval_loss,0.4008
46,eval_mcc,0.0697
46,eval_pf,0.407
46,eval_precision,0.159
46,eval_recall,0.5089
46,eval_time,0.0
47,eval_acc,0.5291
47,eval_auc,0.5457
47,eval_brier,0.4709
47,eval_f1,0.2406
47,eval_loss,0.4416
47,eval_mcc,0.0617
47,eval_pf,0.4767
47,eval_precision,0.1526
47,eval_recall,0.568
47,eval_time,0.0
48,eval_acc,0.5486
48,eval_auc,0.5493
48,eval_brier,0.4514
48,eval_f1,0.2425
48,eval_loss,0.4256
48,eval_mcc,0.0668
48,eval_pf,0.4517
48,eval_precision,0.1555
48,eval_recall,0.5503
48,eval_time,0.0
49,eval_acc,0.5781
49,eval_auc,0.5462
49,eval_brier,0.4219
49,eval_f1,0.2384
49,eval_loss,0.3991
49,eval_mcc,0.0632
49,eval_pf,0.4106
49,eval_precision,0.1562
49,eval_recall,0.503
49,eval_time,0.0
50,eval_acc,0.5897
50,eval_auc,0.5554
50,eval_brier,0.4103
50,eval_f1,0.2457
50,eval_loss,0.3943
50,eval_mcc,0.076
50,eval_pf,0.398
50,eval_precision,0.162
50,eval_recall,0.5089
50,eval_time,0.0
50,___best___,___best___
51,eval_acc,0.5587
51,eval_auc,0.5451
51,eval_brier,0.4413
51,eval_f1,0.2386
51,eval_loss,0.4122
51,eval_mcc,0.0612
51,eval_pf,0.4365
51,eval_precision,0.1542
51,eval_recall,0.5266
51,eval_time,0.0
52,eval_acc,0.5299
52,eval_auc,0.531
52,eval_brier,0.4701
52,eval_f1,0.2293
52,eval_loss,0.4395
52,eval_mcc,0.042
52,eval_pf,0.4705
52,eval_precision,0.1461
52,eval_recall,0.5325
52,eval_time,0.0
53,eval_acc,0.568
53,eval_auc,0.5454
53,eval_brier,0.432
53,eval_f1,0.2384
53,eval_loss,0.409
53,eval_mcc,0.0619
53,eval_pf,0.424
53,eval_precision,0.1551
53,eval_recall,0.5148
53,eval_time,0.0
54,eval_acc,0.561
54,eval_auc,0.5364
54,eval_brier,0.439
54,eval_f1,0.2313
54,eval_loss,0.4047
54,eval_mcc,0.0495
54,eval_pf,0.4302
54,eval_precision,0.1502
54,eval_recall,0.503
54,eval_time,0.0
55,eval_acc,0.5602
55,eval_auc,0.5485
55,eval_brier,0.4398
55,eval_f1,0.2413
55,eval_loss,0.4152
55,eval_mcc,0.0658
55,eval_pf,0.4356
55,eval_precision,0.156
55,eval_recall,0.5325
55,eval_time,0.0
56,eval_acc,0.5758
56,eval_auc,0.5474
56,eval_brier,0.4242
56,eval_f1,0.2396
56,eval_loss,0.3961
56,eval_mcc,0.0647
56,eval_pf,0.4141
56,eval_precision,0.1566
56,eval_recall,0.5089
56,eval_time,0.0
57,eval_acc,0.5509
57,eval_auc,0.5481
57,eval_brier,0.4491
57,eval_f1,0.2415
57,eval_loss,0.4226
57,eval_mcc,0.0652
57,eval_pf,0.4481
57,eval_precision,0.1551
57,eval_recall,0.5444
57,eval_time,0.0
58,eval_acc,0.5579
58,eval_auc,0.5471
58,eval_brier,0.4421
58,eval_f1,0.2403
58,eval_loss,0.413
58,eval_mcc,0.064
58,eval_pf,0.4383
58,eval_precision,0.1552
58,eval_recall,0.5325
58,eval_time,0.0
59,eval_acc,0.547
59,eval_auc,0.5409
59,eval_brier,0.453
59,eval_f1,0.2359
59,eval_loss,0.4255
59,eval_mcc,0.0554
59,eval_pf,0.4508
59,eval_precision,0.1515
59,eval_recall,0.5325
59,eval_time,0.0
60,eval_acc,0.5711
60,eval_auc,0.5497
60,eval_brier,0.4289
60,eval_f1,0.2418
60,eval_loss,0.4013
60,eval_mcc,0.0677
60,eval_pf,0.4213
60,eval_precision,0.1574
60,eval_recall,0.5207
60,eval_time,0.0
61,eval_acc,0.5563
61,eval_auc,0.5412
61,eval_brier,0.4437
61,eval_f1,0.2356
61,eval_loss,0.4166
61,eval_mcc,0.056
61,eval_pf,0.4383
61,eval_precision,0.1522
61,eval_recall,0.5207
61,eval_time,0.0
62,eval_acc,0.5509
62,eval_auc,0.5481
62,eval_brier,0.4491
62,eval_f1,0.2415
62,eval_loss,0.4207
62,eval_mcc,0.0652
62,eval_pf,0.4481
62,eval_precision,0.1551
62,eval_recall,0.5444
62,eval_time,0.0
63,eval_acc,0.5657
63,eval_auc,0.539
63,eval_brier,0.4343
63,eval_f1,0.2332
63,eval_loss,0.4073
63,eval_mcc,0.0532
63,eval_pf,0.4249
63,eval_precision,0.1518
63,eval_recall,0.503
63,eval_time,0.0
64,eval_acc,0.5548
64,eval_auc,0.5428
64,eval_brier,0.4452
64,eval_f1,0.237
64,eval_loss,0.418
64,eval_mcc,0.0581
64,eval_pf,0.441
64,eval_precision,0.1529
64,eval_recall,0.5266
64,eval_time,0.0
65,eval_acc,0.568
65,eval_auc,0.5529
65,eval_brier,0.432
65,eval_f1,0.2446
65,eval_loss,0.4065
65,eval_mcc,0.072
65,eval_pf,0.4267
65,eval_precision,0.1587
65,eval_recall,0.5325
65,eval_time,0.0
66,eval_acc,0.5633
66,eval_auc,0.5478
66,eval_brier,0.4367
66,eval_f1,0.2405
66,eval_loss,0.4088
66,eval_mcc,0.0649
66,eval_pf,0.4311
66,eval_precision,0.1559
66,eval_recall,0.5266
66,eval_time,0.0
67,eval_acc,0.575
67,eval_auc,0.5519
67,eval_brier,0.425
67,eval_f1,0.2434
67,eval_loss,0.4017
67,eval_mcc,0.0709
67,eval_pf,0.4168
67,eval_precision,0.1588
67,eval_recall,0.5207
67,eval_time,0.0
68,eval_acc,0.5672
68,eval_auc,0.5475
68,eval_brier,0.4328
68,eval_f1,0.2401
68,eval_loss,0.4067
68,eval_mcc,0.0646
68,eval_pf,0.4258
68,eval_precision,0.156
68,eval_recall,0.5207
68,eval_time,0.0
69,eval_acc,0.5641
69,eval_auc,0.5507
69,eval_brier,0.4359
69,eval_f1,0.2429
69,eval_loss,0.4095
69,eval_mcc,0.0689
69,eval_pf,0.4311
69,eval_precision,0.1573
69,eval_recall,0.5325
69,eval_time,0.0
70,eval_acc,0.5711
70,eval_auc,0.5522
70,eval_brier,0.4289
70,eval_f1,0.2438
70,eval_loss,0.4038
70,eval_mcc,0.0711
70,eval_pf,0.4222
70,eval_precision,0.1586
70,eval_recall,0.5266
70,eval_time,0.0
71,eval_acc,0.5672
71,eval_auc,0.5475
71,eval_brier,0.4328
71,eval_f1,0.2401
71,eval_loss,0.4038
71,eval_mcc,0.0646
71,eval_pf,0.4258
71,eval_precision,0.156
71,eval_recall,0.5207
71,eval_time,0.0
72,eval_acc,0.5804
72,eval_auc,0.5526
72,eval_brier,0.4196
72,eval_f1,0.2437
72,eval_loss,0.399
72,eval_mcc,0.0719
72,eval_pf,0.4097
72,eval_precision,0.1596
72,eval_recall,0.5148
72,eval_time,0.0
73,eval_acc,0.5851
73,eval_auc,0.5527
73,eval_brier,0.4149
73,eval_f1,0.2436
73,eval_loss,0.3943
73,eval_mcc,0.0722
73,eval_pf,0.4034
73,eval_precision,0.1601
73,eval_recall,0.5089
73,eval_time,0.0
74,eval_acc,0.5835
74,eval_auc,0.5569
74,eval_brier,0.4165
74,eval_f1,0.2472
74,eval_loss,0.3958
74,eval_mcc,0.0778
74,eval_pf,0.407
74,eval_precision,0.1621
74,eval_recall,0.5207
74,eval_time,0.0
74,___best___,___best___
75,eval_acc,0.5828
75,eval_auc,0.5514
75,eval_brier,0.4172
75,eval_f1,0.2426
75,eval_loss,0.396
75,eval_mcc,0.0704
75,eval_pf,0.4061
75,eval_precision,0.1593
75,eval_recall,0.5089
75,eval_time,0.0
76,eval_acc,0.5711
76,eval_auc,0.5497
76,eval_brier,0.4289
76,eval_f1,0.2418
76,eval_loss,0.4063
76,eval_mcc,0.0677
76,eval_pf,0.4213
76,eval_precision,0.1574
76,eval_recall,0.5207
76,eval_time,0.0
77,eval_acc,0.5812
77,eval_auc,0.5555
77,eval_brier,0.4188
77,eval_f1,0.2462
77,eval_loss,0.398
77,eval_mcc,0.0759
77,eval_pf,0.4097
77,eval_precision,0.1612
77,eval_recall,0.5207
77,eval_time,0.0
78,eval_acc,0.5905
78,eval_auc,0.5584
78,eval_brier,0.4095
78,eval_f1,0.2482
78,eval_loss,0.39
78,eval_mcc,0.0801
78,eval_pf,0.398
78,eval_precision,0.1635
78,eval_recall,0.5148
78,eval_time,0.0
78,___best___,___best___
79,eval_acc,0.5672
79,eval_auc,0.5475
79,eval_brier,0.4328
79,eval_f1,0.2401
79,eval_loss,0.4068
79,eval_mcc,0.0646
79,eval_pf,0.4258
79,eval_precision,0.156
79,eval_recall,0.5207
79,eval_time,0.0
80,eval_acc,0.5796
80,eval_auc,0.5546
80,eval_brier,0.4204
80,eval_f1,0.2455
80,eval_loss,0.3977
80,eval_mcc,0.0746
80,eval_pf,0.4114
80,eval_precision,0.1606
80,eval_recall,0.5207
80,eval_time,0.0
81,eval_acc,0.5773
81,eval_auc,0.5508
81,eval_brier,0.4227
81,eval_f1,0.2423
81,eval_loss,0.4032
81,eval_mcc,0.0694
81,eval_pf,0.4132
81,eval_precision,0.1585
81,eval_recall,0.5148
81,eval_time,0.0
82,eval_acc,0.5812
82,eval_auc,0.553
82,eval_brier,0.4188
82,eval_f1,0.244
82,eval_loss,0.3971
82,eval_mcc,0.0725
82,eval_pf,0.4088
82,eval_precision,0.1599
82,eval_recall,0.5148
82,eval_time,0.0
83,eval_acc,0.5859
83,eval_auc,0.5557
83,eval_brier,0.4141
83,eval_f1,0.2461
83,eval_loss,0.3945
83,eval_mcc,0.0763
83,eval_pf,0.4034
83,eval_precision,0.1617
83,eval_recall,0.5148
83,eval_time,0.0
84,eval_acc,0.5758
84,eval_auc,0.5549
84,eval_brier,0.4242
84,eval_f1,0.2459
84,eval_loss,0.4033
84,eval_mcc,0.0749
84,eval_pf,0.4168
84,eval_precision,0.1604
84,eval_recall,0.5266
84,eval_time,0.0
85,eval_acc,0.5789
85,eval_auc,0.5517
85,eval_brier,0.4211
85,eval_f1,0.243
85,eval_loss,0.3988
85,eval_mcc,0.0706
85,eval_pf,0.4114
85,eval_precision,0.159
85,eval_recall,0.5148
85,eval_time,0.0
86,eval_acc,0.5843
86,eval_auc,0.5523
86,eval_brier,0.4157
86,eval_f1,0.2433
86,eval_loss,0.3937
86,eval_mcc,0.0716
86,eval_pf,0.4043
86,eval_precision,0.1599
86,eval_recall,0.5089
86,eval_time,0.0
87,eval_acc,0.5765
87,eval_auc,0.5554
87,eval_brier,0.4235
87,eval_f1,0.2462
87,eval_loss,0.4029
87,eval_mcc,0.0755
87,eval_pf,0.4159
87,eval_precision,0.1606
87,eval_recall,0.5266
87,eval_time,0.0
88,eval_acc,0.5773
88,eval_auc,0.5508
88,eval_brier,0.4227
88,eval_f1,0.2423
88,eval_loss,0.3974
88,eval_mcc,0.0694
88,eval_pf,0.4132
88,eval_precision,0.1585
88,eval_recall,0.5148
88,eval_time,0.0
89,eval_acc,0.5781
89,eval_auc,0.5562
89,eval_brier,0.4219
89,eval_f1,0.2469
89,eval_loss,0.4021
89,eval_mcc,0.0768
89,eval_pf,0.4141
89,eval_precision,0.1612
89,eval_recall,0.5266
89,eval_time,0.0
90,eval_acc,0.5835
90,eval_auc,0.5518
90,eval_brier,0.4165
90,eval_f1,0.2429
90,eval_loss,0.3971
90,eval_mcc,0.071
90,eval_pf,0.4052
90,eval_precision,0.1596
90,eval_recall,0.5089
90,eval_time,0.0
91,eval_acc,0.5866
91,eval_auc,0.5536
91,eval_brier,0.4134
91,eval_f1,0.2443
91,eval_loss,0.3963
91,eval_mcc,0.0735
91,eval_pf,0.4016
91,eval_precision,0.1607
91,eval_recall,0.5089
91,eval_time,0.0
92,eval_acc,0.5835
92,eval_auc,0.5518
92,eval_brier,0.4165
92,eval_f1,0.2429
92,eval_loss,0.3982
92,eval_mcc,0.071
92,eval_pf,0.4052
92,eval_precision,0.1596
92,eval_recall,0.5089
92,eval_time,0.0
93,eval_acc,0.5859
93,eval_auc,0.5532
93,eval_brier,0.4141
93,eval_f1,0.244
93,eval_loss,0.3962
93,eval_mcc,0.0729
93,eval_pf,0.4025
93,eval_precision,0.1604
93,eval_recall,0.5089
93,eval_time,0.0
94,eval_acc,0.5874
94,eval_auc,0.5541
94,eval_brier,0.4126
94,eval_f1,0.2447
94,eval_loss,0.3941
94,eval_mcc,0.0741
94,eval_pf,0.4007
94,eval_precision,0.161
94,eval_recall,0.5089
94,eval_time,0.0
95,eval_acc,0.5866
95,eval_auc,0.5536
95,eval_brier,0.4134
95,eval_f1,0.2443
95,eval_loss,0.3947
95,eval_mcc,0.0735
95,eval_pf,0.4016
95,eval_precision,0.1607
95,eval_recall,0.5089
95,eval_time,0.0
96,eval_acc,0.5866
96,eval_auc,0.5536
96,eval_brier,0.4134
96,eval_f1,0.2443
96,eval_loss,0.3947
96,eval_mcc,0.0735
96,eval_pf,0.4016
96,eval_precision,0.1607
96,eval_recall,0.5089
96,eval_time,0.0
97,eval_acc,0.5866
97,eval_auc,0.5536
97,eval_brier,0.4134
97,eval_f1,0.2443
97,eval_loss,0.3943
97,eval_mcc,0.0735
97,eval_pf,0.4016
97,eval_precision,0.1607
97,eval_recall,0.5089
97,eval_time,0.0
98,eval_acc,0.5859
98,eval_auc,0.5532
98,eval_brier,0.4141
98,eval_f1,0.244
98,eval_loss,0.3948
98,eval_mcc,0.0729
98,eval_pf,0.4025
98,eval_precision,0.1604
98,eval_recall,0.5089
98,eval_time,0.0
99,eval_acc,0.5866
99,eval_auc,0.5536
99,eval_brier,0.4134
99,eval_f1,0.2443
99,eval_loss,0.3946
99,eval_mcc,0.0735
99,eval_pf,0.4016
99,eval_precision,0.1607
99,eval_recall,0.5089
99,eval_time,0.0
