Epoch,Metrics,Score
0,eval_acc,0.5812
0,eval_auc,0.5003
0,eval_brier,0.4188
0,eval_f1,0.1967
0,eval_loss,0.4524
0,eval_mcc,0.0004
0,eval_pf,0.39
0,eval_precision,0.1315
0,eval_recall,0.3905
0,eval_time,0.0
0,___inline___,___inline___
1,eval_acc,0.5214
1,eval_auc,0.506
1,eval_brier,0.4786
1,eval_f1,0.2103
1,eval_loss,0.4747
1,eval_mcc,0.0081
1,eval_pf,0.4732
1,eval_precision,0.1342
1,eval_recall,0.4852
1,eval_time,0.0
1,___inline___,___inline___
2,eval_acc,0.4242
2,eval_auc,0.5154
2,eval_brier,0.5758
2,eval_f1,0.2257
2,eval_loss,0.5091
2,eval_mcc,0.0214
2,eval_pf,0.6082
2,eval_precision,0.1371
2,eval_recall,0.6391
2,eval_time,0.0
2,___inline___,___inline___
3,eval_acc,0.5175
3,eval_auc,0.5013
3,eval_brier,0.4825
3,eval_f1,0.2069
3,eval_loss,0.4768
3,eval_mcc,0.0017
3,eval_pf,0.4767
3,eval_precision,0.1319
3,eval_recall,0.4793
3,eval_time,0.0
4,eval_acc,0.289
4,eval_auc,0.5104
4,eval_brier,0.711
4,eval_f1,0.2304
4,eval_loss,0.5764
4,eval_mcc,0.0174
4,eval_pf,0.7898
4,eval_precision,0.1343
4,eval_recall,0.8107
4,eval_time,0.0
4,___inline___,___inline___
5,eval_acc,0.3092
5,eval_auc,0.5045
5,eval_brier,0.6908
5,eval_f1,0.2263
5,eval_loss,0.5647
5,eval_mcc,0.0071
5,eval_pf,0.7603
5,eval_precision,0.1327
5,eval_recall,0.7692
5,eval_time,0.0
6,eval_acc,0.2106
6,eval_auc,0.5205
6,eval_brier,0.7894
6,eval_f1,0.2384
6,eval_loss,0.652
6,eval_mcc,0.0473
6,eval_pf,0.8998
6,eval_precision,0.1365
6,eval_recall,0.9408
6,eval_time,0.0
6,___best___,___best___
7,eval_acc,0.1849
7,eval_auc,0.5108
7,eval_brier,0.8151
7,eval_f1,0.2349
7,eval_loss,0.6876
7,eval_mcc,0.0293
7,eval_pf,0.9311
7,eval_precision,0.1339
7,eval_recall,0.9527
7,eval_time,0.0
8,eval_acc,0.1865
8,eval_auc,0.5041
8,eval_brier,0.8135
8,eval_f1,0.2318
8,eval_loss,0.6742
8,eval_mcc,0.0108
8,eval_pf,0.9267
8,eval_precision,0.1323
8,eval_recall,0.9349
8,eval_time,0.0
9,eval_acc,0.1865
9,eval_auc,0.5041
9,eval_brier,0.8135
9,eval_f1,0.2318
9,eval_loss,0.6791
9,eval_mcc,0.0108
9,eval_pf,0.9267
9,eval_precision,0.1323
9,eval_recall,0.9349
9,eval_time,0.0
10,eval_acc,0.1779
10,eval_auc,0.5042
10,eval_brier,0.8221
10,eval_f1,0.2322
10,eval_loss,0.7113
10,eval_mcc,0.012
10,eval_pf,0.9383
10,eval_precision,0.1323
10,eval_recall,0.9467
10,eval_time,0.0
11,eval_acc,0.244
11,eval_auc,0.5021
11,eval_brier,0.756
11,eval_f1,0.2284
11,eval_loss,0.6531
11,eval_mcc,0.0039
11,eval_pf,0.8479
11,eval_precision,0.1319
11,eval_recall,0.8521
11,eval_time,0.0
12,eval_acc,0.1849
12,eval_auc,0.5083
12,eval_brier,0.8151
12,eval_f1,0.2337
12,eval_loss,0.7078
12,eval_mcc,0.0222
12,eval_pf,0.9302
12,eval_precision,0.1333
12,eval_recall,0.9467
12,eval_time,0.0
13,eval_acc,0.2331
13,eval_auc,0.5058
13,eval_brier,0.7669
13,eval_f1,0.2307
13,eval_loss,0.6761
13,eval_mcc,0.0116
13,eval_pf,0.864
13,eval_precision,0.1329
13,eval_recall,0.8757
13,eval_time,0.0
14,eval_acc,0.2393
14,eval_auc,0.5019
14,eval_brier,0.7607
14,eval_f1,0.2285
14,eval_loss,0.6752
14,eval_mcc,0.0036
14,eval_pf,0.8542
14,eval_precision,0.1318
14,eval_recall,0.858
14,eval_time,0.0
15,eval_acc,0.3225
15,eval_auc,0.487
15,eval_brier,0.6775
15,eval_f1,0.2158
15,eval_loss,0.6076
15,eval_mcc,-0.0199
15,eval_pf,0.7361
15,eval_precision,0.1273
15,eval_recall,0.7101
15,eval_time,0.0
16,eval_acc,0.2075
16,eval_auc,0.5036
16,eval_brier,0.7925
16,eval_f1,0.2308
16,eval_loss,0.681
16,eval_mcc,0.0082
16,eval_pf,0.898
16,eval_precision,0.1322
16,eval_recall,0.9053
16,eval_time,0.0
17,eval_acc,0.3108
17,eval_auc,0.4928
17,eval_brier,0.6892
17,eval_f1,0.2199
17,eval_loss,0.6185
17,eval_mcc,-0.0112
17,eval_pf,0.754
17,eval_precision,0.1291
17,eval_recall,0.7396
17,eval_time,0.0
18,eval_acc,0.2401
18,eval_auc,0.5023
18,eval_brier,0.7599
18,eval_f1,0.2287
18,eval_loss,0.6745
18,eval_mcc,0.0045
18,eval_pf,0.8533
18,eval_precision,0.1319
18,eval_recall,0.858
18,eval_time,0.0
19,eval_acc,0.3162
19,eval_auc,0.506
19,eval_brier,0.6838
19,eval_f1,0.2267
19,eval_loss,0.6151
19,eval_mcc,0.0094
19,eval_pf,0.7513
19,eval_precision,0.1331
19,eval_recall,0.7633
19,eval_time,0.0
20,eval_acc,0.2642
20,eval_auc,0.5036
20,eval_brier,0.7358
20,eval_f1,0.2282
20,eval_loss,0.6406
20,eval_mcc,0.0064
20,eval_pf,0.8211
20,eval_precision,0.1323
20,eval_recall,0.8284
20,eval_time,0.0
21,eval_acc,0.331
21,eval_auc,0.4994
21,eval_brier,0.669
21,eval_f1,0.2222
21,eval_loss,0.6022
21,eval_mcc,-0.0009
21,eval_pf,0.729
21,eval_precision,0.1311
21,eval_recall,0.7278
21,eval_time,0.0
22,eval_acc,0.3201
22,eval_auc,0.5007
22,eval_brier,0.6799
22,eval_f1,0.2236
22,eval_loss,0.6098
22,eval_mcc,0.0011
22,eval_pf,0.7442
22,eval_precision,0.1315
22,eval_recall,0.7456
22,eval_time,0.0
23,eval_acc,0.4623
23,eval_auc,0.467
23,eval_brier,0.5377
23,eval_f1,0.1878
23,eval_loss,0.504
23,eval_mcc,-0.0447
23,eval_pf,0.5394
23,eval_precision,0.1171
23,eval_recall,0.4734
23,eval_time,0.0
24,eval_acc,0.3434
24,eval_auc,0.489
24,eval_brier,0.6566
24,eval_f1,0.2154
24,eval_loss,0.5956
24,eval_mcc,-0.0163
24,eval_pf,0.7084
24,eval_precision,0.1278
24,eval_recall,0.6864
24,eval_time,0.0
25,eval_acc,0.3411
25,eval_auc,0.4952
25,eval_brier,0.6589
25,eval_f1,0.2192
25,eval_loss,0.5955
25,eval_mcc,-0.0072
25,eval_pf,0.7138
25,eval_precision,0.1298
25,eval_recall,0.7041
25,eval_time,0.0
26,eval_acc,0.2883
26,eval_auc,0.4899
26,eval_brier,0.7117
26,eval_f1,0.2198
26,eval_loss,0.6275
26,eval_mcc,-0.0165
26,eval_pf,0.7835
26,eval_precision,0.1284
26,eval_recall,0.7633
26,eval_time,0.0
27,eval_acc,0.3077
27,eval_auc,0.4935
27,eval_brier,0.6923
27,eval_f1,0.2205
27,eval_loss,0.6228
27,eval_mcc,-0.0102
27,eval_pf,0.7585
27,eval_precision,0.1294
27,eval_recall,0.7456
27,eval_time,0.0
28,eval_acc,0.4553
28,eval_auc,0.4755
28,eval_brier,0.5447
28,eval_f1,0.1952
28,eval_loss,0.5179
28,eval_mcc,-0.0332
28,eval_pf,0.5519
28,eval_precision,0.1211
28,eval_recall,0.503
28,eval_time,0.0
29,eval_acc,0.3077
29,eval_auc,0.5036
29,eval_brier,0.6923
29,eval_f1,0.2259
29,eval_loss,0.6243
29,eval_mcc,0.0057
29,eval_pf,0.7621
29,eval_precision,0.1324
29,eval_recall,0.7692
29,eval_time,0.0
30,eval_acc,0.4289
30,eval_auc,0.4704
30,eval_brier,0.5711
30,eval_f1,0.195
30,eval_loss,0.5286
30,eval_mcc,-0.0405
30,eval_pf,0.5859
30,eval_precision,0.1196
30,eval_recall,0.5266
30,eval_time,0.0
31,eval_acc,0.3287
31,eval_auc,0.4855
31,eval_brier,0.6713
31,eval_f1,0.2145
31,eval_loss,0.6219
31,eval_mcc,-0.0219
31,eval_pf,0.7272
31,eval_precision,0.1267
31,eval_recall,0.6982
31,eval_time,0.0
32,eval_acc,0.3807
32,eval_auc,0.4753
32,eval_brier,0.6193
32,eval_f1,0.2038
32,eval_loss,0.5669
32,eval_mcc,-0.0349
32,eval_pf,0.653
32,eval_precision,0.1226
32,eval_recall,0.6036
32,eval_time,0.0
33,eval_acc,0.3458
33,eval_auc,0.4928
33,eval_brier,0.6542
33,eval_f1,0.2175
33,eval_loss,0.5811
33,eval_mcc,-0.0106
33,eval_pf,0.7066
33,eval_precision,0.129
33,eval_recall,0.6923
33,eval_time,0.0
34,eval_acc,0.3232
34,eval_auc,0.4899
34,eval_brier,0.6768
34,eval_f1,0.2174
34,eval_loss,0.6118
34,eval_mcc,-0.0154
34,eval_pf,0.7361
34,eval_precision,0.1282
34,eval_recall,0.716
34,eval_time,0.0
35,eval_acc,0.3085
35,eval_auc,0.5015
35,eval_brier,0.6915
35,eval_f1,0.2247
35,eval_loss,0.622
35,eval_mcc,0.0024
35,eval_pf,0.7603
35,eval_precision,0.1318
35,eval_recall,0.7633
35,eval_time,0.0
36,eval_acc,0.3846
36,eval_auc,0.4775
36,eval_brier,0.6154
36,eval_f1,0.2048
36,eval_loss,0.5569
36,eval_mcc,-0.0317
36,eval_pf,0.6485
36,eval_precision,0.1233
36,eval_recall,0.6036
36,eval_time,0.0
37,eval_acc,0.3699
37,eval_auc,0.4866
37,eval_brier,0.6301
37,eval_f1,0.2119
37,eval_loss,0.5704
37,eval_mcc,-0.0192
37,eval_pf,0.6717
37,eval_precision,0.1267
37,eval_recall,0.645
37,eval_time,0.0
38,eval_acc,0.324
38,eval_auc,0.4979
38,eval_brier,0.676
38,eval_f1,0.2218
38,eval_loss,0.6075
38,eval_mcc,-0.0032
38,eval_pf,0.7379
38,eval_precision,0.1307
38,eval_recall,0.7337
38,eval_time,0.0
39,eval_acc,0.3621
39,eval_auc,0.4796
39,eval_brier,0.6379
39,eval_f1,0.2083
39,eval_loss,0.5827
39,eval_mcc,-0.0294
39,eval_pf,0.6798
39,eval_precision,0.1244
39,eval_recall,0.6391
39,eval_time,0.0
40,eval_acc,0.3349
40,eval_auc,0.4891
40,eval_brier,0.6651
40,eval_f1,0.2161
40,eval_loss,0.6048
40,eval_mcc,-0.0164
40,eval_pf,0.72
40,eval_precision,0.1278
40,eval_recall,0.6982
40,eval_time,0.0
41,eval_acc,0.2867
41,eval_auc,0.499
41,eval_brier,0.7133
41,eval_f1,0.2247
41,eval_loss,0.6469
41,eval_mcc,-0.0016
41,eval_pf,0.7889
41,eval_precision,0.131
41,eval_recall,0.787
41,eval_time,0.0
42,eval_acc,0.3155
42,eval_auc,0.4955
42,eval_brier,0.6845
42,eval_f1,0.221
42,eval_loss,0.6231
42,eval_mcc,-0.007
42,eval_pf,0.7487
42,eval_precision,0.1299
42,eval_recall,0.7396
42,eval_time,0.0
43,eval_acc,0.4336
43,eval_auc,0.4731
43,eval_brier,0.5664
43,eval_f1,0.1963
43,eval_loss,0.5226
43,eval_mcc,-0.0368
43,eval_pf,0.5805
43,eval_precision,0.1206
43,eval_recall,0.5266
43,eval_time,0.0
44,eval_acc,0.3815
44,eval_auc,0.4883
44,eval_brier,0.6185
44,eval_f1,0.2119
44,eval_loss,0.5703
44,eval_mcc,-0.0166
44,eval_pf,0.6565
44,eval_precision,0.1272
44,eval_recall,0.6331
44,eval_time,0.0
45,eval_acc,0.359
45,eval_auc,0.4904
45,eval_brier,0.641
45,eval_f1,0.215
45,eval_loss,0.5829
45,eval_mcc,-0.014
45,eval_pf,0.6878
45,eval_precision,0.1281
45,eval_recall,0.6686
45,eval_time,0.0
46,eval_acc,0.3038
46,eval_auc,0.4988
46,eval_brier,0.6962
46,eval_f1,0.2236
46,eval_loss,0.6315
46,eval_mcc,-0.0019
46,eval_pf,0.7657
46,eval_precision,0.131
46,eval_recall,0.7633
46,eval_time,0.0
47,eval_acc,0.345
47,eval_auc,0.4949
47,eval_brier,0.655
47,eval_f1,0.2187
47,eval_loss,0.6006
47,eval_mcc,-0.0076
47,eval_pf,0.7084
47,eval_precision,0.1297
47,eval_recall,0.6982
47,eval_time,0.0
48,eval_acc,0.3085
48,eval_auc,0.4915
48,eval_brier,0.6915
48,eval_f1,0.2193
48,eval_loss,0.6263
48,eval_mcc,-0.0134
48,eval_pf,0.7567
48,eval_precision,0.1287
48,eval_recall,0.7396
48,eval_time,0.0
49,eval_acc,0.3434
49,eval_auc,0.494
49,eval_brier,0.6566
49,eval_f1,0.2183
49,eval_loss,0.6028
49,eval_mcc,-0.0089
49,eval_pf,0.7102
49,eval_precision,0.1294
49,eval_recall,0.6982
49,eval_time,0.0
50,eval_acc,0.345
50,eval_auc,0.4974
50,eval_brier,0.655
50,eval_f1,0.2202
50,eval_loss,0.6038
50,eval_mcc,-0.0038
50,eval_pf,0.7093
50,eval_precision,0.1305
50,eval_recall,0.7041
50,eval_time,0.0
51,eval_acc,0.3287
51,eval_auc,0.4905
51,eval_brier,0.6713
51,eval_f1,0.2174
51,eval_loss,0.6097
51,eval_mcc,-0.0143
51,eval_pf,0.729
51,eval_precision,0.1283
51,eval_recall,0.7101
51,eval_time,0.0
52,eval_acc,0.3015
52,eval_auc,0.5075
52,eval_brier,0.6985
52,eval_f1,0.2283
52,eval_loss,0.6341
52,eval_mcc,0.0122
52,eval_pf,0.7719
52,eval_precision,0.1335
52,eval_recall,0.787
52,eval_time,0.0
53,eval_acc,0.303
53,eval_auc,0.5059
53,eval_brier,0.697
53,eval_f1,0.2274
53,eval_loss,0.636
53,eval_mcc,0.0095
53,eval_pf,0.7692
53,eval_precision,0.1331
53,eval_recall,0.7811
53,eval_time,0.0
54,eval_acc,0.3465
54,eval_auc,0.4983
54,eval_brier,0.6535
54,eval_f1,0.2206
54,eval_loss,0.6008
54,eval_mcc,-0.0025
54,eval_pf,0.7075
54,eval_precision,0.1308
54,eval_recall,0.7041
54,eval_time,0.0
55,eval_acc,0.3458
55,eval_auc,0.4954
55,eval_brier,0.6542
55,eval_f1,0.2189
55,eval_loss,0.6026
55,eval_mcc,-0.0069
55,eval_pf,0.7075
55,eval_precision,0.1298
55,eval_recall,0.6982
55,eval_time,0.0
56,eval_acc,0.3364
56,eval_auc,0.4925
56,eval_brier,0.6636
56,eval_f1,0.2179
56,eval_loss,0.6104
56,eval_mcc,-0.0112
56,eval_pf,0.7191
56,eval_precision,0.1289
56,eval_recall,0.7041
56,eval_time,0.0
57,eval_acc,0.324
57,eval_auc,0.4904
57,eval_brier,0.676
57,eval_f1,0.2176
57,eval_loss,0.6125
57,eval_mcc,-0.0147
57,eval_pf,0.7352
57,eval_precision,0.1283
57,eval_recall,0.716
57,eval_time,0.0
58,eval_acc,0.3434
58,eval_auc,0.4915
58,eval_brier,0.6566
58,eval_f1,0.2169
58,eval_loss,0.6022
58,eval_mcc,-0.0126
58,eval_pf,0.7093
58,eval_precision,0.1286
58,eval_recall,0.6923
58,eval_time,0.0
59,eval_acc,0.3551
59,eval_auc,0.4982
59,eval_brier,0.6449
59,eval_f1,0.2199
59,eval_loss,0.5929
59,eval_mcc,-0.0026
59,eval_pf,0.6959
59,eval_precision,0.1307
59,eval_recall,0.6923
59,eval_time,0.0
60,eval_acc,0.3147
60,eval_auc,0.495
60,eval_brier,0.6853
60,eval_f1,0.2208
60,eval_loss,0.622
60,eval_mcc,-0.0077
60,eval_pf,0.7496
60,eval_precision,0.1298
60,eval_recall,0.7396
60,eval_time,0.0
61,eval_acc,0.3419
61,eval_auc,0.4981
61,eval_brier,0.6581
61,eval_f1,0.2208
61,eval_loss,0.5994
61,eval_mcc,-0.0028
61,eval_pf,0.7138
61,eval_precision,0.1307
61,eval_recall,0.7101
61,eval_time,0.0
62,eval_acc,0.3364
62,eval_auc,0.5
62,eval_brier,0.6636
62,eval_f1,0.2222
62,eval_loss,0.6077
62,eval_mcc,0.0001
62,eval_pf,0.7218
62,eval_precision,0.1313
62,eval_recall,0.7219
62,eval_time,0.0
63,eval_acc,0.3178
63,eval_auc,0.4918
63,eval_brier,0.6822
63,eval_f1,0.2189
63,eval_loss,0.6199
63,eval_mcc,-0.0126
63,eval_pf,0.7442
63,eval_precision,0.1288
63,eval_recall,0.7278
63,eval_time,0.0
64,eval_acc,0.3193
64,eval_auc,0.4952
64,eval_brier,0.6807
64,eval_f1,0.2206
64,eval_loss,0.6218
64,eval_mcc,-0.0074
64,eval_pf,0.7433
64,eval_precision,0.1298
64,eval_recall,0.7337
64,eval_time,0.0
65,eval_acc,0.31
65,eval_auc,0.4899
65,eval_brier,0.69
65,eval_f1,0.2183
65,eval_loss,0.6271
65,eval_mcc,-0.0159
65,eval_pf,0.754
65,eval_precision,0.1282
65,eval_recall,0.7337
65,eval_time,0.0
66,eval_acc,0.3427
66,eval_auc,0.5011
66,eval_brier,0.6573
66,eval_f1,0.2224
66,eval_loss,0.6011
66,eval_mcc,0.0016
66,eval_pf,0.7138
66,eval_precision,0.1317
66,eval_recall,0.716
66,eval_time,0.0
67,eval_acc,0.3364
67,eval_auc,0.4975
67,eval_brier,0.6636
67,eval_f1,0.2208
67,eval_loss,0.607
67,eval_mcc,-0.0037
67,eval_pf,0.7209
67,eval_precision,0.1305
67,eval_recall,0.716
67,eval_time,0.0
68,eval_acc,0.3279
68,eval_auc,0.4951
68,eval_brier,0.6721
68,eval_f1,0.22
68,eval_loss,0.6107
68,eval_mcc,-0.0074
68,eval_pf,0.7317
68,eval_precision,0.1298
68,eval_recall,0.7219
68,eval_time,0.0
69,eval_acc,0.3232
69,eval_auc,0.4975
69,eval_brier,0.6768
69,eval_f1,0.2216
69,eval_loss,0.6153
69,eval_mcc,-0.0039
69,eval_pf,0.7388
69,eval_precision,0.1305
69,eval_recall,0.7337
69,eval_time,0.0
70,eval_acc,0.3287
70,eval_auc,0.4931
70,eval_brier,0.6713
70,eval_f1,0.2188
70,eval_loss,0.6126
70,eval_mcc,-0.0105
70,eval_pf,0.7299
70,eval_precision,0.1291
70,eval_recall,0.716
70,eval_time,0.0
71,eval_acc,0.338
71,eval_auc,0.4984
71,eval_brier,0.662
71,eval_f1,0.2212
71,eval_loss,0.6057
71,eval_mcc,-0.0024
71,eval_pf,0.7191
71,eval_precision,0.1308
71,eval_recall,0.716
71,eval_time,0.0
72,eval_acc,0.338
72,eval_auc,0.4959
72,eval_brier,0.662
72,eval_f1,0.2198
72,eval_loss,0.6049
72,eval_mcc,-0.0061
72,eval_pf,0.7182
72,eval_precision,0.13
72,eval_recall,0.7101
72,eval_time,0.0
73,eval_acc,0.3395
73,eval_auc,0.4993
73,eval_brier,0.6605
73,eval_f1,0.2216
73,eval_loss,0.6072
73,eval_mcc,-0.001
73,eval_pf,0.7174
73,eval_precision,0.1311
73,eval_recall,0.716
73,eval_time,0.0
74,eval_acc,0.3372
74,eval_auc,0.498
74,eval_brier,0.6628
74,eval_f1,0.221
74,eval_loss,0.6088
74,eval_mcc,-0.0031
74,eval_pf,0.72
74,eval_precision,0.1307
74,eval_recall,0.716
74,eval_time,0.0
75,eval_acc,0.3147
75,eval_auc,0.4875
75,eval_brier,0.6853
75,eval_f1,0.2167
75,eval_loss,0.6197
75,eval_mcc,-0.0193
75,eval_pf,0.7469
75,eval_precision,0.1275
75,eval_recall,0.7219
75,eval_time,0.0
76,eval_acc,0.3186
76,eval_auc,0.4897
76,eval_brier,0.6814
76,eval_f1,0.2177
76,eval_loss,0.6176
76,eval_mcc,-0.0158
76,eval_pf,0.7424
76,eval_precision,0.1282
76,eval_recall,0.7219
76,eval_time,0.0
77,eval_acc,0.3201
77,eval_auc,0.4906
77,eval_brier,0.6799
77,eval_f1,0.2181
77,eval_loss,0.6168
77,eval_mcc,-0.0144
77,eval_pf,0.7406
77,eval_precision,0.1284
77,eval_recall,0.7219
77,eval_time,0.0
78,eval_acc,0.3395
78,eval_auc,0.4968
78,eval_brier,0.6605
78,eval_f1,0.2202
78,eval_loss,0.6013
78,eval_mcc,-0.0048
78,eval_pf,0.7165
78,eval_precision,0.1303
78,eval_recall,0.7101
78,eval_time,0.0
79,eval_acc,0.3248
79,eval_auc,0.4908
79,eval_brier,0.6752
79,eval_f1,0.2178
79,eval_loss,0.611
79,eval_mcc,-0.014
79,eval_pf,0.7343
79,eval_precision,0.1285
79,eval_recall,0.716
79,eval_time,0.0
80,eval_acc,0.3388
80,eval_auc,0.4989
80,eval_brier,0.6612
80,eval_f1,0.2214
80,eval_loss,0.6024
80,eval_mcc,-0.0017
80,eval_pf,0.7182
80,eval_precision,0.131
80,eval_recall,0.716
80,eval_time,0.0
81,eval_acc,0.3481
81,eval_auc,0.4942
81,eval_brier,0.6519
81,eval_f1,0.2181
81,eval_loss,0.5954
81,eval_mcc,-0.0086
81,eval_pf,0.7039
81,eval_precision,0.1294
81,eval_recall,0.6923
81,eval_time,0.0
82,eval_acc,0.3419
82,eval_auc,0.5007
82,eval_brier,0.6581
82,eval_f1,0.2222
82,eval_loss,0.6046
82,eval_mcc,0.001
82,eval_pf,0.7147
82,eval_precision,0.1315
82,eval_recall,0.716
82,eval_time,0.0
83,eval_acc,0.3333
83,eval_auc,0.4957
83,eval_brier,0.6667
83,eval_f1,0.22
83,eval_loss,0.6098
83,eval_mcc,-0.0064
83,eval_pf,0.7245
83,eval_precision,0.13
83,eval_recall,0.716
83,eval_time,0.0
84,eval_acc,0.3256
84,eval_auc,0.4913
84,eval_brier,0.6744
84,eval_f1,0.218
84,eval_loss,0.6127
84,eval_mcc,-0.0133
84,eval_pf,0.7335
84,eval_precision,0.1286
84,eval_recall,0.716
84,eval_time,0.0
85,eval_acc,0.3271
85,eval_auc,0.4922
85,eval_brier,0.6729
85,eval_f1,0.2184
85,eval_loss,0.6122
85,eval_mcc,-0.0119
85,eval_pf,0.7317
85,eval_precision,0.1289
85,eval_recall,0.716
85,eval_time,0.0
86,eval_acc,0.3232
86,eval_auc,0.4899
86,eval_brier,0.6768
86,eval_f1,0.2174
86,eval_loss,0.614
86,eval_mcc,-0.0154
86,eval_pf,0.7361
86,eval_precision,0.1282
86,eval_recall,0.716
86,eval_time,0.0
87,eval_acc,0.3248
87,eval_auc,0.4908
87,eval_brier,0.6752
87,eval_f1,0.2178
87,eval_loss,0.6124
87,eval_mcc,-0.014
87,eval_pf,0.7343
87,eval_precision,0.1285
87,eval_recall,0.716
87,eval_time,0.0
88,eval_acc,0.3263
88,eval_auc,0.4917
88,eval_brier,0.6737
88,eval_f1,0.2182
88,eval_loss,0.6119
88,eval_mcc,-0.0126
88,eval_pf,0.7326
88,eval_precision,0.1287
88,eval_recall,0.716
88,eval_time,0.0
89,eval_acc,0.3271
89,eval_auc,0.4922
89,eval_brier,0.6729
89,eval_f1,0.2184
89,eval_loss,0.6112
89,eval_mcc,-0.0119
89,eval_pf,0.7317
89,eval_precision,0.1289
89,eval_recall,0.716
89,eval_time,0.0
90,eval_acc,0.3225
90,eval_auc,0.4895
90,eval_brier,0.6775
90,eval_f1,0.2172
90,eval_loss,0.6132
90,eval_mcc,-0.0161
90,eval_pf,0.737
90,eval_precision,0.128
90,eval_recall,0.716
90,eval_time,0.0
91,eval_acc,0.3225
91,eval_auc,0.4895
91,eval_brier,0.6775
91,eval_f1,0.2172
91,eval_loss,0.6135
91,eval_mcc,-0.0161
91,eval_pf,0.737
91,eval_precision,0.128
91,eval_recall,0.716
91,eval_time,0.0
92,eval_acc,0.324
92,eval_auc,0.4904
92,eval_brier,0.676
92,eval_f1,0.2176
92,eval_loss,0.6117
92,eval_mcc,-0.0147
92,eval_pf,0.7352
92,eval_precision,0.1283
92,eval_recall,0.716
92,eval_time,0.0
93,eval_acc,0.3294
93,eval_auc,0.4935
93,eval_brier,0.6706
93,eval_f1,0.219
93,eval_loss,0.6101
93,eval_mcc,-0.0099
93,eval_pf,0.729
93,eval_precision,0.1293
93,eval_recall,0.716
93,eval_time,0.0
94,eval_acc,0.3279
94,eval_auc,0.4926
94,eval_brier,0.6721
94,eval_f1,0.2186
94,eval_loss,0.6098
94,eval_mcc,-0.0112
94,eval_pf,0.7308
94,eval_precision,0.129
94,eval_recall,0.716
94,eval_time,0.0
95,eval_acc,0.3271
95,eval_auc,0.4922
95,eval_brier,0.6729
95,eval_f1,0.2184
95,eval_loss,0.6105
95,eval_mcc,-0.0119
95,eval_pf,0.7317
95,eval_precision,0.1289
95,eval_recall,0.716
95,eval_time,0.0
96,eval_acc,0.3326
96,eval_auc,0.4953
96,eval_brier,0.6674
96,eval_f1,0.2198
96,eval_loss,0.6089
96,eval_mcc,-0.0071
96,eval_pf,0.7254
96,eval_precision,0.1298
96,eval_recall,0.716
96,eval_time,0.0
97,eval_acc,0.3263
97,eval_auc,0.4917
97,eval_brier,0.6737
97,eval_f1,0.2182
97,eval_loss,0.6106
97,eval_mcc,-0.0126
97,eval_pf,0.7326
97,eval_precision,0.1287
97,eval_recall,0.716
97,eval_time,0.0
98,eval_acc,0.3248
98,eval_auc,0.4908
98,eval_brier,0.6752
98,eval_f1,0.2178
98,eval_loss,0.6122
98,eval_mcc,-0.014
98,eval_pf,0.7343
98,eval_precision,0.1285
98,eval_recall,0.716
98,eval_time,0.0
99,eval_acc,0.324
99,eval_auc,0.4904
99,eval_brier,0.676
99,eval_f1,0.2176
99,eval_loss,0.612
99,eval_mcc,-0.0147
99,eval_pf,0.7352
99,eval_precision,0.1283
99,eval_recall,0.716
99,eval_time,0.0
