Epoch,Metrics,Score
0,eval_acc,0.8531
0,eval_auc,0.4914
0,eval_brier,0.1469
0,eval_f1,0.0354
0,eval_loss,0.2574
0,eval_mcc,-0.0282
0,eval_pf,0.041
0,eval_precision,0.069
0,eval_recall,0.0238
0,eval_time,0.0
0,___inline___,___inline___
1,eval_acc,0.8666
1,eval_auc,0.499
1,eval_brier,0.1334
1,eval_f1,0.0388
1,eval_loss,0.2739
1,eval_mcc,-0.0041
1,eval_pf,0.0258
1,eval_precision,0.1053
1,eval_recall,0.0238
1,eval_time,0.0
1,___inline___,___inline___
2,eval_acc,0.8733
2,eval_auc,0.4976
2,eval_brier,0.1267
2,eval_f1,0.0208
2,eval_loss,0.3124
2,eval_mcc,-0.0121
2,eval_pf,0.0167
2,eval_precision,0.0833
2,eval_recall,0.0119
2,eval_time,0.0
3,eval_acc,0.8666
3,eval_auc,0.5042
3,eval_brier,0.1334
3,eval_f1,0.0571
3,eval_loss,0.3364
3,eval_mcc,0.016
3,eval_pf,0.0274
3,eval_precision,0.1429
3,eval_recall,0.0357
3,eval_time,0.0
3,___inline___,___inline___
4,eval_acc,0.6402
4,eval_auc,0.5375
4,eval_brier,0.3598
4,eval_f1,0.203
4,eval_loss,0.4229
4,eval_mcc,0.0502
4,eval_pf,0.3298
4,eval_precision,0.1355
4,eval_recall,0.4048
4,eval_time,0.0
4,___inline___,___inline___
5,eval_acc,0.6078
5,eval_auc,0.5193
5,eval_brier,0.3922
5,eval_f1,0.1894
5,eval_loss,0.4252
5,eval_mcc,0.0253
5,eval_pf,0.3663
5,eval_precision,0.1236
5,eval_recall,0.4048
5,eval_time,0.0
6,eval_acc,0.3976
6,eval_auc,0.5201
6,eval_brier,0.6024
6,eval_f1,0.2032
6,eval_loss,0.5597
6,eval_mcc,0.0266
6,eval_pf,0.6383
6,eval_precision,0.1195
6,eval_recall,0.6786
6,eval_time,0.0
6,___inline___,___inline___
7,eval_acc,0.4394
7,eval_auc,0.5281
7,eval_brier,0.5606
7,eval_f1,0.2061
7,eval_loss,0.526
7,eval_mcc,0.0363
7,eval_pf,0.5866
7,eval_precision,0.1227
7,eval_recall,0.6429
7,eval_time,0.0
7,___inline___,___inline___
8,eval_acc,0.4852
8,eval_auc,0.5643
8,eval_brier,0.5148
8,eval_f1,0.2267
8,eval_loss,0.4963
8,eval_mcc,0.082
8,eval_pf,0.538
8,eval_precision,0.1366
8,eval_recall,0.6667
8,eval_time,0.0
8,___inline___,___inline___
9,eval_acc,0.4474
9,eval_auc,0.5586
9,eval_brier,0.5526
9,eval_f1,0.2235
9,eval_loss,0.5397
9,eval_mcc,0.0758
9,eval_pf,0.5851
9,eval_precision,0.1329
9,eval_recall,0.7024
9,eval_time,0.0
10,eval_acc,0.4919
10,eval_auc,0.5629
10,eval_brier,0.5081
10,eval_f1,0.2259
10,eval_loss,0.4925
10,eval_mcc,0.0801
10,eval_pf,0.5289
10,eval_precision,0.1365
10,eval_recall,0.6548
10,eval_time,0.0
11,eval_acc,0.3949
11,eval_auc,0.5238
11,eval_brier,0.6051
11,eval_f1,0.2053
11,eval_loss,0.5582
11,eval_mcc,0.0316
11,eval_pf,0.6429
11,eval_precision,0.1206
11,eval_recall,0.6905
11,eval_time,0.0
12,eval_acc,0.4299
12,eval_auc,0.5799
12,eval_brier,0.5701
12,eval_f1,0.2351
12,eval_loss,0.5296
12,eval_mcc,0.105
12,eval_pf,0.614
12,eval_precision,0.1386
12,eval_recall,0.7738
12,eval_time,0.0
12,___inline___,___inline___
13,eval_acc,0.4367
13,eval_auc,0.5526
13,eval_brier,0.5633
13,eval_f1,0.2201
13,eval_loss,0.5399
13,eval_mcc,0.0683
13,eval_pf,0.5973
13,eval_precision,0.1305
13,eval_recall,0.7024
13,eval_time,0.0
14,eval_acc,0.4838
14,eval_auc,0.5636
14,eval_brier,0.5162
14,eval_f1,0.2263
14,eval_loss,0.5053
14,eval_mcc,0.081
14,eval_pf,0.5395
14,eval_precision,0.1363
14,eval_recall,0.6667
14,eval_time,0.0
15,eval_acc,0.5027
15,eval_auc,0.5483
15,eval_brier,0.4973
15,eval_f1,0.2166
15,eval_loss,0.4756
15,eval_mcc,0.0612
15,eval_pf,0.5106
15,eval_precision,0.1318
15,eval_recall,0.6071
15,eval_time,0.0
16,eval_acc,0.4811
16,eval_auc,0.5621
16,eval_brier,0.5189
16,eval_f1,0.2254
16,eval_loss,0.5066
16,eval_mcc,0.0792
16,eval_pf,0.5426
16,eval_precision,0.1356
16,eval_recall,0.6667
16,eval_time,0.0
17,eval_acc,0.403
17,eval_auc,0.5491
17,eval_brier,0.597
17,eval_f1,0.2187
17,eval_loss,0.5663
17,eval_mcc,0.0653
17,eval_pf,0.6398
17,eval_precision,0.1284
17,eval_recall,0.7381
17,eval_time,0.0
18,eval_acc,0.4407
18,eval_auc,0.5548
18,eval_brier,0.5593
18,eval_f1,0.2214
18,eval_loss,0.5129
18,eval_mcc,0.0711
18,eval_pf,0.5927
18,eval_precision,0.1314
18,eval_recall,0.7024
18,eval_time,0.0
19,eval_acc,0.4501
19,eval_auc,0.5602
19,eval_brier,0.5499
19,eval_f1,0.2243
19,eval_loss,0.5269
19,eval_mcc,0.0777
19,eval_pf,0.5821
19,eval_precision,0.1335
19,eval_recall,0.7024
19,eval_time,0.0
20,eval_acc,0.4353
20,eval_auc,0.5622
20,eval_brier,0.5647
20,eval_f1,0.2255
20,eval_loss,0.5389
20,eval_mcc,0.081
20,eval_pf,0.6018
20,eval_precision,0.1335
20,eval_recall,0.7262
20,eval_time,0.0
21,eval_acc,0.5175
21,eval_auc,0.5722
21,eval_brier,0.4825
21,eval_f1,0.2318
21,eval_loss,0.4785
21,eval_mcc,0.0915
21,eval_pf,0.4985
21,eval_precision,0.1414
21,eval_recall,0.6429
21,eval_time,0.0
22,eval_acc,0.4259
22,eval_auc,0.5569
22,eval_brier,0.5741
22,eval_f1,0.2226
22,eval_loss,0.5417
22,eval_mcc,0.0744
22,eval_pf,0.6125
22,eval_precision,0.1315
22,eval_recall,0.7262
22,eval_time,0.0
23,eval_acc,0.4987
23,eval_auc,0.5616
23,eval_brier,0.5013
23,eval_f1,0.225
23,eval_loss,0.4936
23,eval_mcc,0.0782
23,eval_pf,0.5198
23,eval_precision,0.1364
23,eval_recall,0.6429
23,eval_time,0.0
24,eval_acc,0.4717
24,eval_auc,0.5515
24,eval_brier,0.5283
24,eval_f1,0.2191
24,eval_loss,0.5064
24,eval_mcc,0.0659
24,eval_pf,0.5517
24,eval_precision,0.1316
24,eval_recall,0.6548
24,eval_time,0.0
25,eval_acc,0.5768
25,eval_auc,0.5589
25,eval_brier,0.4232
25,eval_f1,0.2228
25,eval_loss,0.4389
25,eval_mcc,0.0754
25,eval_pf,0.4179
25,eval_precision,0.1406
25,eval_recall,0.5357
25,eval_time,0.0
26,eval_acc,0.4555
26,eval_auc,0.558
26,eval_brier,0.5445
26,eval_f1,0.2231
26,eval_loss,0.5264
26,eval_mcc,0.0747
26,eval_pf,0.5745
26,eval_precision,0.133
26,eval_recall,0.6905
26,eval_time,0.0
27,eval_acc,0.5687
27,eval_auc,0.5595
27,eval_brier,0.4313
27,eval_f1,0.2233
27,eval_loss,0.4312
27,eval_mcc,0.076
27,eval_pf,0.4286
27,eval_precision,0.1402
27,eval_recall,0.5476
27,eval_time,0.0
28,eval_acc,0.4906
28,eval_auc,0.531
28,eval_brier,0.5094
28,eval_f1,0.2059
28,eval_loss,0.4939
28,eval_mcc,0.0394
28,eval_pf,0.5213
28,eval_precision,0.125
28,eval_recall,0.5833
28,eval_time,0.0
29,eval_acc,0.5809
29,eval_auc,0.5508
29,eval_brier,0.4191
29,eval_f1,0.2166
29,eval_loss,0.4415
29,eval_mcc,0.0652
29,eval_pf,0.4103
29,eval_precision,0.1374
29,eval_recall,0.5119
29,eval_time,0.0
30,eval_acc,0.5903
30,eval_auc,0.5405
30,eval_brier,0.4097
30,eval_f1,0.2083
30,eval_loss,0.4108
30,eval_mcc,0.0523
30,eval_pf,0.3951
30,eval_precision,0.1333
30,eval_recall,0.4762
30,eval_time,0.0
31,eval_acc,0.5728
31,eval_auc,0.5566
31,eval_brier,0.4272
31,eval_f1,0.2211
31,eval_loss,0.4441
31,eval_mcc,0.0724
31,eval_pf,0.4225
31,eval_precision,0.1393
31,eval_recall,0.5357
31,eval_time,0.0
32,eval_acc,0.4596
32,eval_auc,0.5499
32,eval_brier,0.5404
32,eval_f1,0.2183
32,eval_loss,0.5263
32,eval_mcc,0.064
32,eval_pf,0.5669
32,eval_precision,0.1305
32,eval_recall,0.6667
32,eval_time,0.0
33,eval_acc,0.4906
33,eval_auc,0.5622
33,eval_brier,0.5094
33,eval_f1,0.2254
33,eval_loss,0.5056
33,eval_mcc,0.0791
33,eval_pf,0.5304
33,eval_precision,0.1361
33,eval_recall,0.6548
33,eval_time,0.0
34,eval_acc,0.5647
34,eval_auc,0.5417
34,eval_brier,0.4353
34,eval_f1,0.2103
34,eval_loss,0.4409
34,eval_mcc,0.0532
34,eval_pf,0.4286
34,eval_precision,0.1323
34,eval_recall,0.5119
34,eval_time,0.0
35,eval_acc,0.5296
35,eval_auc,0.5479
35,eval_brier,0.4704
35,eval_f1,0.2157
35,eval_loss,0.4744
35,eval_mcc,0.0607
35,eval_pf,0.4757
35,eval_precision,0.133
35,eval_recall,0.5714
35,eval_time,0.0
36,eval_acc,0.5054
36,eval_auc,0.529
36,eval_brier,0.4946
36,eval_f1,0.2039
36,eval_loss,0.4767
36,eval_mcc,0.0368
36,eval_pf,0.5015
36,eval_precision,0.1247
36,eval_recall,0.5595
36,eval_time,0.0
37,eval_acc,0.5512
37,eval_auc,0.5445
37,eval_brier,0.4488
37,eval_f1,0.2128
37,eval_loss,0.4434
37,eval_mcc,0.0565
37,eval_pf,0.4468
37,eval_precision,0.1327
37,eval_recall,0.5357
37,eval_time,0.0
38,eval_acc,0.5984
38,eval_auc,0.5451
38,eval_brier,0.4016
38,eval_f1,0.2116
38,eval_loss,0.4175
38,eval_mcc,0.0584
38,eval_pf,0.386
38,eval_precision,0.1361
38,eval_recall,0.4762
38,eval_time,0.0
39,eval_acc,0.5027
39,eval_auc,0.5638
39,eval_brier,0.4973
39,eval_f1,0.2264
39,eval_loss,0.4825
39,eval_mcc,0.081
39,eval_pf,0.5152
39,eval_precision,0.1374
39,eval_recall,0.6429
39,eval_time,0.0
40,eval_acc,0.5067
40,eval_auc,0.5505
40,eval_brier,0.4933
40,eval_f1,0.2179
40,eval_loss,0.4611
40,eval_mcc,0.0641
40,eval_pf,0.5061
40,eval_precision,0.1328
40,eval_recall,0.6071
40,eval_time,0.0
41,eval_acc,0.5162
41,eval_auc,0.5974
41,eval_brier,0.4838
41,eval_f1,0.2474
41,eval_loss,0.4651
41,eval_mcc,0.1236
41,eval_pf,0.5076
41,eval_precision,0.1501
41,eval_recall,0.7024
41,eval_time,0.0
41,___inline___,___inline___
42,eval_acc,0.5094
42,eval_auc,0.6144
42,eval_brier,0.4906
42,eval_f1,0.2571
42,eval_loss,0.4712
42,eval_mcc,0.1456
42,eval_pf,0.5213
42,eval_precision,0.1552
42,eval_recall,0.75
42,eval_time,0.0
42,___inline___,___inline___
43,eval_acc,0.566
43,eval_auc,0.6099
43,eval_brier,0.434
43,eval_f1,0.2581
43,eval_loss,0.4268
43,eval_mcc,0.1395
43,eval_pf,0.4468
43,eval_precision,0.16
43,eval_recall,0.6667
43,eval_time,0.0
43,___inline___,___inline___
44,eval_acc,0.5687
44,eval_auc,0.5907
44,eval_brier,0.4313
44,eval_f1,0.2453
44,eval_loss,0.4221
44,eval_mcc,0.1153
44,eval_pf,0.4377
44,eval_precision,0.1529
44,eval_recall,0.619
44,eval_time,0.0
45,eval_acc,0.5957
45,eval_auc,0.5695
45,eval_brier,0.4043
45,eval_f1,0.2308
45,eval_loss,0.4019
45,eval_mcc,0.0895
45,eval_pf,0.3967
45,eval_precision,0.1471
45,eval_recall,0.5357
45,eval_time,0.0
46,eval_acc,0.5323
46,eval_auc,0.6117
46,eval_brier,0.4677
46,eval_f1,0.257
46,eval_loss,0.4569
46,eval_mcc,0.1416
46,eval_pf,0.4909
46,eval_precision,0.1567
46,eval_recall,0.7143
46,eval_time,0.0
47,eval_acc,0.5539
47,eval_auc,0.5979
47,eval_brier,0.4461
47,eval_f1,0.2494
47,eval_loss,0.4275
47,eval_mcc,0.1242
47,eval_pf,0.459
47,eval_precision,0.1541
47,eval_recall,0.6548
47,eval_time,0.0
48,eval_acc,0.5822
48,eval_auc,0.5879
48,eval_brier,0.4178
48,eval_f1,0.2439
48,eval_loss,0.4102
48,eval_mcc,0.1122
48,eval_pf,0.4195
48,eval_precision,0.1534
48,eval_recall,0.5952
48,eval_time,0.0
49,eval_acc,0.5606
49,eval_auc,0.6069
49,eval_brier,0.4394
49,eval_f1,0.2557
49,eval_loss,0.43
49,eval_mcc,0.1356
49,eval_pf,0.4529
49,eval_precision,0.1582
49,eval_recall,0.6667
49,eval_time,0.0
50,eval_acc,0.5782
50,eval_auc,0.6012
50,eval_brier,0.4218
50,eval_f1,0.253
50,eval_loss,0.4172
50,eval_mcc,0.1289
50,eval_pf,0.4286
50,eval_precision,0.1582
50,eval_recall,0.631
50,eval_time,0.0
51,eval_acc,0.558
51,eval_auc,0.5898
51,eval_brier,0.442
51,eval_f1,0.2442
51,eval_loss,0.4295
51,eval_mcc,0.114
51,eval_pf,0.4514
51,eval_precision,0.1514
51,eval_recall,0.631
51,eval_time,0.0
52,eval_acc,0.5701
52,eval_auc,0.607
52,eval_brier,0.4299
52,eval_f1,0.2564
52,eval_loss,0.418
52,eval_mcc,0.136
52,eval_pf,0.4407
52,eval_precision,0.1594
52,eval_recall,0.6548
52,eval_time,0.0
53,eval_acc,0.6105
53,eval_auc,0.6142
53,eval_brier,0.3895
53,eval_f1,0.2646
53,eval_loss,0.3903
53,eval_mcc,0.1468
53,eval_pf,0.3906
53,eval_precision,0.1683
53,eval_recall,0.619
53,eval_time,0.0
53,___best___,___best___
54,eval_acc,0.6011
54,eval_auc,0.5933
54,eval_brier,0.3989
54,eval_f1,0.2487
54,eval_loss,0.3981
54,eval_mcc,0.1199
54,eval_pf,0.3967
54,eval_precision,0.1581
54,eval_recall,0.5833
54,eval_time,0.0
55,eval_acc,0.5539
55,eval_auc,0.5927
55,eval_brier,0.4461
55,eval_f1,0.246
55,eval_loss,0.4309
55,eval_mcc,0.1176
55,eval_pf,0.4574
55,eval_precision,0.1521
55,eval_recall,0.6429
55,eval_time,0.0
56,eval_acc,0.5755
56,eval_auc,0.6256
56,eval_brier,0.4245
56,eval_f1,0.2691
56,eval_loss,0.414
56,eval_mcc,0.1596
56,eval_pf,0.4392
56,eval_precision,0.1671
56,eval_recall,0.6905
56,eval_time,0.0
56,___best___,___best___
57,eval_acc,0.5795
57,eval_auc,0.5916
57,eval_brier,0.4205
57,eval_f1,0.2464
57,eval_loss,0.4081
57,eval_mcc,0.1168
57,eval_pf,0.424
57,eval_precision,0.1545
57,eval_recall,0.6071
57,eval_time,0.0
58,eval_acc,0.5795
58,eval_auc,0.5968
58,eval_brier,0.4205
58,eval_f1,0.25
58,eval_loss,0.4073
58,eval_mcc,0.1233
58,eval_pf,0.4255
58,eval_precision,0.1566
58,eval_recall,0.619
58,eval_time,0.0
59,eval_acc,0.5674
59,eval_auc,0.6211
59,eval_brier,0.4326
59,eval_f1,0.2654
59,eval_loss,0.4212
59,eval_mcc,0.1536
59,eval_pf,0.4483
59,eval_precision,0.1643
59,eval_recall,0.6905
59,eval_time,0.0
60,eval_acc,0.6051
60,eval_auc,0.58
60,eval_brier,0.3949
60,eval_f1,0.239
60,eval_loss,0.3887
60,eval_mcc,0.1033
60,eval_pf,0.3875
60,eval_precision,0.1528
60,eval_recall,0.5476
60,eval_time,0.0
61,eval_acc,0.5822
61,eval_auc,0.5983
61,eval_brier,0.4178
61,eval_f1,0.2512
61,eval_loss,0.413
61,eval_mcc,0.1253
61,eval_pf,0.4225
61,eval_precision,0.1576
61,eval_recall,0.619
61,eval_time,0.0
62,eval_acc,0.5943
62,eval_auc,0.5843
62,eval_brier,0.4057
62,eval_f1,0.2418
62,eval_loss,0.3977
62,eval_mcc,0.1082
62,eval_pf,0.4027
62,eval_precision,0.1534
62,eval_recall,0.5714
62,eval_time,0.0
63,eval_acc,0.6038
63,eval_auc,0.6052
63,eval_brier,0.3962
63,eval_f1,0.2576
63,eval_loss,0.3972
63,eval_mcc,0.1351
63,eval_pf,0.3967
63,eval_precision,0.1635
63,eval_recall,0.6071
63,eval_time,0.0
64,eval_acc,0.5701
64,eval_auc,0.5759
64,eval_brier,0.4299
64,eval_f1,0.235
64,eval_loss,0.4162
64,eval_mcc,0.0967
64,eval_pf,0.4316
64,eval_precision,0.1471
64,eval_recall,0.5833
64,eval_time,0.0
65,eval_acc,0.5903
65,eval_auc,0.6028
65,eval_brier,0.4097
65,eval_f1,0.2549
65,eval_loss,0.406
65,eval_mcc,0.1314
65,eval_pf,0.4134
65,eval_precision,0.1605
65,eval_recall,0.619
65,eval_time,0.0
66,eval_acc,0.5957
66,eval_auc,0.5851
66,eval_brier,0.4043
66,eval_f1,0.2424
66,eval_loss,0.3976
66,eval_mcc,0.1093
66,eval_pf,0.4012
66,eval_precision,0.1538
66,eval_recall,0.5714
66,eval_time,0.0
67,eval_acc,0.6119
67,eval_auc,0.6046
67,eval_brier,0.3881
67,eval_f1,0.2577
67,eval_loss,0.3843
67,eval_mcc,0.1348
67,eval_pf,0.386
67,eval_precision,0.1645
67,eval_recall,0.5952
67,eval_time,0.0
68,eval_acc,0.5903
68,eval_auc,0.6132
68,eval_brier,0.4097
68,eval_f1,0.2621
68,eval_loss,0.4049
68,eval_mcc,0.1445
68,eval_pf,0.4164
68,eval_precision,0.1646
68,eval_recall,0.6429
68,eval_time,0.0
69,eval_acc,0.6199
69,eval_auc,0.6196
69,eval_brier,0.3801
69,eval_f1,0.2694
69,eval_loss,0.3773
69,eval_mcc,0.1542
69,eval_pf,0.3799
69,eval_precision,0.1722
69,eval_recall,0.619
69,eval_time,0.0
69,___best___,___best___
70,eval_acc,0.6186
70,eval_auc,0.5876
70,eval_brier,0.3814
70,eval_f1,0.2453
70,eval_loss,0.3755
70,eval_mcc,0.1137
70,eval_pf,0.3723
70,eval_precision,0.1581
70,eval_recall,0.5476
70,eval_time,0.0
71,eval_acc,0.6011
71,eval_auc,0.6193
71,eval_brier,0.3989
71,eval_f1,0.2673
71,eval_loss,0.3971
71,eval_mcc,0.1526
71,eval_pf,0.4043
71,eval_precision,0.1688
71,eval_recall,0.6429
71,eval_time,0.0
72,eval_acc,0.5849
72,eval_auc,0.631
72,eval_brier,0.4151
72,eval_f1,0.2736
72,eval_loss,0.4075
72,eval_mcc,0.1665
72,eval_pf,0.4286
72,eval_precision,0.1706
72,eval_recall,0.6905
72,eval_time,0.0
72,___best___,___best___
73,eval_acc,0.5863
73,eval_auc,0.6161
73,eval_brier,0.4137
73,eval_f1,0.2638
73,eval_loss,0.4083
73,eval_mcc,0.148
73,eval_pf,0.4225
73,eval_precision,0.1652
73,eval_recall,0.6548
73,eval_time,0.0
74,eval_acc,0.624
74,eval_auc,0.5959
74,eval_brier,0.376
74,eval_f1,0.252
74,eval_loss,0.3742
74,eval_mcc,0.1246
74,eval_pf,0.3678
74,eval_precision,0.1626
74,eval_recall,0.5595
74,eval_time,0.0
75,eval_acc,0.6119
75,eval_auc,0.615
75,eval_brier,0.3881
75,eval_f1,0.2653
75,eval_loss,0.3867
75,eval_mcc,0.1479
75,eval_pf,0.3891
75,eval_precision,0.1688
75,eval_recall,0.619
75,eval_time,0.0
76,eval_acc,0.5809
76,eval_auc,0.5923
76,eval_brier,0.4191
76,eval_f1,0.247
76,eval_loss,0.414
76,eval_mcc,0.1178
76,eval_pf,0.4225
76,eval_precision,0.155
76,eval_recall,0.6071
76,eval_time,0.0
77,eval_acc,0.597
77,eval_auc,0.6014
77,eval_brier,0.403
77,eval_f1,0.2544
77,eval_loss,0.4002
77,eval_mcc,0.13
77,eval_pf,0.4043
77,eval_precision,0.1609
77,eval_recall,0.6071
77,eval_time,0.0
78,eval_acc,0.6051
78,eval_auc,0.5852
78,eval_brier,0.3949
78,eval_f1,0.2429
78,eval_loss,0.3845
78,eval_mcc,0.1099
78,eval_pf,0.3891
78,eval_precision,0.1551
78,eval_recall,0.5595
78,eval_time,0.0
79,eval_acc,0.6024
79,eval_auc,0.5837
79,eval_brier,0.3976
79,eval_f1,0.2416
79,eval_loss,0.3879
79,eval_mcc,0.1078
79,eval_pf,0.3921
79,eval_precision,0.1541
79,eval_recall,0.5595
79,eval_time,0.0
80,eval_acc,0.6038
80,eval_auc,0.626
80,eval_brier,0.3962
80,eval_f1,0.2723
80,eval_loss,0.3977
80,eval_mcc,0.1612
80,eval_pf,0.4027
80,eval_precision,0.1719
80,eval_recall,0.6548
80,eval_time,0.0
81,eval_acc,0.624
81,eval_auc,0.5803
81,eval_brier,0.376
81,eval_f1,0.2398
81,eval_loss,0.3699
81,eval_mcc,0.1048
81,eval_pf,0.3632
81,eval_precision,0.1555
81,eval_recall,0.5238
81,eval_time,0.0
82,eval_acc,0.5916
82,eval_auc,0.6036
82,eval_brier,0.4084
82,eval_f1,0.2555
82,eval_loss,0.4004
82,eval_mcc,0.1324
82,eval_pf,0.4119
82,eval_precision,0.161
82,eval_recall,0.619
82,eval_time,0.0
83,eval_acc,0.6038
83,eval_auc,0.626
83,eval_brier,0.3962
83,eval_f1,0.2723
83,eval_loss,0.4017
83,eval_mcc,0.1612
83,eval_pf,0.4027
83,eval_precision,0.1719
83,eval_recall,0.6548
83,eval_time,0.0
84,eval_acc,0.6038
84,eval_auc,0.626
84,eval_brier,0.3962
84,eval_f1,0.2723
84,eval_loss,0.3973
84,eval_mcc,0.1612
84,eval_pf,0.4027
84,eval_precision,0.1719
84,eval_recall,0.6548
84,eval_time,0.0
85,eval_acc,0.6132
85,eval_auc,0.6002
85,eval_brier,0.3868
85,eval_f1,0.2545
85,eval_loss,0.3803
85,eval_mcc,0.1293
85,eval_pf,0.383
85,eval_precision,0.1628
85,eval_recall,0.5833
85,eval_time,0.0
86,eval_acc,0.6092
86,eval_auc,0.6239
86,eval_brier,0.3908
86,eval_f1,0.2714
86,eval_loss,0.3937
86,eval_mcc,0.1589
86,eval_pf,0.3951
86,eval_precision,0.172
86,eval_recall,0.6429
86,eval_time,0.0
87,eval_acc,0.6119
87,eval_auc,0.5942
87,eval_brier,0.3881
87,eval_f1,0.25
87,eval_loss,0.3788
87,eval_mcc,0.1217
87,eval_pf,0.383
87,eval_precision,0.16
87,eval_recall,0.5714
87,eval_time,0.0
88,eval_acc,0.6051
88,eval_auc,0.5904
88,eval_brier,0.3949
88,eval_f1,0.2468
88,eval_loss,0.3851
88,eval_mcc,0.1165
88,eval_pf,0.3906
88,eval_precision,0.1574
88,eval_recall,0.5714
88,eval_time,0.0
89,eval_acc,0.6078
89,eval_auc,0.6127
89,eval_brier,0.3922
89,eval_f1,0.2633
89,eval_loss,0.3902
89,eval_mcc,0.1448
89,eval_pf,0.3936
89,eval_precision,0.1672
89,eval_recall,0.619
89,eval_time,0.0
90,eval_acc,0.6105
90,eval_auc,0.6194
90,eval_brier,0.3895
90,eval_f1,0.2684
90,eval_loss,0.3874
90,eval_mcc,0.1534
90,eval_pf,0.3921
90,eval_precision,0.1704
90,eval_recall,0.631
90,eval_time,0.0
91,eval_acc,0.6092
91,eval_auc,0.6187
91,eval_brier,0.3908
91,eval_f1,0.2677
91,eval_loss,0.3915
91,eval_mcc,0.1523
91,eval_pf,0.3936
91,eval_precision,0.1699
91,eval_recall,0.631
91,eval_time,0.0
92,eval_acc,0.5997
92,eval_auc,0.6133
92,eval_brier,0.4003
92,eval_f1,0.263
92,eval_loss,0.3953
92,eval_mcc,0.1451
92,eval_pf,0.4043
92,eval_precision,0.1661
92,eval_recall,0.631
92,eval_time,0.0
93,eval_acc,0.6051
93,eval_auc,0.6112
93,eval_brier,0.3949
93,eval_f1,0.262
93,eval_loss,0.3918
93,eval_mcc,0.1427
93,eval_pf,0.3967
93,eval_precision,0.1661
93,eval_recall,0.619
93,eval_time,0.0
94,eval_acc,0.6038
94,eval_auc,0.6208
94,eval_brier,0.3962
94,eval_f1,0.2687
94,eval_loss,0.3955
94,eval_mcc,0.1547
94,eval_pf,0.4012
94,eval_precision,0.1698
94,eval_recall,0.6429
94,eval_time,0.0
95,eval_acc,0.6038
95,eval_auc,0.6156
95,eval_brier,0.3962
95,eval_f1,0.265
95,eval_loss,0.3941
95,eval_mcc,0.1482
95,eval_pf,0.3997
95,eval_precision,0.1677
95,eval_recall,0.631
95,eval_time,0.0
96,eval_acc,0.6011
96,eval_auc,0.6141
96,eval_brier,0.3989
96,eval_f1,0.2637
96,eval_loss,0.3942
96,eval_mcc,0.1461
96,eval_pf,0.4027
96,eval_precision,0.1667
96,eval_recall,0.631
96,eval_time,0.0
97,eval_acc,0.6038
97,eval_auc,0.6156
97,eval_brier,0.3962
97,eval_f1,0.265
97,eval_loss,0.395
97,eval_mcc,0.1482
97,eval_pf,0.3997
97,eval_precision,0.1677
97,eval_recall,0.631
97,eval_time,0.0
98,eval_acc,0.6024
98,eval_auc,0.6097
98,eval_brier,0.3976
98,eval_f1,0.2607
98,eval_loss,0.3936
98,eval_mcc,0.1406
98,eval_pf,0.3997
98,eval_precision,0.1651
98,eval_recall,0.619
98,eval_time,0.0
99,eval_acc,0.6038
99,eval_auc,0.6156
99,eval_brier,0.3962
99,eval_f1,0.265
99,eval_loss,0.393
99,eval_mcc,0.1482
99,eval_pf,0.3997
99,eval_precision,0.1677
99,eval_recall,0.631
99,eval_time,0.0
