Epoch,Metrics,Score
0,eval_acc,0.8787
0,eval_auc,0.5006
0,eval_brier,0.1213
0,eval_f1,0.0217
0,eval_loss,0.2815
0,eval_mcc,0.0039
0,eval_pf,0.0106
0,eval_precision,0.125
0,eval_recall,0.0119
0,eval_time,0.0
0,___inline___,___inline___
1,eval_acc,0.8167
1,eval_auc,0.4916
1,eval_brier,0.1833
1,eval_f1,0.0811
1,eval_loss,0.3708
1,eval_mcc,-0.0189
1,eval_pf,0.0881
1,eval_precision,0.0938
1,eval_recall,0.0714
1,eval_time,0.0
1,___inline___,___inline___
2,eval_acc,0.7143
2,eval_auc,0.517
2,eval_brier,0.2857
2,eval_f1,0.1719
2,eval_loss,0.3847
2,eval_mcc,0.0255
2,eval_pf,0.228
2,eval_precision,0.1279
2,eval_recall,0.2619
2,eval_time,0.0
2,___best___,___best___
3,eval_acc,0.6092
3,eval_auc,0.5564
3,eval_brier,0.3908
3,eval_f1,0.2204
3,eval_loss,0.4057
3,eval_mcc,0.0733
3,eval_pf,0.3754
3,eval_precision,0.1424
3,eval_recall,0.4881
3,eval_time,0.0
3,___best___,___best___
4,eval_acc,0.597
4,eval_auc,0.5755
4,eval_brier,0.403
4,eval_f1,0.2353
4,eval_loss,0.4023
4,eval_mcc,0.0971
4,eval_pf,0.3967
4,eval_precision,0.1498
4,eval_recall,0.5476
4,eval_time,0.0
4,___best___,___best___
5,eval_acc,0.5647
5,eval_auc,0.604
5,eval_brier,0.4353
5,eval_f1,0.254
5,eval_loss,0.4186
5,eval_mcc,0.132
5,eval_pf,0.4468
5,eval_precision,0.1576
5,eval_recall,0.6548
5,eval_time,0.0
5,___best___,___best___
6,eval_acc,0.5674
6,eval_auc,0.5899
6,eval_brier,0.4326
6,eval_f1,0.2447
6,eval_loss,0.4164
6,eval_mcc,0.1143
6,eval_pf,0.4392
6,eval_precision,0.1525
6,eval_recall,0.619
6,eval_time,0.0
7,eval_acc,0.5782
7,eval_auc,0.5856
7,eval_brier,0.4218
7,eval_f1,0.2421
7,eval_loss,0.4062
7,eval_mcc,0.1092
7,eval_pf,0.424
7,eval_precision,0.152
7,eval_recall,0.5952
7,eval_time,0.0
8,eval_acc,0.558
8,eval_auc,0.5742
8,eval_brier,0.442
8,eval_f1,0.2336
8,eval_loss,0.4219
8,eval_mcc,0.0943
8,eval_pf,0.4468
8,eval_precision,0.1453
8,eval_recall,0.5952
8,eval_time,0.0
9,eval_acc,0.6038
9,eval_auc,0.6052
9,eval_brier,0.3962
9,eval_f1,0.2576
9,eval_loss,0.381
9,eval_mcc,0.1351
9,eval_pf,0.3967
9,eval_precision,0.1635
9,eval_recall,0.6071
9,eval_time,0.0
9,___best___,___best___
10,eval_acc,0.5768
10,eval_auc,0.5849
10,eval_brier,0.4232
10,eval_f1,0.2415
10,eval_loss,0.405
10,eval_mcc,0.1082
10,eval_pf,0.4255
10,eval_precision,0.1515
10,eval_recall,0.5952
10,eval_time,0.0
11,eval_acc,0.6577
11,eval_auc,0.5681
11,eval_brier,0.3423
11,eval_f1,0.2303
11,eval_loss,0.3428
11,eval_mcc,0.0917
11,eval_pf,0.3161
11,eval_precision,0.1545
11,eval_recall,0.4524
11,eval_time,0.0
12,eval_acc,0.5984
12,eval_auc,0.6074
12,eval_brier,0.4016
12,eval_f1,0.2587
12,eval_loss,0.3897
12,eval_mcc,0.1375
12,eval_pf,0.4043
12,eval_precision,0.1635
12,eval_recall,0.619
12,eval_time,0.0
12,___best___,___best___
13,eval_acc,0.5916
13,eval_auc,0.5828
13,eval_brier,0.4084
13,eval_f1,0.2406
13,eval_loss,0.3958
13,eval_mcc,0.1062
13,eval_pf,0.4058
13,eval_precision,0.1524
13,eval_recall,0.5714
13,eval_time,0.0
14,eval_acc,0.6482
14,eval_auc,0.5732
14,eval_brier,0.3518
14,eval_f1,0.2346
14,eval_loss,0.3467
14,eval_mcc,0.0975
14,eval_pf,0.3298
14,eval_precision,0.1556
14,eval_recall,0.4762
14,eval_time,0.0
15,eval_acc,0.6159
15,eval_auc,0.5653
15,eval_brier,0.3841
15,eval_f1,0.2276
15,eval_loss,0.3712
15,eval_mcc,0.0851
15,eval_pf,0.3693
15,eval_precision,0.1474
15,eval_recall,0.5
15,eval_time,0.0
16,eval_acc,0.6671
16,eval_auc,0.5786
16,eval_brier,0.3329
16,eval_f1,0.24
16,eval_loss,0.3385
16,eval_mcc,0.1064
16,eval_pf,0.307
16,eval_precision,0.1618
16,eval_recall,0.4643
16,eval_time,0.0
17,eval_acc,0.6577
17,eval_auc,0.5733
17,eval_brier,0.3423
17,eval_f1,0.2349
17,eval_loss,0.3444
17,eval_mcc,0.0985
17,eval_pf,0.3176
17,eval_precision,0.1573
17,eval_recall,0.4643
17,eval_time,0.0
18,eval_acc,0.6806
18,eval_auc,0.5707
18,eval_brier,0.3194
18,eval_f1,0.233
18,eval_loss,0.3255
18,eval_mcc,0.0974
18,eval_pf,0.2872
18,eval_precision,0.16
18,eval_recall,0.4286
18,eval_time,0.0
19,eval_acc,0.6523
19,eval_auc,0.5651
19,eval_brier,0.3477
19,eval_f1,0.2275
19,eval_loss,0.3456
19,eval_mcc,0.0873
19,eval_pf,0.3222
19,eval_precision,0.152
19,eval_recall,0.4524
19,eval_time,0.0
20,eval_acc,0.6698
20,eval_auc,0.5802
20,eval_brier,0.3302
20,eval_f1,0.2415
20,eval_loss,0.3359
20,eval_mcc,0.1087
20,eval_pf,0.304
20,eval_precision,0.1632
20,eval_recall,0.4643
20,eval_time,0.0
21,eval_acc,0.6523
21,eval_auc,0.5703
21,eval_brier,0.3477
21,eval_f1,0.2321
21,eval_loss,0.3377
21,eval_mcc,0.0941
21,eval_pf,0.3237
21,eval_precision,0.1548
21,eval_recall,0.4643
21,eval_time,0.0
22,eval_acc,0.659
22,eval_auc,0.5949
22,eval_brier,0.341
22,eval_f1,0.2537
22,eval_loss,0.3385
22,eval_mcc,0.1266
22,eval_pf,0.3222
22,eval_precision,0.1686
22,eval_recall,0.5119
22,eval_time,0.0
23,eval_acc,0.6482
23,eval_auc,0.5784
23,eval_brier,0.3518
23,eval_f1,0.2391
23,eval_loss,0.3471
23,eval_mcc,0.1042
23,eval_pf,0.3313
23,eval_precision,0.1583
23,eval_recall,0.4881
23,eval_time,0.0
24,eval_acc,0.6577
24,eval_auc,0.5837
24,eval_brier,0.3423
24,eval_f1,0.244
24,eval_loss,0.3377
24,eval_mcc,0.112
24,eval_pf,0.3207
24,eval_precision,0.1627
24,eval_recall,0.4881
24,eval_time,0.0
25,eval_acc,0.6739
25,eval_auc,0.5721
25,eval_brier,0.3261
25,eval_f1,0.2342
25,eval_loss,0.3176
25,eval_mcc,0.0985
25,eval_pf,0.2964
25,eval_precision,0.1595
25,eval_recall,0.4405
25,eval_time,0.0
26,eval_acc,0.5849
26,eval_auc,0.5634
26,eval_brier,0.4151
26,eval_f1,0.2261
26,eval_loss,0.3939
26,eval_mcc,0.0814
26,eval_pf,0.4088
26,eval_precision,0.1433
26,eval_recall,0.5357
26,eval_time,0.0
27,eval_acc,0.6631
27,eval_auc,0.5764
27,eval_brier,0.3369
27,eval_f1,0.2378
27,eval_loss,0.3342
27,eval_mcc,0.103
27,eval_pf,0.3116
27,eval_precision,0.1598
27,eval_recall,0.4643
27,eval_time,0.0
28,eval_acc,0.6536
28,eval_auc,0.571
28,eval_brier,0.3464
28,eval_f1,0.2328
28,eval_loss,0.3419
28,eval_mcc,0.0952
28,eval_pf,0.3222
28,eval_precision,0.1554
28,eval_recall,0.4643
28,eval_time,0.0
29,eval_acc,0.6806
29,eval_auc,0.5655
29,eval_brier,0.3194
29,eval_f1,0.228
29,eval_loss,0.3253
29,eval_mcc,0.0905
29,eval_pf,0.2857
29,eval_precision,0.157
29,eval_recall,0.4167
29,eval_time,0.0
30,eval_acc,0.6833
30,eval_auc,0.5982
30,eval_brier,0.3167
30,eval_f1,0.2587
30,eval_loss,0.3174
30,eval_mcc,0.134
30,eval_pf,0.2918
30,eval_precision,0.176
30,eval_recall,0.4881
30,eval_time,0.0
31,eval_acc,0.69
31,eval_auc,0.5864
31,eval_brier,0.31
31,eval_f1,0.2484
31,eval_loss,0.3187
31,eval_mcc,0.1195
31,eval_pf,0.2796
31,eval_precision,0.1712
31,eval_recall,0.4524
31,eval_time,0.0
32,eval_acc,0.7008
32,eval_auc,0.5769
32,eval_brier,0.2992
32,eval_f1,0.2397
32,eval_loss,0.3006
32,eval_mcc,0.1085
32,eval_pf,0.2629
32,eval_precision,0.1683
32,eval_recall,0.4167
32,eval_time,0.0
33,eval_acc,0.6725
33,eval_auc,0.5557
33,eval_brier,0.3275
33,eval_f1,0.2186
33,eval_loss,0.3306
33,eval_mcc,0.0766
33,eval_pf,0.2933
33,eval_precision,0.1498
33,eval_recall,0.4048
33,eval_time,0.0
34,eval_acc,0.6536
34,eval_auc,0.5659
34,eval_brier,0.3464
34,eval_f1,0.2282
34,eval_loss,0.3432
34,eval_mcc,0.0884
34,eval_pf,0.3207
34,eval_precision,0.1526
34,eval_recall,0.4524
34,eval_time,0.0
35,eval_acc,0.6685
35,eval_auc,0.5638
35,eval_brier,0.3315
35,eval_f1,0.2264
35,eval_loss,0.3288
35,eval_mcc,0.087
35,eval_pf,0.3009
35,eval_precision,0.1538
35,eval_recall,0.4286
35,eval_time,0.0
36,eval_acc,0.7008
36,eval_auc,0.5976
36,eval_brier,0.2992
36,eval_f1,0.26
36,eval_loss,0.3022
36,eval_mcc,0.1362
36,eval_pf,0.269
36,eval_precision,0.1806
36,eval_recall,0.4643
36,eval_time,0.0
36,___best___,___best___
37,eval_acc,0.6078
37,eval_auc,0.5868
37,eval_brier,0.3922
37,eval_f1,0.2442
37,eval_loss,0.3754
37,eval_mcc,0.112
37,eval_pf,0.386
37,eval_precision,0.1561
37,eval_recall,0.5595
37,eval_time,0.0
38,eval_acc,0.6792
38,eval_auc,0.5803
38,eval_brier,0.3208
38,eval_f1,0.242
38,eval_loss,0.3219
38,eval_mcc,0.11
38,eval_pf,0.2918
38,eval_precision,0.1652
38,eval_recall,0.4524
38,eval_time,0.0
39,eval_acc,0.6536
39,eval_auc,0.5866
39,eval_brier,0.3464
39,eval_f1,0.2463
39,eval_loss,0.3421
39,eval_mcc,0.1154
39,eval_pf,0.3267
39,eval_precision,0.1634
39,eval_recall,0.5
39,eval_time,0.0
40,eval_acc,0.6631
40,eval_auc,0.5868
40,eval_brier,0.3369
40,eval_f1,0.247
40,eval_loss,0.33
40,eval_mcc,0.1165
40,eval_pf,0.3146
40,eval_precision,0.1653
40,eval_recall,0.4881
40,eval_time,0.0
41,eval_acc,0.6941
41,eval_auc,0.5783
41,eval_brier,0.3059
41,eval_f1,0.2408
41,eval_loss,0.3187
41,eval_mcc,0.1093
41,eval_pf,0.272
41,eval_precision,0.1674
41,eval_recall,0.4286
41,eval_time,0.0
42,eval_acc,0.6685
42,eval_auc,0.5794
42,eval_brier,0.3315
42,eval_f1,0.2407
42,eval_loss,0.3356
42,eval_mcc,0.1076
42,eval_pf,0.3055
42,eval_precision,0.1625
42,eval_recall,0.4643
42,eval_time,0.0
43,eval_acc,0.6496
43,eval_auc,0.5792
43,eval_brier,0.3504
43,eval_f1,0.2398
43,eval_loss,0.3437
43,eval_mcc,0.1053
43,eval_pf,0.3298
43,eval_precision,0.1589
43,eval_recall,0.4881
43,eval_time,0.0
44,eval_acc,0.6644
44,eval_auc,0.5667
44,eval_brier,0.3356
44,eval_f1,0.2291
44,eval_loss,0.3234
44,eval_mcc,0.0905
44,eval_pf,0.307
44,eval_precision,0.1548
44,eval_recall,0.4405
44,eval_time,0.0
45,eval_acc,0.6631
45,eval_auc,0.5919
45,eval_brier,0.3369
45,eval_f1,0.2515
45,eval_loss,0.327
45,eval_mcc,0.1233
45,eval_pf,0.3161
45,eval_precision,0.168
45,eval_recall,0.5
45,eval_time,0.0
46,eval_acc,0.6833
46,eval_auc,0.5722
46,eval_brier,0.3167
46,eval_f1,0.2345
46,eval_loss,0.3059
46,eval_mcc,0.0998
46,eval_pf,0.2842
46,eval_precision,0.1614
46,eval_recall,0.4286
46,eval_time,0.0
47,eval_acc,0.6644
47,eval_auc,0.5875
47,eval_brier,0.3356
47,eval_f1,0.2477
47,eval_loss,0.334
47,eval_mcc,0.1177
47,eval_pf,0.3131
47,eval_precision,0.166
47,eval_recall,0.4881
47,eval_time,0.0
48,eval_acc,0.628
48,eval_auc,0.5722
48,eval_brier,0.372
48,eval_f1,0.2333
48,eval_loss,0.3521
48,eval_mcc,0.0946
48,eval_pf,0.3556
48,eval_precision,0.1522
48,eval_recall,0.5
48,eval_time,0.0
49,eval_acc,0.6644
49,eval_auc,0.5823
49,eval_brier,0.3356
49,eval_f1,0.2432
49,eval_loss,0.3372
49,eval_mcc,0.1109
49,eval_pf,0.3116
49,eval_precision,0.1633
49,eval_recall,0.4762
49,eval_time,0.0
50,eval_acc,0.6725
50,eval_auc,0.5817
50,eval_brier,0.3275
50,eval_f1,0.243
50,eval_loss,0.3159
50,eval_mcc,0.111
50,eval_pf,0.3009
50,eval_precision,0.1646
50,eval_recall,0.4643
50,eval_time,0.0
51,eval_acc,0.6631
51,eval_auc,0.6023
51,eval_brier,0.3369
51,eval_f1,0.2604
51,eval_loss,0.3455
51,eval_mcc,0.1367
51,eval_pf,0.3191
51,eval_precision,0.1732
51,eval_recall,0.5238
51,eval_time,0.0
51,___best___,___best___
52,eval_acc,0.6671
52,eval_auc,0.5942
52,eval_brier,0.3329
52,eval_f1,0.2538
52,eval_loss,0.3345
52,eval_mcc,0.1267
52,eval_pf,0.3116
52,eval_precision,0.17
52,eval_recall,0.5
52,eval_time,0.0
53,eval_acc,0.6725
53,eval_auc,0.5765
53,eval_brier,0.3275
53,eval_f1,0.2382
53,eval_loss,0.327
53,eval_mcc,0.1042
53,eval_pf,0.2994
53,eval_precision,0.1617
53,eval_recall,0.4524
53,eval_time,0.0
54,eval_acc,0.6765
54,eval_auc,0.5736
54,eval_brier,0.3235
54,eval_f1,0.2357
54,eval_loss,0.3247
54,eval_mcc,0.1008
54,eval_pf,0.2933
54,eval_precision,0.1609
54,eval_recall,0.4405
54,eval_time,0.0
55,eval_acc,0.6496
55,eval_auc,0.5947
55,eval_brier,0.3504
55,eval_f1,0.2529
55,eval_loss,0.3481
55,eval_mcc,0.1254
55,eval_pf,0.3343
55,eval_precision,0.1667
55,eval_recall,0.5238
55,eval_time,0.0
56,eval_acc,0.6577
56,eval_auc,0.5941
56,eval_brier,0.3423
56,eval_f1,0.2529
56,eval_loss,0.3402
56,eval_mcc,0.1254
56,eval_pf,0.3237
56,eval_precision,0.168
56,eval_recall,0.5119
56,eval_time,0.0
57,eval_acc,0.6671
57,eval_auc,0.5838
57,eval_brier,0.3329
57,eval_f1,0.2446
57,eval_loss,0.3299
57,eval_mcc,0.1132
57,eval_pf,0.3085
57,eval_precision,0.1646
57,eval_recall,0.4762
57,eval_time,0.0
58,eval_acc,0.6563
58,eval_auc,0.5881
58,eval_brier,0.3437
58,eval_f1,0.2478
58,eval_loss,0.3354
58,eval_mcc,0.1176
58,eval_pf,0.3237
58,eval_precision,0.1647
58,eval_recall,0.5
58,eval_time,0.0
59,eval_acc,0.6671
59,eval_auc,0.5838
59,eval_brier,0.3329
59,eval_f1,0.2446
59,eval_loss,0.3232
59,eval_mcc,0.1132
59,eval_pf,0.3085
59,eval_precision,0.1646
59,eval_recall,0.4762
59,eval_time,0.0
60,eval_acc,0.6604
60,eval_auc,0.5748
60,eval_brier,0.3396
60,eval_f1,0.2364
60,eval_loss,0.3314
60,eval_mcc,0.1008
60,eval_pf,0.3146
60,eval_precision,0.1585
60,eval_recall,0.4643
60,eval_time,0.0
61,eval_acc,0.659
61,eval_auc,0.5949
61,eval_brier,0.341
61,eval_f1,0.2537
61,eval_loss,0.3322
61,eval_mcc,0.1266
61,eval_pf,0.3222
61,eval_precision,0.1686
61,eval_recall,0.5119
61,eval_time,0.0
62,eval_acc,0.6523
62,eval_auc,0.5911
62,eval_brier,0.3477
62,eval_f1,0.25
62,eval_loss,0.3425
62,eval_mcc,0.1209
62,eval_pf,0.3298
62,eval_precision,0.1654
62,eval_recall,0.5119
62,eval_time,0.0
63,eval_acc,0.6725
63,eval_auc,0.5817
63,eval_brier,0.3275
63,eval_f1,0.243
63,eval_loss,0.3192
63,eval_mcc,0.111
63,eval_pf,0.3009
63,eval_precision,0.1646
63,eval_recall,0.4643
63,eval_time,0.0
64,eval_acc,0.6819
64,eval_auc,0.587
64,eval_brier,0.3181
64,eval_f1,0.2484
64,eval_loss,0.3174
64,eval_mcc,0.1192
64,eval_pf,0.2903
64,eval_precision,0.1696
64,eval_recall,0.4643
64,eval_time,0.0
65,eval_acc,0.6631
65,eval_auc,0.5816
65,eval_brier,0.3369
65,eval_f1,0.2424
65,eval_loss,0.3354
65,eval_mcc,0.1098
65,eval_pf,0.3131
65,eval_precision,0.1626
65,eval_recall,0.4762
65,eval_time,0.0
66,eval_acc,0.6698
66,eval_auc,0.5854
66,eval_brier,0.3302
66,eval_f1,0.2462
66,eval_loss,0.3243
66,eval_mcc,0.1155
66,eval_pf,0.3055
66,eval_precision,0.166
66,eval_recall,0.4762
66,eval_time,0.0
67,eval_acc,0.6725
67,eval_auc,0.5869
67,eval_brier,0.3275
67,eval_f1,0.2477
67,eval_loss,0.3198
67,eval_mcc,0.1178
67,eval_pf,0.3024
67,eval_precision,0.1674
67,eval_recall,0.4762
67,eval_time,0.0
68,eval_acc,0.659
68,eval_auc,0.5949
68,eval_brier,0.341
68,eval_f1,0.2537
68,eval_loss,0.3346
68,eval_mcc,0.1266
68,eval_pf,0.3222
68,eval_precision,0.1686
68,eval_recall,0.5119
68,eval_time,0.0
69,eval_acc,0.6698
69,eval_auc,0.5802
69,eval_brier,0.3302
69,eval_f1,0.2415
69,eval_loss,0.3208
69,eval_mcc,0.1087
69,eval_pf,0.304
69,eval_precision,0.1632
69,eval_recall,0.4643
69,eval_time,0.0
70,eval_acc,0.6429
70,eval_auc,0.5857
70,eval_brier,0.3571
70,eval_f1,0.245
70,eval_loss,0.3471
70,eval_mcc,0.1132
70,eval_pf,0.3404
70,eval_precision,0.161
70,eval_recall,0.5119
70,eval_time,0.0
71,eval_acc,0.6482
71,eval_auc,0.5836
71,eval_brier,0.3518
71,eval_f1,0.2435
71,eval_loss,0.338
71,eval_mcc,0.1109
71,eval_pf,0.3328
71,eval_precision,0.1609
71,eval_recall,0.5
71,eval_time,0.0
72,eval_acc,0.6617
72,eval_auc,0.5912
72,eval_brier,0.3383
72,eval_f1,0.2507
72,eval_loss,0.3357
72,eval_mcc,0.1221
72,eval_pf,0.3176
72,eval_precision,0.1673
72,eval_recall,0.5
72,eval_time,0.0
73,eval_acc,0.6509
73,eval_auc,0.5695
73,eval_brier,0.3491
73,eval_f1,0.2315
73,eval_loss,0.3379
73,eval_mcc,0.0929
73,eval_pf,0.3252
73,eval_precision,0.1542
73,eval_recall,0.4643
73,eval_time,0.0
74,eval_acc,0.6604
74,eval_auc,0.5852
74,eval_brier,0.3396
74,eval_f1,0.2455
74,eval_loss,0.3286
74,eval_mcc,0.1143
74,eval_pf,0.3176
74,eval_precision,0.164
74,eval_recall,0.4881
74,eval_time,0.0
75,eval_acc,0.6536
75,eval_auc,0.5866
75,eval_brier,0.3464
75,eval_f1,0.2463
75,eval_loss,0.3396
75,eval_mcc,0.1154
75,eval_pf,0.3267
75,eval_precision,0.1634
75,eval_recall,0.5
75,eval_time,0.0
76,eval_acc,0.6644
76,eval_auc,0.5875
76,eval_brier,0.3356
76,eval_f1,0.2477
76,eval_loss,0.3267
76,eval_mcc,0.1177
76,eval_pf,0.3131
76,eval_precision,0.166
76,eval_recall,0.4881
76,eval_time,0.0
77,eval_acc,0.6469
77,eval_auc,0.5932
77,eval_brier,0.3531
77,eval_f1,0.2514
77,eval_loss,0.3404
77,eval_mcc,0.1232
77,eval_pf,0.3374
77,eval_precision,0.1654
77,eval_recall,0.5238
77,eval_time,0.0
78,eval_acc,0.6469
78,eval_auc,0.588
78,eval_brier,0.3531
78,eval_f1,0.2471
78,eval_loss,0.3485
78,eval_mcc,0.1165
78,eval_pf,0.3359
78,eval_precision,0.1629
78,eval_recall,0.5119
78,eval_time,0.0
79,eval_acc,0.6496
79,eval_auc,0.5843
79,eval_brier,0.3504
79,eval_f1,0.2442
79,eval_loss,0.3415
79,eval_mcc,0.112
79,eval_pf,0.3313
79,eval_precision,0.1615
79,eval_recall,0.5
79,eval_time,0.0
80,eval_acc,0.6604
80,eval_auc,0.5904
80,eval_brier,0.3396
80,eval_f1,0.25
80,eval_loss,0.3352
80,eval_mcc,0.121
80,eval_pf,0.3191
80,eval_precision,0.1667
80,eval_recall,0.5
80,eval_time,0.0
81,eval_acc,0.6604
81,eval_auc,0.5956
81,eval_brier,0.3396
81,eval_f1,0.2544
81,eval_loss,0.3361
81,eval_mcc,0.1277
81,eval_pf,0.3207
81,eval_precision,0.1693
81,eval_recall,0.5119
81,eval_time,0.0
82,eval_acc,0.6631
82,eval_auc,0.5919
82,eval_brier,0.3369
82,eval_f1,0.2515
82,eval_loss,0.3381
82,eval_mcc,0.1233
82,eval_pf,0.3161
82,eval_precision,0.168
82,eval_recall,0.5
82,eval_time,0.0
83,eval_acc,0.6671
83,eval_auc,0.5942
83,eval_brier,0.3329
83,eval_f1,0.2538
83,eval_loss,0.3331
83,eval_mcc,0.1267
83,eval_pf,0.3116
83,eval_precision,0.17
83,eval_recall,0.5
83,eval_time,0.0
84,eval_acc,0.6469
84,eval_auc,0.5776
84,eval_brier,0.3531
84,eval_f1,0.2384
84,eval_loss,0.3406
84,eval_mcc,0.1031
84,eval_pf,0.3328
84,eval_precision,0.1577
84,eval_recall,0.4881
84,eval_time,0.0
85,eval_acc,0.6509
85,eval_auc,0.5799
85,eval_brier,0.3491
85,eval_f1,0.2405
85,eval_loss,0.3379
85,eval_mcc,0.1064
85,eval_pf,0.3283
85,eval_precision,0.1595
85,eval_recall,0.4881
85,eval_time,0.0
86,eval_acc,0.655
86,eval_auc,0.577
86,eval_brier,0.345
86,eval_f1,0.2381
86,eval_loss,0.3382
86,eval_mcc,0.103
86,eval_pf,0.3222
86,eval_precision,0.1587
86,eval_recall,0.4762
86,eval_time,0.0
87,eval_acc,0.6617
87,eval_auc,0.5964
87,eval_brier,0.3383
87,eval_f1,0.2552
87,eval_loss,0.334
87,eval_mcc,0.1288
87,eval_pf,0.3191
87,eval_precision,0.17
87,eval_recall,0.5119
87,eval_time,0.0
88,eval_acc,0.6604
88,eval_auc,0.5852
88,eval_brier,0.3396
88,eval_f1,0.2455
88,eval_loss,0.3308
88,eval_mcc,0.1143
88,eval_pf,0.3176
88,eval_precision,0.164
88,eval_recall,0.4881
88,eval_time,0.0
89,eval_acc,0.6617
89,eval_auc,0.5912
89,eval_brier,0.3383
89,eval_f1,0.2507
89,eval_loss,0.3331
89,eval_mcc,0.1221
89,eval_pf,0.3176
89,eval_precision,0.1673
89,eval_recall,0.5
89,eval_time,0.0
90,eval_acc,0.6577
90,eval_auc,0.5889
90,eval_brier,0.3423
90,eval_f1,0.2485
90,eval_loss,0.3378
90,eval_mcc,0.1187
90,eval_pf,0.3222
90,eval_precision,0.1654
90,eval_recall,0.5
90,eval_time,0.0
91,eval_acc,0.6536
91,eval_auc,0.5814
91,eval_brier,0.3464
91,eval_f1,0.2419
91,eval_loss,0.338
91,eval_mcc,0.1087
91,eval_pf,0.3252
91,eval_precision,0.1608
91,eval_recall,0.4881
91,eval_time,0.0
92,eval_acc,0.6604
92,eval_auc,0.5904
92,eval_brier,0.3396
92,eval_f1,0.25
92,eval_loss,0.3349
92,eval_mcc,0.121
92,eval_pf,0.3191
92,eval_precision,0.1667
92,eval_recall,0.5
92,eval_time,0.0
93,eval_acc,0.6577
93,eval_auc,0.5889
93,eval_brier,0.3423
93,eval_f1,0.2485
93,eval_loss,0.3367
93,eval_mcc,0.1187
93,eval_pf,0.3222
93,eval_precision,0.1654
93,eval_recall,0.5
93,eval_time,0.0
94,eval_acc,0.6577
94,eval_auc,0.5889
94,eval_brier,0.3423
94,eval_f1,0.2485
94,eval_loss,0.337
94,eval_mcc,0.1187
94,eval_pf,0.3222
94,eval_precision,0.1654
94,eval_recall,0.5
94,eval_time,0.0
95,eval_acc,0.655
95,eval_auc,0.5874
95,eval_brier,0.345
95,eval_f1,0.2471
95,eval_loss,0.3376
95,eval_mcc,0.1165
95,eval_pf,0.3252
95,eval_precision,0.1641
95,eval_recall,0.5
95,eval_time,0.0
96,eval_acc,0.6536
96,eval_auc,0.5814
96,eval_brier,0.3464
96,eval_f1,0.2419
96,eval_loss,0.3368
96,eval_mcc,0.1087
96,eval_pf,0.3252
96,eval_precision,0.1608
96,eval_recall,0.4881
96,eval_time,0.0
97,eval_acc,0.655
97,eval_auc,0.5822
97,eval_brier,0.345
97,eval_f1,0.2426
97,eval_loss,0.3363
97,eval_mcc,0.1098
97,eval_pf,0.3237
97,eval_precision,0.1614
97,eval_recall,0.4881
97,eval_time,0.0
98,eval_acc,0.659
98,eval_auc,0.5897
98,eval_brier,0.341
98,eval_f1,0.2493
98,eval_loss,0.3359
98,eval_mcc,0.1199
98,eval_pf,0.3207
98,eval_precision,0.166
98,eval_recall,0.5
98,eval_time,0.0
99,eval_acc,0.6563
99,eval_auc,0.5881
99,eval_brier,0.3437
99,eval_f1,0.2478
99,eval_loss,0.3365
99,eval_mcc,0.1176
99,eval_pf,0.3237
99,eval_precision,0.1647
99,eval_recall,0.5
99,eval_time,0.0
