Epoch,Metrics,Score
0,eval_acc,0.8687
0,eval_auc,0.5
0,eval_brier,0.1313
0,eval_f1,0.0
0,eval_loss,0.2429
0,eval_mcc,0.0
0,eval_pf,0.0
0,eval_precision,0.0
0,eval_recall,0.0
0,eval_time,0.0
0,___best___,___best___
1,eval_acc,0.8687
1,eval_auc,0.5
1,eval_brier,0.1313
1,eval_f1,0.0
1,eval_loss,0.3386
1,eval_mcc,0.0
1,eval_pf,0.0
1,eval_precision,0.0
1,eval_recall,0.0
1,eval_time,0.0
2,eval_acc,0.8601
2,eval_auc,0.4951
2,eval_brier,0.1399
2,eval_f1,0.0
2,eval_loss,0.3801
2,eval_mcc,-0.0361
2,eval_pf,0.0098
2,eval_precision,0.0
2,eval_recall,0.0
2,eval_time,0.0
3,eval_acc,0.8322
3,eval_auc,0.4991
3,eval_brier,0.1678
3,eval_f1,0.069
3,eval_loss,0.389
3,eval_mcc,-0.0029
3,eval_pf,0.0492
3,eval_precision,0.127
3,eval_recall,0.0473
3,eval_time,0.0
3,___best___,___best___
4,eval_acc,0.8159
4,eval_auc,0.5098
4,eval_brier,0.1841
4,eval_f1,0.119
4,eval_loss,0.3735
4,eval_mcc,0.0247
4,eval_pf,0.0751
4,eval_precision,0.16
4,eval_recall,0.0947
4,eval_time,0.0
4,___best___,___best___
5,eval_acc,0.8166
5,eval_auc,0.5102
5,eval_brier,0.1834
5,eval_f1,0.1194
5,eval_loss,0.3345
5,eval_mcc,0.0259
5,eval_pf,0.0742
5,eval_precision,0.1616
5,eval_recall,0.0947
5,eval_time,0.0
5,___best___,___best___
6,eval_acc,0.6131
6,eval_auc,0.5236
6,eval_brier,0.3869
6,eval_f1,0.2145
6,eval_loss,0.4407
6,eval_mcc,0.0332
6,eval_pf,0.3551
6,eval_precision,0.1462
6,eval_recall,0.4024
6,eval_time,0.0
6,___best___,___best___
7,eval_acc,0.6597
7,eval_auc,0.5128
7,eval_brier,0.3403
7,eval_f1,0.1949
7,eval_loss,0.4
7,eval_mcc,0.019
7,eval_pf,0.288
7,eval_precision,0.1413
7,eval_recall,0.3136
7,eval_time,0.0
8,eval_acc,0.345
8,eval_auc,0.5225
8,eval_brier,0.655
8,eval_f1,0.2343
8,eval_loss,0.5725
8,eval_mcc,0.0341
8,eval_pf,0.7182
8,eval_precision,0.1384
8,eval_recall,0.7633
8,eval_time,0.0
8,___best___,___best___
9,eval_acc,0.3792
9,eval_auc,0.5171
9,eval_brier,0.6208
9,eval_f1,0.2295
9,eval_loss,0.5613
9,eval_mcc,0.0246
9,eval_pf,0.6699
9,eval_precision,0.1371
9,eval_recall,0.7041
9,eval_time,0.0
10,eval_acc,0.4763
10,eval_auc,0.5253
10,eval_brier,0.5237
10,eval_f1,0.2288
10,eval_loss,0.5146
10,eval_mcc,0.0343
10,eval_pf,0.5411
10,eval_precision,0.1418
10,eval_recall,0.5917
10,eval_time,0.0
11,eval_acc,0.2168
11,eval_auc,0.4939
11,eval_brier,0.7832
11,eval_f1,0.2258
11,eval_loss,0.7022
11,eval_mcc,-0.0126
11,eval_pf,0.8819
11,eval_precision,0.1297
11,eval_recall,0.8698
11,eval_time,0.0
12,eval_acc,0.5897
12,eval_auc,0.5228
12,eval_brier,0.4103
12,eval_f1,0.2166
12,eval_loss,0.4293
12,eval_mcc,0.0315
12,eval_pf,0.3864
12,eval_precision,0.1446
12,eval_recall,0.432
12,eval_time,0.0
13,eval_acc,0.2727
13,eval_auc,0.5161
13,eval_brier,0.7273
13,eval_f1,0.234
13,eval_loss,0.661
13,eval_mcc,0.0282
13,eval_pf,0.814
13,eval_precision,0.1358
13,eval_recall,0.8462
13,eval_time,0.0
14,eval_acc,0.3939
14,eval_auc,0.5155
14,eval_brier,0.6061
14,eval_f1,0.2277
14,eval_loss,0.5638
14,eval_mcc,0.0221
14,eval_pf,0.6494
14,eval_precision,0.1367
14,eval_recall,0.6805
14,eval_time,0.0
15,eval_acc,0.404
15,eval_auc,0.5189
15,eval_brier,0.596
15,eval_f1,0.2291
15,eval_loss,0.5604
15,eval_mcc,0.0266
15,eval_pf,0.6369
15,eval_precision,0.138
15,eval_recall,0.6746
15,eval_time,0.0
16,eval_acc,0.3411
16,eval_auc,0.5253
16,eval_brier,0.6589
16,eval_f1,0.236
16,eval_loss,0.6342
16,eval_mcc,0.0386
16,eval_pf,0.7245
16,eval_precision,0.1392
16,eval_recall,0.7751
16,eval_time,0.0
16,___best___,___best___
17,eval_acc,0.3333
17,eval_auc,0.5208
17,eval_brier,0.6667
17,eval_f1,0.2339
17,eval_loss,0.6625
17,eval_mcc,0.0321
17,eval_pf,0.7335
17,eval_precision,0.1377
17,eval_recall,0.7751
17,eval_time,0.0
18,eval_acc,0.3248
18,eval_auc,0.521
18,eval_brier,0.6752
18,eval_f1,0.2344
18,eval_loss,0.6412
18,eval_mcc,0.0327
18,eval_pf,0.7451
18,eval_precision,0.1377
18,eval_recall,0.787
18,eval_time,0.0
19,eval_acc,0.2782
19,eval_auc,0.5167
19,eval_brier,0.7218
19,eval_f1,0.2341
19,eval_loss,0.6875
19,eval_mcc,0.0289
19,eval_pf,0.8068
19,eval_precision,0.136
19,eval_recall,0.8402
19,eval_time,0.0
20,eval_acc,0.3357
20,eval_auc,0.5222
20,eval_brier,0.6643
20,eval_f1,0.2346
20,eval_loss,0.621
20,eval_mcc,0.034
20,eval_pf,0.7308
20,eval_precision,0.1382
20,eval_recall,0.7751
20,eval_time,0.0
21,eval_acc,0.2665
21,eval_auc,0.51
21,eval_brier,0.7335
21,eval_f1,0.2313
21,eval_loss,0.6914
21,eval_mcc,0.0177
21,eval_pf,0.8202
21,eval_precision,0.1341
21,eval_recall,0.8402
21,eval_time,0.0
22,eval_acc,0.3675
22,eval_auc,0.5179
22,eval_brier,0.6325
22,eval_f1,0.2306
22,eval_loss,0.618
22,eval_mcc,0.0262
22,eval_pf,0.686
22,eval_precision,0.1372
22,eval_recall,0.7219
22,eval_time,0.0
23,eval_acc,0.352
23,eval_auc,0.5266
23,eval_brier,0.648
23,eval_f1,0.2363
23,eval_loss,0.6341
23,eval_mcc,0.0398
23,eval_pf,0.7102
23,eval_precision,0.1398
23,eval_recall,0.7633
23,eval_time,0.0
23,___best___,___best___
24,eval_acc,0.3263
24,eval_auc,0.5193
24,eval_brier,0.6737
24,eval_f1,0.2334
24,eval_loss,0.673
24,eval_mcc,0.0301
24,eval_pf,0.7424
24,eval_precision,0.1372
24,eval_recall,0.7811
24,eval_time,0.0
25,eval_acc,0.2541
25,eval_auc,0.5079
25,eval_brier,0.7459
25,eval_f1,0.2308
25,eval_loss,0.7024
25,eval_mcc,0.0145
25,eval_pf,0.8363
25,eval_precision,0.1335
25,eval_recall,0.8521
25,eval_time,0.0
26,eval_acc,0.4009
26,eval_auc,0.5221
26,eval_brier,0.5991
26,eval_f1,0.2313
26,eval_loss,0.5495
26,eval_mcc,0.0312
26,eval_pf,0.6422
26,eval_precision,0.1391
26,eval_recall,0.6864
26,eval_time,0.0
27,eval_acc,0.3193
27,eval_auc,0.5203
27,eval_brier,0.6807
27,eval_f1,0.2343
27,eval_loss,0.6472
27,eval_mcc,0.032
27,eval_pf,0.7522
27,eval_precision,0.1374
27,eval_recall,0.7929
27,eval_time,0.0
28,eval_acc,0.303
28,eval_auc,0.5185
28,eval_brier,0.697
28,eval_f1,0.234
28,eval_loss,0.6763
28,eval_mcc,0.0301
28,eval_pf,0.7737
28,eval_precision,0.1367
28,eval_recall,0.8107
28,eval_time,0.0
29,eval_acc,0.3543
29,eval_auc,0.5204
29,eval_brier,0.6457
29,eval_f1,0.2327
29,eval_loss,0.6476
29,eval_mcc,0.0303
29,eval_pf,0.7048
29,eval_precision,0.1379
29,eval_recall,0.7456
29,eval_time,0.0
30,eval_acc,0.3186
30,eval_auc,0.5199
30,eval_brier,0.6814
30,eval_f1,0.2341
30,eval_loss,0.6516
30,eval_mcc,0.0314
30,eval_pf,0.7531
30,eval_precision,0.1373
30,eval_recall,0.7929
30,eval_time,0.0
31,eval_acc,0.2797
31,eval_auc,0.5126
31,eval_brier,0.7203
31,eval_f1,0.232
31,eval_loss,0.6956
31,eval_mcc,0.0215
31,eval_pf,0.8032
31,eval_precision,0.1349
31,eval_recall,0.8284
31,eval_time,0.0
32,eval_acc,0.3559
32,eval_auc,0.5162
32,eval_brier,0.6441
32,eval_f1,0.2303
32,eval_loss,0.6173
32,eval_mcc,0.0241
32,eval_pf,0.7013
32,eval_precision,0.1366
32,eval_recall,0.7337
32,eval_time,0.0
33,eval_acc,0.3201
33,eval_auc,0.5233
33,eval_brier,0.6799
33,eval_f1,0.2358
33,eval_loss,0.673
33,eval_mcc,0.0368
33,eval_pf,0.7522
33,eval_precision,0.1383
33,eval_recall,0.7988
33,eval_time,0.0
34,eval_acc,0.303
34,eval_auc,0.5185
34,eval_brier,0.697
34,eval_f1,0.234
34,eval_loss,0.6691
34,eval_mcc,0.0301
34,eval_pf,0.7737
34,eval_precision,0.1367
34,eval_recall,0.8107
34,eval_time,0.0
35,eval_acc,0.3559
35,eval_auc,0.5187
35,eval_brier,0.6441
35,eval_f1,0.2317
35,eval_loss,0.6259
35,eval_mcc,0.0278
35,eval_pf,0.7021
35,eval_precision,0.1374
35,eval_recall,0.7396
35,eval_time,0.0
36,eval_acc,0.289
36,eval_auc,0.518
36,eval_brier,0.711
36,eval_f1,0.2343
36,eval_loss,0.6925
36,eval_mcc,0.0302
36,eval_pf,0.7925
36,eval_precision,0.1365
36,eval_recall,0.8284
36,eval_time,0.0
37,eval_acc,0.3434
37,eval_auc,0.5191
37,eval_brier,0.6566
37,eval_f1,0.2325
37,eval_loss,0.6341
37,eval_mcc,0.0289
37,eval_pf,0.7191
37,eval_precision,0.1373
37,eval_recall,0.7574
37,eval_time,0.0
38,eval_acc,0.2898
38,eval_auc,0.5184
38,eval_brier,0.7102
38,eval_f1,0.2345
38,eval_loss,0.6924
38,eval_mcc,0.0309
38,eval_pf,0.7916
38,eval_precision,0.1366
38,eval_recall,0.8284
38,eval_time,0.0
39,eval_acc,0.3388
39,eval_auc,0.524
39,eval_brier,0.6612
39,eval_f1,0.2354
39,eval_loss,0.6629
39,eval_mcc,0.0366
39,eval_pf,0.7272
39,eval_precision,0.1388
39,eval_recall,0.7751
39,eval_time,0.0
40,eval_acc,0.3147
40,eval_auc,0.5176
40,eval_brier,0.6853
40,eval_f1,0.233
40,eval_loss,0.6688
40,eval_mcc,0.028
40,eval_pf,0.7576
40,eval_precision,0.1366
40,eval_recall,0.7929
40,eval_time,0.0
41,eval_acc,0.3287
41,eval_auc,0.5207
41,eval_brier,0.6713
41,eval_f1,0.234
41,eval_loss,0.6831
41,eval_mcc,0.032
41,eval_pf,0.7397
41,eval_precision,0.1376
41,eval_recall,0.7811
41,eval_time,0.0
42,eval_acc,0.3287
42,eval_auc,0.5232
42,eval_brier,0.6713
42,eval_f1,0.2354
42,eval_loss,0.6635
42,eval_mcc,0.036
42,eval_pf,0.7406
42,eval_precision,0.1384
42,eval_recall,0.787
42,eval_time,0.0
43,eval_acc,0.2914
43,eval_auc,0.5118
43,eval_brier,0.7086
43,eval_f1,0.231
43,eval_loss,0.6831
43,eval_mcc,0.0195
43,eval_pf,0.7871
43,eval_precision,0.1347
43,eval_recall,0.8107
43,eval_time,0.0
44,eval_acc,0.296
44,eval_auc,0.5144
44,eval_brier,0.704
44,eval_f1,0.2322
44,eval_loss,0.7081
44,eval_mcc,0.0238
44,eval_pf,0.7818
44,eval_precision,0.1355
44,eval_recall,0.8107
44,eval_time,0.0
45,eval_acc,0.3823
45,eval_auc,0.5214
45,eval_brier,0.6177
45,eval_f1,0.2319
45,eval_loss,0.606
45,eval_mcc,0.0308
45,eval_pf,0.6673
45,eval_precision,0.1386
45,eval_recall,0.7101
45,eval_time,0.0
46,eval_acc,0.2533
46,eval_auc,0.5049
46,eval_brier,0.7467
46,eval_f1,0.2294
46,eval_loss,0.7298
46,eval_mcc,0.009
46,eval_pf,0.8363
46,eval_precision,0.1327
46,eval_recall,0.8462
46,eval_time,0.0
47,eval_acc,0.3178
47,eval_auc,0.5194
47,eval_brier,0.6822
47,eval_f1,0.2339
47,eval_loss,0.6767
47,eval_mcc,0.0307
47,eval_pf,0.754
47,eval_precision,0.1372
47,eval_recall,0.7929
47,eval_time,0.0
48,eval_acc,0.31
48,eval_auc,0.515
48,eval_brier,0.69
48,eval_f1,0.2318
48,eval_loss,0.6805
48,eval_mcc,0.0239
48,eval_pf,0.763
48,eval_precision,0.1358
48,eval_recall,0.7929
48,eval_time,0.0
49,eval_acc,0.2945
49,eval_auc,0.506
49,eval_brier,0.7055
49,eval_f1,0.2279
49,eval_loss,0.704
49,eval_mcc,0.0099
49,eval_pf,0.7809
49,eval_precision,0.1331
49,eval_recall,0.7929
49,eval_time,0.0
50,eval_acc,0.296
50,eval_auc,0.5094
50,eval_brier,0.704
50,eval_f1,0.2296
50,eval_loss,0.6746
50,eval_mcc,0.0154
50,eval_pf,0.78
50,eval_precision,0.1341
50,eval_recall,0.7988
50,eval_time,0.0
51,eval_acc,0.2587
51,eval_auc,0.5055
51,eval_brier,0.7413
51,eval_f1,0.2294
51,eval_loss,0.7238
51,eval_mcc,0.01
51,eval_pf,0.8292
51,eval_precision,0.1328
51,eval_recall,0.8402
51,eval_time,0.0
52,eval_acc,0.2828
52,eval_auc,0.5119
52,eval_brier,0.7172
52,eval_f1,0.2315
52,eval_loss,0.7125
52,eval_mcc,0.0201
52,eval_pf,0.7987
52,eval_precision,0.1347
52,eval_recall,0.8225
52,eval_time,0.0
53,eval_acc,0.3139
53,eval_auc,0.5172
53,eval_brier,0.6861
53,eval_f1,0.2328
53,eval_loss,0.6699
53,eval_mcc,0.0273
53,eval_pf,0.7585
53,eval_precision,0.1365
53,eval_recall,0.7929
53,eval_time,0.0
54,eval_acc,0.2867
54,eval_auc,0.5141
54,eval_brier,0.7133
54,eval_f1,0.2324
54,eval_loss,0.6975
54,eval_mcc,0.0237
54,eval_pf,0.7943
54,eval_precision,0.1353
54,eval_recall,0.8225
54,eval_time,0.0
55,eval_acc,0.265
55,eval_auc,0.5066
55,eval_brier,0.735
55,eval_f1,0.2296
55,eval_loss,0.7183
55,eval_mcc,0.0117
55,eval_pf,0.8211
55,eval_precision,0.1331
55,eval_recall,0.8343
55,eval_time,0.0
56,eval_acc,0.3279
56,eval_auc,0.5102
56,eval_brier,0.6721
56,eval_f1,0.2284
56,eval_loss,0.6721
56,eval_mcc,0.0157
56,eval_pf,0.737
56,eval_precision,0.1345
56,eval_recall,0.7574
56,eval_time,0.0
57,eval_acc,0.3341
57,eval_auc,0.5138
57,eval_brier,0.6659
57,eval_f1,0.23
57,eval_loss,0.6597
57,eval_mcc,0.021
57,eval_pf,0.7299
57,eval_precision,0.1356
57,eval_recall,0.7574
57,eval_time,0.0
58,eval_acc,0.3023
58,eval_auc,0.513
58,eval_brier,0.6977
58,eval_f1,0.2312
58,eval_loss,0.6806
58,eval_mcc,0.0211
58,eval_pf,0.7728
58,eval_precision,0.1351
58,eval_recall,0.7988
58,eval_time,0.0
59,eval_acc,0.2945
59,eval_auc,0.5085
59,eval_brier,0.7055
59,eval_f1,0.2292
59,eval_loss,0.6899
59,eval_mcc,0.014
59,eval_pf,0.7818
59,eval_precision,0.1338
59,eval_recall,0.7988
59,eval_time,0.0
60,eval_acc,0.331
60,eval_auc,0.5095
60,eval_brier,0.669
60,eval_f1,0.2278
60,eval_loss,0.6631
60,eval_mcc,0.0145
60,eval_pf,0.7326
60,eval_precision,0.1342
60,eval_recall,0.7515
60,eval_time,0.0
61,eval_acc,0.2852
61,eval_auc,0.5057
61,eval_brier,0.7148
61,eval_f1,0.2282
61,eval_loss,0.7012
61,eval_mcc,0.0095
61,eval_pf,0.7934
61,eval_precision,0.1329
61,eval_recall,0.8047
61,eval_time,0.0
62,eval_acc,0.3108
62,eval_auc,0.5179
62,eval_brier,0.6892
62,eval_f1,0.2334
62,eval_loss,0.6881
62,eval_mcc,0.0287
62,eval_pf,0.763
62,eval_precision,0.1366
62,eval_recall,0.7988
62,eval_time,0.0
63,eval_acc,0.3124
63,eval_auc,0.5163
63,eval_brier,0.6876
63,eval_f1,0.2324
63,eval_loss,0.6897
63,eval_mcc,0.026
63,eval_pf,0.7603
63,eval_precision,0.1362
63,eval_recall,0.7929
63,eval_time,0.0
64,eval_acc,0.2852
64,eval_auc,0.5107
64,eval_brier,0.7148
64,eval_f1,0.2308
64,eval_loss,0.7016
64,eval_mcc,0.018
64,eval_pf,0.7952
64,eval_precision,0.1344
64,eval_recall,0.8166
64,eval_time,0.0
65,eval_acc,0.2828
65,eval_auc,0.5043
65,eval_brier,0.7172
65,eval_f1,0.2276
65,eval_loss,0.7103
65,eval_mcc,0.0073
65,eval_pf,0.7961
65,eval_precision,0.1326
65,eval_recall,0.8047
65,eval_time,0.0
66,eval_acc,0.3287
66,eval_auc,0.5106
66,eval_brier,0.6713
66,eval_f1,0.2286
66,eval_loss,0.6634
66,eval_mcc,0.0163
66,eval_pf,0.7361
66,eval_precision,0.1346
66,eval_recall,0.7574
66,eval_time,0.0
67,eval_acc,0.2906
67,eval_auc,0.5138
67,eval_brier,0.7094
67,eval_f1,0.2321
67,eval_loss,0.7015
67,eval_mcc,0.023
67,eval_pf,0.7889
67,eval_precision,0.1353
67,eval_recall,0.8166
67,eval_time,0.0
68,eval_acc,0.2844
68,eval_auc,0.5103
68,eval_brier,0.7156
68,eval_f1,0.2306
68,eval_loss,0.7077
68,eval_mcc,0.0173
68,eval_pf,0.7961
68,eval_precision,0.1342
68,eval_recall,0.8166
68,eval_time,0.0
69,eval_acc,0.2914
69,eval_auc,0.5067
69,eval_brier,0.7086
69,eval_f1,0.2284
69,eval_loss,0.6991
69,eval_mcc,0.0111
69,eval_pf,0.7853
69,eval_precision,0.1333
69,eval_recall,0.7988
69,eval_time,0.0
70,eval_acc,0.2914
70,eval_auc,0.5093
70,eval_brier,0.7086
70,eval_f1,0.2297
70,eval_loss,0.6996
70,eval_mcc,0.0153
70,eval_pf,0.7862
70,eval_precision,0.134
70,eval_recall,0.8047
70,eval_time,0.0
71,eval_acc,0.2883
71,eval_auc,0.51
71,eval_brier,0.7117
71,eval_f1,0.2303
71,eval_loss,0.7085
71,eval_mcc,0.0166
71,eval_pf,0.7907
71,eval_precision,0.1342
71,eval_recall,0.8107
71,eval_time,0.0
72,eval_acc,0.2673
72,eval_auc,0.5054
72,eval_brier,0.7327
72,eval_f1,0.2289
72,eval_loss,0.7215
72,eval_mcc,0.0095
72,eval_pf,0.8175
72,eval_precision,0.1328
72,eval_recall,0.8284
72,eval_time,0.0
73,eval_acc,0.3092
73,eval_auc,0.5145
73,eval_brier,0.6908
73,eval_f1,0.2316
73,eval_loss,0.6824
73,eval_mcc,0.0232
73,eval_pf,0.7639
73,eval_precision,0.1356
73,eval_recall,0.7929
73,eval_time,0.0
74,eval_acc,0.3139
74,eval_auc,0.5147
74,eval_brier,0.6861
74,eval_f1,0.2315
74,eval_loss,0.6775
74,eval_mcc,0.0233
74,eval_pf,0.7576
74,eval_precision,0.1357
74,eval_recall,0.787
74,eval_time,0.0
75,eval_acc,0.2914
75,eval_auc,0.5118
75,eval_brier,0.7086
75,eval_f1,0.231
75,eval_loss,0.7048
75,eval_mcc,0.0195
75,eval_pf,0.7871
75,eval_precision,0.1347
75,eval_recall,0.8107
75,eval_time,0.0
76,eval_acc,0.2743
76,eval_auc,0.5145
76,eval_brier,0.7257
76,eval_f1,0.2332
76,eval_loss,0.7198
76,eval_mcc,0.0252
76,eval_pf,0.8113
76,eval_precision,0.1354
76,eval_recall,0.8402
76,eval_time,0.0
77,eval_acc,0.2929
77,eval_auc,0.5076
77,eval_brier,0.7071
77,eval_f1,0.2288
77,eval_loss,0.6955
77,eval_mcc,0.0126
77,eval_pf,0.7835
77,eval_precision,0.1335
77,eval_recall,0.7988
77,eval_time,0.0
78,eval_acc,0.2766
78,eval_auc,0.5183
78,eval_brier,0.7234
78,eval_f1,0.235
78,eval_loss,0.7212
78,eval_mcc,0.0319
78,eval_pf,0.8095
78,eval_precision,0.1365
78,eval_recall,0.8462
78,eval_time,0.0
79,eval_acc,0.2751
79,eval_auc,0.5099
79,eval_brier,0.7249
79,eval_f1,0.2308
79,eval_loss,0.7144
79,eval_mcc,0.0171
79,eval_pf,0.8086
79,eval_precision,0.1341
79,eval_recall,0.8284
79,eval_time,0.0
80,eval_acc,0.3085
80,eval_auc,0.5166
80,eval_brier,0.6915
80,eval_f1,0.2328
80,eval_loss,0.6943
80,eval_mcc,0.0266
80,eval_pf,0.7657
80,eval_precision,0.1362
80,eval_recall,0.7988
80,eval_time,0.0
81,eval_acc,0.2968
81,eval_auc,0.5124
81,eval_brier,0.7032
81,eval_f1,0.2311
81,eval_loss,0.6961
81,eval_mcc,0.0203
81,eval_pf,0.78
81,eval_precision,0.1349
81,eval_recall,0.8047
81,eval_time,0.0
82,eval_acc,0.2805
82,eval_auc,0.513
82,eval_brier,0.7195
82,eval_f1,0.2322
82,eval_loss,0.7102
82,eval_mcc,0.0223
82,eval_pf,0.8023
82,eval_precision,0.135
82,eval_recall,0.8284
82,eval_time,0.0
83,eval_acc,0.2968
83,eval_auc,0.5099
83,eval_brier,0.7032
83,eval_f1,0.2298
83,eval_loss,0.6864
83,eval_mcc,0.0161
83,eval_pf,0.7791
83,eval_precision,0.1342
83,eval_recall,0.7988
83,eval_time,0.0
84,eval_acc,0.2797
84,eval_auc,0.5126
84,eval_brier,0.7203
84,eval_f1,0.232
84,eval_loss,0.7129
84,eval_mcc,0.0215
84,eval_pf,0.8032
84,eval_precision,0.1349
84,eval_recall,0.8284
84,eval_time,0.0
85,eval_acc,0.2883
85,eval_auc,0.5075
85,eval_brier,0.7117
85,eval_f1,0.229
85,eval_loss,0.6997
85,eval_mcc,0.0124
85,eval_pf,0.7898
85,eval_precision,0.1335
85,eval_recall,0.8047
85,eval_time,0.0
86,eval_acc,0.2968
86,eval_auc,0.5149
86,eval_brier,0.7032
86,eval_f1,0.2324
86,eval_loss,0.6968
86,eval_mcc,0.0245
86,eval_pf,0.7809
86,eval_precision,0.1356
86,eval_recall,0.8107
86,eval_time,0.0
87,eval_acc,0.2945
87,eval_auc,0.511
87,eval_brier,0.7055
87,eval_f1,0.2305
87,eval_loss,0.694
87,eval_mcc,0.0182
87,eval_pf,0.7826
87,eval_precision,0.1345
87,eval_recall,0.8047
87,eval_time,0.0
88,eval_acc,0.2898
88,eval_auc,0.5134
88,eval_brier,0.7102
88,eval_f1,0.2319
88,eval_loss,0.7062
88,eval_mcc,0.0223
88,eval_pf,0.7898
88,eval_precision,0.1352
88,eval_recall,0.8166
88,eval_time,0.0
89,eval_acc,0.3085
89,eval_auc,0.5141
89,eval_brier,0.6915
89,eval_f1,0.2314
89,eval_loss,0.6901
89,eval_mcc,0.0225
89,eval_pf,0.7648
89,eval_precision,0.1355
89,eval_recall,0.7929
89,eval_time,0.0
90,eval_acc,0.2844
90,eval_auc,0.5077
90,eval_brier,0.7156
90,eval_f1,0.2293
90,eval_loss,0.7034
90,eval_mcc,0.013
90,eval_pf,0.7952
90,eval_precision,0.1335
90,eval_recall,0.8107
90,eval_time,0.0
91,eval_acc,0.2821
91,eval_auc,0.5114
91,eval_brier,0.7179
91,eval_f1,0.2313
91,eval_loss,0.7073
91,eval_mcc,0.0194
91,eval_pf,0.7996
91,eval_precision,0.1346
91,eval_recall,0.8225
91,eval_time,0.0
92,eval_acc,0.2797
92,eval_auc,0.5151
92,eval_brier,0.7203
92,eval_f1,0.2333
92,eval_loss,0.7135
92,eval_mcc,0.0259
92,eval_pf,0.8041
92,eval_precision,0.1356
92,eval_recall,0.8343
92,eval_time,0.0
93,eval_acc,0.2906
93,eval_auc,0.5088
93,eval_brier,0.7094
93,eval_f1,0.2295
93,eval_loss,0.6934
93,eval_mcc,0.0146
93,eval_pf,0.7871
93,eval_precision,0.1339
93,eval_recall,0.8047
93,eval_time,0.0
94,eval_acc,0.3023
94,eval_auc,0.518
94,eval_brier,0.6977
94,eval_f1,0.2338
94,eval_loss,0.6956
94,eval_mcc,0.0294
94,eval_pf,0.7746
94,eval_precision,0.1366
94,eval_recall,0.8107
94,eval_time,0.0
95,eval_acc,0.2991
95,eval_auc,0.5162
95,eval_brier,0.7009
95,eval_f1,0.233
95,eval_loss,0.6921
95,eval_mcc,0.0266
95,eval_pf,0.7782
95,eval_precision,0.136
95,eval_recall,0.8107
95,eval_time,0.0
96,eval_acc,0.2898
96,eval_auc,0.5134
96,eval_brier,0.7102
96,eval_f1,0.2319
96,eval_loss,0.6998
96,eval_mcc,0.0223
96,eval_pf,0.7898
96,eval_precision,0.1352
96,eval_recall,0.8166
96,eval_time,0.0
97,eval_acc,0.2898
97,eval_auc,0.5134
97,eval_brier,0.7102
97,eval_f1,0.2319
97,eval_loss,0.7006
97,eval_mcc,0.0223
97,eval_pf,0.7898
97,eval_precision,0.1352
97,eval_recall,0.8166
97,eval_time,0.0
98,eval_acc,0.2852
98,eval_auc,0.5082
98,eval_brier,0.7148
98,eval_f1,0.2295
98,eval_loss,0.7004
98,eval_mcc,0.0137
98,eval_pf,0.7943
98,eval_precision,0.1337
98,eval_recall,0.8107
98,eval_time,0.0
99,eval_acc,0.2836
99,eval_auc,0.5098
99,eval_brier,0.7164
99,eval_f1,0.2304
99,eval_loss,0.7018
99,eval_mcc,0.0165
99,eval_pf,0.797
99,eval_precision,0.1341
99,eval_recall,0.8166
99,eval_time,0.0
