Epoch,Metrics,Score
0,eval_acc,0.8759
0,eval_auc,0.5
0,eval_brier,0.1241
0,eval_f1,0.0
0,eval_loss,0.1906
0,eval_mcc,0.0
0,eval_pf,0.0
0,eval_precision,0.0
0,eval_recall,0.0
0,eval_time,0.0
0,___best___,___best___
1,eval_acc,0.893
1,eval_auc,0.5691
1,eval_brier,0.107
1,eval_f1,0.2429
1,eval_loss,0.1997
1,eval_mcc,0.351
1,eval_pf,0.0
1,eval_precision,1.0
1,eval_recall,0.1382
1,eval_time,0.0
1,___best___,___best___
2,eval_acc,0.8426
2,eval_auc,0.5857
2,eval_brier,0.1574
2,eval_f1,0.2778
2,eval_loss,0.2395
2,eval_mcc,0.1937
2,eval_pf,0.0726
2,eval_precision,0.3226
2,eval_recall,0.2439
2,eval_time,0.0
2,___best___,___best___
3,eval_acc,0.8476
3,eval_auc,0.6095
3,eval_brier,0.1524
3,eval_f1,0.3229
3,eval_loss,0.2293
3,eval_mcc,0.2397
3,eval_pf,0.0737
3,eval_precision,0.36
3,eval_recall,0.2927
3,eval_time,0.0
3,___best___,___best___
4,eval_acc,0.8234
4,eval_auc,0.6131
4,eval_brier,0.1766
4,eval_f1,0.3191
4,eval_loss,0.2348
4,eval_mcc,0.2181
4,eval_pf,0.1071
4,eval_precision,0.306
4,eval_recall,0.3333
4,eval_time,0.0
5,eval_acc,0.8194
5,eval_auc,0.6108
5,eval_brier,0.1806
5,eval_f1,0.3142
5,eval_loss,0.2449
5,eval_mcc,0.211
5,eval_pf,0.1118
5,eval_precision,0.2971
5,eval_recall,0.3333
5,eval_time,0.0
6,eval_acc,0.8507
6,eval_auc,0.6147
6,eval_brier,0.1493
6,eval_f1,0.3333
6,eval_loss,0.1985
6,eval_mcc,0.2522
6,eval_pf,0.0714
6,eval_precision,0.3737
6,eval_recall,0.3008
6,eval_time,0.0
6,___best___,___best___
7,eval_acc,0.8476
7,eval_auc,0.6199
7,eval_brier,0.1524
7,eval_f1,0.3406
7,eval_loss,0.219
7,eval_mcc,0.2559
7,eval_pf,0.0772
7,eval_precision,0.3679
7,eval_recall,0.3171
7,eval_time,0.0
7,___best___,___best___
8,eval_acc,0.8496
8,eval_auc,0.6141
8,eval_brier,0.1504
8,eval_f1,0.3318
8,eval_loss,0.1866
8,eval_mcc,0.2498
8,eval_pf,0.0726
8,eval_precision,0.37
8,eval_recall,0.3008
8,eval_time,0.0
9,eval_acc,0.8486
9,eval_auc,0.6205
9,eval_brier,0.1514
9,eval_f1,0.3421
9,eval_loss,0.187
9,eval_mcc,0.2582
9,eval_pf,0.076
9,eval_precision,0.3714
9,eval_recall,0.3171
9,eval_time,0.0
9,___best___,___best___
10,eval_acc,0.8638
10,eval_auc,0.6187
10,eval_brier,0.1362
10,eval_f1,0.3478
10,eval_loss,0.1654
10,eval_mcc,0.281
10,eval_pf,0.0553
10,eval_precision,0.4286
10,eval_recall,0.2927
10,eval_time,0.0
10,___best___,___best___
11,eval_acc,0.8688
11,eval_auc,0.6251
11,eval_brier,0.1312
11,eval_f1,0.3627
11,eval_loss,0.1756
11,eval_mcc,0.301
11,eval_pf,0.0507
11,eval_precision,0.4568
11,eval_recall,0.3008
11,eval_time,0.0
11,___best___,___best___
12,eval_acc,0.8779
12,eval_auc,0.6268
12,eval_brier,0.1221
12,eval_f1,0.3731
12,eval_loss,0.1644
12,eval_mcc,0.3262
12,eval_pf,0.0392
12,eval_precision,0.5143
12,eval_recall,0.2927
12,eval_time,0.0
12,___best___,___best___
13,eval_acc,0.8688
13,eval_auc,0.632
13,eval_brier,0.1312
13,eval_f1,0.375
13,eval_loss,0.1645
13,eval_mcc,0.3109
13,eval_pf,0.053
13,eval_precision,0.4588
13,eval_recall,0.3171
13,eval_time,0.0
13,___best___,___best___
14,eval_acc,0.8406
14,eval_auc,0.6264
14,eval_brier,0.1594
14,eval_f1,0.3471
14,eval_loss,0.1876
14,eval_mcc,0.2564
14,eval_pf,0.0887
14,eval_precision,0.3529
14,eval_recall,0.3415
14,eval_time,0.0
15,eval_acc,0.8658
15,eval_auc,0.6408
15,eval_brier,0.1342
15,eval_f1,0.3871
15,eval_loss,0.1641
15,eval_mcc,0.3168
15,eval_pf,0.0599
15,eval_precision,0.4468
15,eval_recall,0.3415
15,eval_time,0.0
15,___best___,___best___
16,eval_acc,0.8638
16,eval_auc,0.6396
16,eval_brier,0.1362
16,eval_f1,0.3836
16,eval_loss,0.1773
16,eval_mcc,0.3113
16,eval_pf,0.0622
16,eval_precision,0.4375
16,eval_recall,0.3415
16,eval_time,0.0
17,eval_acc,0.8759
17,eval_auc,0.6326
17,eval_brier,0.1241
17,eval_f1,0.3819
17,eval_loss,0.1699
17,eval_mcc,0.3286
17,eval_pf,0.0438
17,eval_precision,0.5
17,eval_recall,0.3089
17,eval_time,0.0
18,eval_acc,0.8648
18,eval_auc,0.6437
18,eval_brier,0.1352
18,eval_f1,0.3909
18,eval_loss,0.175
18,eval_mcc,0.3189
18,eval_pf,0.0622
18,eval_precision,0.4433
18,eval_recall,0.3496
18,eval_time,0.0
18,___best___,___best___
19,eval_acc,0.8618
19,eval_auc,0.642
19,eval_brier,0.1382
19,eval_f1,0.3857
19,eval_loss,0.1802
19,eval_mcc,0.3108
19,eval_pf,0.0657
19,eval_precision,0.43
19,eval_recall,0.3496
19,eval_time,0.0
20,eval_acc,0.8729
20,eval_auc,0.6343
20,eval_brier,0.1271
20,eval_f1,0.3824
20,eval_loss,0.1737
20,eval_mcc,0.3234
20,eval_pf,0.0484
20,eval_precision,0.4815
20,eval_recall,0.3171
20,eval_time,0.0
21,eval_acc,0.8557
21,eval_auc,0.642
21,eval_brier,0.1443
21,eval_f1,0.381
21,eval_loss,0.1853
21,eval_mcc,0.3005
21,eval_pf,0.0737
21,eval_precision,0.4074
21,eval_recall,0.3577
21,eval_time,0.0
22,eval_acc,0.8718
22,eval_auc,0.6512
22,eval_brier,0.1282
22,eval_f1,0.4093
22,eval_loss,0.1969
22,eval_mcc,0.3436
22,eval_pf,0.0553
22,eval_precision,0.4783
22,eval_recall,0.3577
22,eval_time,0.0
22,___best___,___best___
23,eval_acc,0.8729
23,eval_auc,0.6483
23,eval_brier,0.1271
23,eval_f1,0.4057
23,eval_loss,0.1735
23,eval_mcc,0.342
23,eval_pf,0.053
23,eval_precision,0.4831
23,eval_recall,0.3496
23,eval_time,0.0
24,eval_acc,0.8749
24,eval_auc,0.632
24,eval_brier,0.1251
24,eval_f1,0.38
24,eval_loss,0.1778
24,eval_mcc,0.3252
24,eval_pf,0.0449
24,eval_precision,0.4935
24,eval_recall,0.3089
24,eval_time,0.0
25,eval_acc,0.8567
25,eval_auc,0.6461
25,eval_brier,0.1433
25,eval_f1,0.3879
25,eval_loss,0.1786
25,eval_mcc,0.3078
25,eval_pf,0.0737
25,eval_precision,0.4128
25,eval_recall,0.3659
25,eval_time,0.0
26,eval_acc,0.8628
26,eval_auc,0.646
26,eval_brier,0.1372
26,eval_f1,0.3929
26,eval_loss,0.1798
26,eval_mcc,0.3183
26,eval_pf,0.0657
26,eval_precision,0.4356
26,eval_recall,0.3577
26,eval_time,0.0
27,eval_acc,0.8618
27,eval_auc,0.6489
27,eval_brier,0.1382
27,eval_f1,0.3965
27,eval_loss,0.1798
27,eval_mcc,0.3205
27,eval_pf,0.068
27,eval_precision,0.4327
27,eval_recall,0.3659
27,eval_time,0.0
28,eval_acc,0.8527
28,eval_auc,0.6472
28,eval_brier,0.1473
28,eval_f1,0.3866
28,eval_loss,0.2224
28,eval_mcc,0.3032
28,eval_pf,0.0795
28,eval_precision,0.4
28,eval_recall,0.374
28,eval_time,0.0
29,eval_acc,0.8668
29,eval_auc,0.6553
29,eval_brier,0.1332
29,eval_f1,0.4107
29,eval_loss,0.1868
29,eval_mcc,0.3385
29,eval_pf,0.0634
29,eval_precision,0.4554
29,eval_recall,0.374
29,eval_time,0.0
29,___best___,___best___
30,eval_acc,0.8597
30,eval_auc,0.6513
30,eval_brier,0.1403
30,eval_f1,0.3983
30,eval_loss,0.1975
30,eval_mcc,0.3201
30,eval_pf,0.0714
30,eval_precision,0.4259
30,eval_recall,0.374
30,eval_time,0.0
31,eval_acc,0.8537
31,eval_auc,0.6688
31,eval_brier,0.1463
31,eval_f1,0.4177
31,eval_loss,0.2255
31,eval_mcc,0.334
31,eval_pf,0.0853
31,eval_precision,0.4127
31,eval_recall,0.4228
31,eval_time,0.0
31,___best___,___best___
32,eval_acc,0.8607
32,eval_auc,0.6658
32,eval_brier,0.1393
32,eval_f1,0.4202
32,eval_loss,0.2086
32,eval_mcc,0.3414
32,eval_pf,0.0749
32,eval_precision,0.4348
32,eval_recall,0.4065
32,eval_time,0.0
32,___best___,___best___
33,eval_acc,0.8597
33,eval_auc,0.6617
33,eval_brier,0.1403
33,eval_f1,0.4135
33,eval_loss,0.1988
33,eval_mcc,0.3343
33,eval_pf,0.0749
33,eval_precision,0.4298
33,eval_recall,0.3984
33,eval_time,0.0
34,eval_acc,0.8486
34,eval_auc,0.6729
34,eval_brier,0.1514
34,eval_f1,0.4186
34,eval_loss,0.2251
34,eval_mcc,0.3323
34,eval_pf,0.0933
34,eval_precision,0.4
34,eval_recall,0.439
34,eval_time,0.0
35,eval_acc,0.8416
35,eval_auc,0.6758
35,eval_brier,0.1584
35,eval_f1,0.4164
35,eval_loss,0.2294
35,eval_mcc,0.3271
35,eval_pf,0.1037
35,eval_precision,0.3836
35,eval_recall,0.4553
35,eval_time,0.0
36,eval_acc,0.8385
36,eval_auc,0.6671
36,eval_brier,0.1615
36,eval_f1,0.403
36,eval_loss,0.2361
36,eval_mcc,0.3118
36,eval_pf,0.1048
36,eval_precision,0.3724
36,eval_recall,0.439
36,eval_time,0.0
37,eval_acc,0.8567
37,eval_auc,0.667
37,eval_brier,0.1433
37,eval_f1,0.418
37,eval_loss,0.212
37,eval_mcc,0.3364
37,eval_pf,0.0806
37,eval_precision,0.4215
37,eval_recall,0.4146
37,eval_time,0.0
38,eval_acc,0.8123
38,eval_auc,0.6661
38,eval_brier,0.1877
38,eval_f1,0.3841
38,eval_loss,0.2748
38,eval_mcc,0.2847
38,eval_pf,0.1394
38,eval_precision,0.324
38,eval_recall,0.4715
38,eval_time,0.0
39,eval_acc,0.8153
39,eval_auc,0.6713
39,eval_brier,0.1847
39,eval_f1,0.392
39,eval_loss,0.2549
39,eval_mcc,0.2943
39,eval_pf,0.1371
39,eval_precision,0.3315
39,eval_recall,0.4797
39,eval_time,0.0
40,eval_acc,0.8416
40,eval_auc,0.6618
40,eval_brier,0.1584
40,eval_f1,0.3985
40,eval_loss,0.2292
40,eval_mcc,0.3083
40,eval_pf,0.0991
40,eval_precision,0.3768
40,eval_recall,0.4228
40,eval_time,0.0
41,eval_acc,0.8103
41,eval_auc,0.6719
41,eval_brier,0.1897
41,eval_f1,0.3896
41,eval_loss,0.2633
41,eval_mcc,0.2909
41,eval_pf,0.144
41,eval_precision,0.3243
41,eval_recall,0.4878
41,eval_time,0.0
42,eval_acc,0.8305
42,eval_auc,0.666
42,eval_brier,0.1695
42,eval_f1,0.3957
42,eval_loss,0.2354
42,eval_mcc,0.3013
42,eval_pf,0.1152
42,eval_precision,0.3548
42,eval_recall,0.4472
42,eval_time,0.0
43,eval_acc,0.8264
43,eval_auc,0.6637
43,eval_brier,0.1736
43,eval_f1,0.3901
43,eval_loss,0.2356
43,eval_mcc,0.2941
43,eval_pf,0.1198
43,eval_precision,0.3459
43,eval_recall,0.4472
43,eval_time,0.0
44,eval_acc,0.8083
44,eval_auc,0.6603
44,eval_brier,0.1917
44,eval_f1,0.375
44,eval_loss,0.2549
44,eval_mcc,0.2735
44,eval_pf,0.1429
44,eval_precision,0.3149
44,eval_recall,0.4634
44,eval_time,0.0
45,eval_acc,0.7962
45,eval_auc,0.6708
45,eval_brier,0.2038
45,eval_f1,0.3804
45,eval_loss,0.2738
45,eval_mcc,0.2791
45,eval_pf,0.1624
45,eval_precision,0.3054
45,eval_recall,0.5041
45,eval_time,0.0
46,eval_acc,0.8002
46,eval_auc,0.6836
46,eval_brier,0.1998
46,eval_f1,0.3963
46,eval_loss,0.2706
46,eval_mcc,0.2989
46,eval_pf,0.1613
46,eval_precision,0.3171
46,eval_recall,0.5285
46,eval_time,0.0
47,eval_acc,0.7992
47,eval_auc,0.6795
47,eval_brier,0.2008
47,eval_f1,0.3914
47,eval_loss,0.27
47,eval_mcc,0.2928
47,eval_pf,0.1613
47,eval_precision,0.3137
47,eval_recall,0.5203
47,eval_time,0.0
48,eval_acc,0.8184
48,eval_auc,0.666
48,eval_brier,0.1816
48,eval_f1,0.3878
48,eval_loss,0.2397
48,eval_mcc,0.2898
48,eval_pf,0.1313
48,eval_precision,0.3333
48,eval_recall,0.4634
48,eval_time,0.0
49,eval_acc,0.8204
49,eval_auc,0.6707
49,eval_brier,0.1796
49,eval_f1,0.3946
49,eval_loss,0.2404
49,eval_mcc,0.2979
49,eval_pf,0.1302
49,eval_precision,0.3392
49,eval_recall,0.4715
49,eval_time,0.0
50,eval_acc,0.8184
50,eval_auc,0.687
50,eval_brier,0.1816
50,eval_f1,0.4118
50,eval_loss,0.2541
50,eval_mcc,0.3178
50,eval_pf,0.1382
50,eval_precision,0.3443
50,eval_recall,0.5122
50,eval_time,0.0
51,eval_acc,0.8163
51,eval_auc,0.6858
51,eval_brier,0.1837
51,eval_f1,0.4091
51,eval_loss,0.2515
51,eval_mcc,0.3145
51,eval_pf,0.1406
51,eval_precision,0.3405
51,eval_recall,0.5122
51,eval_time,0.0
52,eval_acc,0.8052
52,eval_auc,0.676
52,eval_brier,0.1948
52,eval_f1,0.3912
52,eval_loss,0.2595
52,eval_mcc,0.2925
52,eval_pf,0.1521
52,eval_precision,0.3196
52,eval_recall,0.5041
52,eval_time,0.0
53,eval_acc,0.8133
53,eval_auc,0.6841
53,eval_brier,0.1867
53,eval_f1,0.4051
53,eval_loss,0.2575
53,eval_mcc,0.3096
53,eval_pf,0.144
53,eval_precision,0.3351
53,eval_recall,0.5122
53,eval_time,0.0
54,eval_acc,0.8163
54,eval_auc,0.6858
54,eval_brier,0.1837
54,eval_f1,0.4091
54,eval_loss,0.2512
54,eval_mcc,0.3145
54,eval_pf,0.1406
54,eval_precision,0.3405
54,eval_recall,0.5122
54,eval_time,0.0
55,eval_acc,0.7962
55,eval_auc,0.6848
55,eval_brier,0.2038
55,eval_f1,0.3952
55,eval_loss,0.2764
55,eval_mcc,0.2976
55,eval_pf,0.1671
55,eval_precision,0.3128
55,eval_recall,0.5366
55,eval_time,0.0
56,eval_acc,0.8073
56,eval_auc,0.6841
56,eval_brier,0.1927
56,eval_f1,0.4013
56,eval_loss,0.2615
56,eval_mcc,0.3048
56,eval_pf,0.1521
56,eval_precision,0.3265
56,eval_recall,0.5203
56,eval_time,0.0
57,eval_acc,0.776
57,eval_auc,0.6977
57,eval_brier,0.224
57,eval_f1,0.3967
57,eval_loss,0.2951
57,eval_mcc,0.3022
57,eval_pf,0.1982
57,eval_precision,0.298
57,eval_recall,0.5935
57,eval_time,0.0
58,eval_acc,0.7931
58,eval_auc,0.683
58,eval_brier,0.2069
58,eval_f1,0.3917
58,eval_loss,0.27
58,eval_mcc,0.2933
58,eval_pf,0.1705
58,eval_precision,0.3084
58,eval_recall,0.5366
58,eval_time,0.0
59,eval_acc,0.8214
59,eval_auc,0.6747
59,eval_brier,0.1786
59,eval_f1,0.4
59,eval_loss,0.2397
59,eval_mcc,0.3043
59,eval_pf,0.1302
59,eval_precision,0.343
59,eval_recall,0.4797
59,eval_time,0.0
60,eval_acc,0.7901
60,eval_auc,0.6743
60,eval_brier,0.2099
60,eval_f1,0.381
60,eval_loss,0.2674
60,eval_mcc,0.2799
60,eval_pf,0.1717
60,eval_precision,0.3005
60,eval_recall,0.5203
60,eval_time,0.0
61,eval_acc,0.8042
61,eval_auc,0.6894
61,eval_brier,0.1958
61,eval_f1,0.4049
61,eval_loss,0.263
61,eval_mcc,0.3094
61,eval_pf,0.1578
61,eval_precision,0.3251
61,eval_recall,0.5366
61,eval_time,0.0
62,eval_acc,0.7962
62,eval_auc,0.6987
62,eval_brier,0.2038
62,eval_f1,0.4094
62,eval_loss,0.2733
62,eval_mcc,0.3158
62,eval_pf,0.1717
62,eval_precision,0.3196
62,eval_recall,0.5691
62,eval_time,0.0
63,eval_acc,0.8093
63,eval_auc,0.6853
63,eval_brier,0.1907
63,eval_f1,0.4038
63,eval_loss,0.2543
63,eval_mcc,0.3079
63,eval_pf,0.1498
63,eval_precision,0.3299
63,eval_recall,0.5203
63,eval_time,0.0
64,eval_acc,0.8184
64,eval_auc,0.6974
64,eval_brier,0.1816
64,eval_f1,0.4231
64,eval_loss,0.2592
64,eval_mcc,0.3314
64,eval_pf,0.1417
64,eval_precision,0.3492
64,eval_recall,0.5366
64,eval_time,0.0
64,___best___,___best___
65,eval_acc,0.8042
65,eval_auc,0.7033
65,eval_brier,0.1958
65,eval_f1,0.4192
65,eval_loss,0.2673
65,eval_mcc,0.3275
65,eval_pf,0.1624
65,eval_precision,0.3318
65,eval_recall,0.5691
65,eval_time,0.0
66,eval_acc,0.8073
66,eval_auc,0.6806
66,eval_brier,0.1927
66,eval_f1,0.3975
66,eval_loss,0.2526
66,eval_mcc,0.3002
66,eval_pf,0.1509
66,eval_precision,0.3247
66,eval_recall,0.5122
66,eval_time,0.0
67,eval_acc,0.8032
67,eval_auc,0.6888
67,eval_brier,0.1968
67,eval_f1,0.4037
67,eval_loss,0.2621
67,eval_mcc,0.3079
67,eval_pf,0.159
67,eval_precision,0.3235
67,eval_recall,0.5366
67,eval_time,0.0
68,eval_acc,0.7941
68,eval_auc,0.6871
68,eval_brier,0.2059
68,eval_f1,0.3964
68,eval_loss,0.2675
68,eval_mcc,0.2993
68,eval_pf,0.1705
68,eval_precision,0.3116
68,eval_recall,0.5447
68,eval_time,0.0
69,eval_acc,0.8002
69,eval_auc,0.6801
69,eval_brier,0.1998
69,eval_f1,0.3926
69,eval_loss,0.2616
69,eval_mcc,0.2943
69,eval_pf,0.1601
69,eval_precision,0.3153
69,eval_recall,0.5203
69,eval_time,0.0
70,eval_acc,0.7992
70,eval_auc,0.683
70,eval_brier,0.2008
70,eval_f1,0.3951
70,eval_loss,0.258
70,eval_mcc,0.2974
70,eval_pf,0.1624
70,eval_precision,0.3155
70,eval_recall,0.5285
70,eval_time,0.0
71,eval_acc,0.8073
71,eval_auc,0.6876
71,eval_brier,0.1927
71,eval_f1,0.405
71,eval_loss,0.259
71,eval_mcc,0.3094
71,eval_pf,0.1532
71,eval_precision,0.3283
71,eval_recall,0.5285
71,eval_time,0.0
72,eval_acc,0.8042
72,eval_auc,0.6929
72,eval_brier,0.1958
72,eval_f1,0.4085
72,eval_loss,0.2603
72,eval_mcc,0.314
72,eval_pf,0.159
72,eval_precision,0.3268
72,eval_recall,0.5447
72,eval_time,0.0
73,eval_acc,0.8002
73,eval_auc,0.694
73,eval_brier,0.1998
73,eval_f1,0.4072
73,eval_loss,0.2635
73,eval_mcc,0.3126
73,eval_pf,0.1647
73,eval_precision,0.3223
73,eval_recall,0.5528
73,eval_time,0.0
74,eval_acc,0.7972
74,eval_auc,0.6958
74,eval_brier,0.2028
74,eval_f1,0.4071
74,eval_loss,0.2652
74,eval_mcc,0.3128
74,eval_pf,0.1694
74,eval_precision,0.3194
74,eval_recall,0.561
74,eval_time,0.0
75,eval_acc,0.7982
75,eval_auc,0.6964
75,eval_brier,0.2018
75,eval_f1,0.4083
75,eval_loss,0.2658
75,eval_mcc,0.3142
75,eval_pf,0.1682
75,eval_precision,0.3209
75,eval_recall,0.561
75,eval_time,0.0
76,eval_acc,0.8133
76,eval_auc,0.6876
76,eval_brier,0.1867
76,eval_f1,0.4089
76,eval_loss,0.2498
76,eval_mcc,0.3142
76,eval_pf,0.1452
76,eval_precision,0.3368
76,eval_recall,0.5203
76,eval_time,0.0
77,eval_acc,0.7972
77,eval_auc,0.6958
77,eval_brier,0.2028
77,eval_f1,0.4071
77,eval_loss,0.268
77,eval_mcc,0.3128
77,eval_pf,0.1694
77,eval_precision,0.3194
77,eval_recall,0.561
77,eval_time,0.0
78,eval_acc,0.8052
78,eval_auc,0.6795
78,eval_brier,0.1948
78,eval_f1,0.395
78,eval_loss,0.254
78,eval_mcc,0.2971
78,eval_pf,0.1532
78,eval_precision,0.3214
78,eval_recall,0.5122
78,eval_time,0.0
79,eval_acc,0.7901
79,eval_auc,0.6883
79,eval_brier,0.2099
79,eval_f1,0.3953
79,eval_loss,0.2706
79,eval_mcc,0.2983
79,eval_pf,0.1763
79,eval_precision,0.3077
79,eval_recall,0.5528
79,eval_time,0.0
80,eval_acc,0.8012
80,eval_auc,0.6876
80,eval_brier,0.1988
80,eval_f1,0.4012
80,eval_loss,0.2601
80,eval_mcc,0.3049
80,eval_pf,0.1613
80,eval_precision,0.3204
80,eval_recall,0.5366
80,eval_time,0.0
81,eval_acc,0.8032
81,eval_auc,0.6853
81,eval_brier,0.1968
81,eval_f1,0.4
81,eval_loss,0.2581
81,eval_mcc,0.3033
81,eval_pf,0.1578
81,eval_precision,0.3218
81,eval_recall,0.5285
81,eval_time,0.0
82,eval_acc,0.8012
82,eval_auc,0.6911
82,eval_brier,0.1988
82,eval_f1,0.4048
82,eval_loss,0.26
82,eval_mcc,0.3095
82,eval_pf,0.1624
82,eval_precision,0.3221
82,eval_recall,0.5447
82,eval_time,0.0
83,eval_acc,0.7982
83,eval_auc,0.6964
83,eval_brier,0.2018
83,eval_f1,0.4083
83,eval_loss,0.2632
83,eval_mcc,0.3142
83,eval_pf,0.1682
83,eval_precision,0.3209
83,eval_recall,0.561
83,eval_time,0.0
84,eval_acc,0.7972
84,eval_auc,0.6958
84,eval_brier,0.2028
84,eval_f1,0.4071
84,eval_loss,0.2642
84,eval_mcc,0.3128
84,eval_pf,0.1694
84,eval_precision,0.3194
84,eval_recall,0.561
84,eval_time,0.0
85,eval_acc,0.8012
85,eval_auc,0.6981
85,eval_brier,0.1988
85,eval_f1,0.4119
85,eval_loss,0.2601
85,eval_mcc,0.3186
85,eval_pf,0.1647
85,eval_precision,0.3255
85,eval_recall,0.561
85,eval_time,0.0
86,eval_acc,0.7972
86,eval_auc,0.6993
86,eval_brier,0.2028
86,eval_f1,0.4106
86,eval_loss,0.2648
86,eval_mcc,0.3173
86,eval_pf,0.1705
86,eval_precision,0.3211
86,eval_recall,0.5691
86,eval_time,0.0
87,eval_acc,0.7972
87,eval_auc,0.6853
87,eval_brier,0.2028
87,eval_f1,0.3964
87,eval_loss,0.2625
87,eval_mcc,0.2991
87,eval_pf,0.1659
87,eval_precision,0.3143
87,eval_recall,0.5366
87,eval_time,0.0
88,eval_acc,0.7931
88,eval_auc,0.69
88,eval_brier,0.2069
88,eval_f1,0.3988
88,eval_loss,0.2637
88,eval_mcc,0.3025
88,eval_pf,0.1728
88,eval_precision,0.3119
88,eval_recall,0.5528
88,eval_time,0.0
89,eval_acc,0.7972
89,eval_auc,0.6923
89,eval_brier,0.2028
89,eval_f1,0.4036
89,eval_loss,0.2629
89,eval_mcc,0.3082
89,eval_pf,0.1682
89,eval_precision,0.3178
89,eval_recall,0.5528
89,eval_time,0.0
90,eval_acc,0.7962
90,eval_auc,0.6848
90,eval_brier,0.2038
90,eval_f1,0.3952
90,eval_loss,0.2602
90,eval_mcc,0.2976
90,eval_pf,0.1671
90,eval_precision,0.3128
90,eval_recall,0.5366
90,eval_time,0.0
91,eval_acc,0.7962
91,eval_auc,0.6952
91,eval_brier,0.2038
91,eval_f1,0.4059
91,eval_loss,0.263
91,eval_mcc,0.3113
91,eval_pf,0.1705
91,eval_precision,0.318
91,eval_recall,0.561
91,eval_time,0.0
92,eval_acc,0.8012
92,eval_auc,0.6911
92,eval_brier,0.1988
92,eval_f1,0.4048
92,eval_loss,0.2575
92,eval_mcc,0.3095
92,eval_pf,0.1624
92,eval_precision,0.3221
92,eval_recall,0.5447
92,eval_time,0.0
93,eval_acc,0.7992
93,eval_auc,0.697
93,eval_brier,0.2008
93,eval_f1,0.4095
93,eval_loss,0.2603
93,eval_mcc,0.3157
93,eval_pf,0.1671
93,eval_precision,0.3224
93,eval_recall,0.561
93,eval_time,0.0
94,eval_acc,0.7972
94,eval_auc,0.6923
94,eval_brier,0.2028
94,eval_f1,0.4036
94,eval_loss,0.26
94,eval_mcc,0.3082
94,eval_pf,0.1682
94,eval_precision,0.3178
94,eval_recall,0.5528
94,eval_time,0.0
95,eval_acc,0.7952
95,eval_auc,0.6877
95,eval_brier,0.2048
95,eval_f1,0.3976
95,eval_loss,0.2608
95,eval_mcc,0.3008
95,eval_pf,0.1694
95,eval_precision,0.3131
95,eval_recall,0.5447
95,eval_time,0.0
96,eval_acc,0.7952
96,eval_auc,0.6877
96,eval_brier,0.2048
96,eval_f1,0.3976
96,eval_loss,0.2597
96,eval_mcc,0.3008
96,eval_pf,0.1694
96,eval_precision,0.3131
96,eval_recall,0.5447
96,eval_time,0.0
97,eval_acc,0.7962
97,eval_auc,0.6917
97,eval_brier,0.2038
97,eval_f1,0.4024
97,eval_loss,0.26
97,eval_mcc,0.3068
97,eval_pf,0.1694
97,eval_precision,0.3163
97,eval_recall,0.5528
97,eval_time,0.0
98,eval_acc,0.7972
98,eval_auc,0.6923
98,eval_brier,0.2028
98,eval_f1,0.4036
98,eval_loss,0.261
98,eval_mcc,0.3082
98,eval_pf,0.1682
98,eval_precision,0.3178
98,eval_recall,0.5528
98,eval_time,0.0
99,eval_acc,0.7972
99,eval_auc,0.6923
99,eval_brier,0.2028
99,eval_f1,0.4036
99,eval_loss,0.2604
99,eval_mcc,0.3082
99,eval_pf,0.1682
99,eval_precision,0.3178
99,eval_recall,0.5528
99,eval_time,0.0
