Epoch,Metrics,Score
0,eval_acc,0.7264
0,eval_auc,0.5
0,eval_brier,0.2736
0,eval_f1,0.0
0,eval_loss,0.3074
0,eval_mcc,0.0
0,eval_pf,0.0
0,eval_precision,0.0
0,eval_recall,0.0
0,eval_time,0.0
0,___inline___,___inline___
1,eval_acc,0.7264
1,eval_auc,0.5
1,eval_brier,0.2736
1,eval_f1,0.0
1,eval_loss,0.3343
1,eval_mcc,0.0
1,eval_pf,0.0
1,eval_precision,0.0
1,eval_recall,0.0
1,eval_time,0.0
2,eval_acc,0.7264
2,eval_auc,0.5107
2,eval_brier,0.2736
2,eval_f1,0.0645
2,eval_loss,0.3295
2,eval_mcc,0.0704
2,eval_pf,0.013
2,eval_precision,0.5
2,eval_recall,0.0345
2,eval_time,0.0
2,___inline___,___inline___
3,eval_acc,0.717
3,eval_auc,0.5043
3,eval_brier,0.283
3,eval_f1,0.0625
3,eval_loss,0.3557
3,eval_mcc,0.0229
3,eval_pf,0.026
3,eval_precision,0.3333
3,eval_recall,0.0345
3,eval_time,0.0
4,eval_acc,0.7264
4,eval_auc,0.5107
4,eval_brier,0.2736
4,eval_f1,0.0645
4,eval_loss,0.3312
4,eval_mcc,0.0704
4,eval_pf,0.013
4,eval_precision,0.5
4,eval_recall,0.0345
4,eval_time,0.0
5,eval_acc,0.7264
5,eval_auc,0.5107
5,eval_brier,0.2736
5,eval_f1,0.0645
5,eval_loss,0.3116
5,eval_mcc,0.0704
5,eval_pf,0.013
5,eval_precision,0.5
5,eval_recall,0.0345
5,eval_time,0.0
6,eval_acc,0.7264
6,eval_auc,0.5107
6,eval_brier,0.2736
6,eval_f1,0.0645
6,eval_loss,0.3201
6,eval_mcc,0.0704
6,eval_pf,0.013
6,eval_precision,0.5
6,eval_recall,0.0345
6,eval_time,0.0
7,eval_acc,0.717
7,eval_auc,0.5043
7,eval_brier,0.283
7,eval_f1,0.0625
7,eval_loss,0.3731
7,eval_mcc,0.0229
7,eval_pf,0.026
7,eval_precision,0.3333
7,eval_recall,0.0345
7,eval_time,0.0
8,eval_acc,0.7264
8,eval_auc,0.5107
8,eval_brier,0.2736
8,eval_f1,0.0645
8,eval_loss,0.3393
8,eval_mcc,0.0704
8,eval_pf,0.013
8,eval_precision,0.5
8,eval_recall,0.0345
8,eval_time,0.0
9,eval_acc,0.717
9,eval_auc,0.4935
9,eval_brier,0.283
9,eval_f1,0.0
9,eval_loss,0.3221
9,eval_mcc,-0.0599
9,eval_pf,0.013
9,eval_precision,0.0
9,eval_recall,0.0
9,eval_time,0.0
10,eval_acc,0.717
10,eval_auc,0.4935
10,eval_brier,0.283
10,eval_f1,0.0
10,eval_loss,0.328
10,eval_mcc,-0.0599
10,eval_pf,0.013
10,eval_precision,0.0
10,eval_recall,0.0
10,eval_time,0.0
11,eval_acc,0.717
11,eval_auc,0.4935
11,eval_brier,0.283
11,eval_f1,0.0
11,eval_loss,0.3352
11,eval_mcc,-0.0599
11,eval_pf,0.013
11,eval_precision,0.0
11,eval_recall,0.0
11,eval_time,0.0
12,eval_acc,0.717
12,eval_auc,0.4935
12,eval_brier,0.283
12,eval_f1,0.0
12,eval_loss,0.3261
12,eval_mcc,-0.0599
12,eval_pf,0.013
12,eval_precision,0.0
12,eval_recall,0.0
12,eval_time,0.0
13,eval_acc,0.7264
13,eval_auc,0.5107
13,eval_brier,0.2736
13,eval_f1,0.0645
13,eval_loss,0.3171
13,eval_mcc,0.0704
13,eval_pf,0.013
13,eval_precision,0.5
13,eval_recall,0.0345
13,eval_time,0.0
14,eval_acc,0.717
14,eval_auc,0.4935
14,eval_brier,0.283
14,eval_f1,0.0
14,eval_loss,0.3111
14,eval_mcc,-0.0599
14,eval_pf,0.013
14,eval_precision,0.0
14,eval_recall,0.0
14,eval_time,0.0
15,eval_acc,0.717
15,eval_auc,0.5043
15,eval_brier,0.283
15,eval_f1,0.0625
15,eval_loss,0.3204
15,eval_mcc,0.0229
15,eval_pf,0.026
15,eval_precision,0.3333
15,eval_recall,0.0345
15,eval_time,0.0
16,eval_acc,0.7264
16,eval_auc,0.5107
16,eval_brier,0.2736
16,eval_f1,0.0645
16,eval_loss,0.3008
16,eval_mcc,0.0704
16,eval_pf,0.013
16,eval_precision,0.5
16,eval_recall,0.0345
16,eval_time,0.0
17,eval_acc,0.717
17,eval_auc,0.5043
17,eval_brier,0.283
17,eval_f1,0.0625
17,eval_loss,0.3202
17,eval_mcc,0.0229
17,eval_pf,0.026
17,eval_precision,0.3333
17,eval_recall,0.0345
17,eval_time,0.0
18,eval_acc,0.6981
18,eval_auc,0.5128
18,eval_brier,0.3019
18,eval_f1,0.1579
18,eval_loss,0.3589
18,eval_mcc,0.0408
18,eval_pf,0.0779
18,eval_precision,0.3333
18,eval_recall,0.1034
18,eval_time,0.0
18,___inline___,___inline___
19,eval_acc,0.7075
19,eval_auc,0.5193
19,eval_brier,0.2925
19,eval_f1,0.1622
19,eval_loss,0.3455
19,eval_mcc,0.065
19,eval_pf,0.0649
19,eval_precision,0.375
19,eval_recall,0.1034
19,eval_time,0.0
19,___inline___,___inline___
20,eval_acc,0.7264
20,eval_auc,0.5107
20,eval_brier,0.2736
20,eval_f1,0.0645
20,eval_loss,0.3172
20,eval_mcc,0.0704
20,eval_pf,0.013
20,eval_precision,0.5
20,eval_recall,0.0345
20,eval_time,0.0
21,eval_acc,0.7075
21,eval_auc,0.5193
21,eval_brier,0.2925
21,eval_f1,0.1622
21,eval_loss,0.332
21,eval_mcc,0.065
21,eval_pf,0.0649
21,eval_precision,0.375
21,eval_recall,0.1034
21,eval_time,0.0
22,eval_acc,0.7075
22,eval_auc,0.5193
22,eval_brier,0.2925
22,eval_f1,0.1622
22,eval_loss,0.3335
22,eval_mcc,0.065
22,eval_pf,0.0649
22,eval_precision,0.375
22,eval_recall,0.1034
22,eval_time,0.0
23,eval_acc,0.6415
23,eval_auc,0.4845
23,eval_brier,0.3585
23,eval_f1,0.1739
23,eval_loss,0.3747
23,eval_mcc,-0.0375
23,eval_pf,0.1688
23,eval_precision,0.2353
23,eval_recall,0.1379
23,eval_time,0.0
23,___inline___,___inline___
24,eval_acc,0.6887
24,eval_auc,0.517
24,eval_brier,0.3113
24,eval_f1,0.1951
24,eval_loss,0.351
24,eval_mcc,0.0479
24,eval_pf,0.1039
24,eval_precision,0.3333
24,eval_recall,0.1379
24,eval_time,0.0
24,___inline___,___inline___
25,eval_acc,0.6981
25,eval_auc,0.5128
25,eval_brier,0.3019
25,eval_f1,0.1579
25,eval_loss,0.325
25,eval_mcc,0.0408
25,eval_pf,0.0779
25,eval_precision,0.3333
25,eval_recall,0.1034
25,eval_time,0.0
26,eval_acc,0.6698
26,eval_auc,0.504
26,eval_brier,0.3302
26,eval_f1,0.186
26,eval_loss,0.3587
26,eval_mcc,0.0106
26,eval_pf,0.1299
26,eval_precision,0.2857
26,eval_recall,0.1379
26,eval_time,0.0
27,eval_acc,0.6509
27,eval_auc,0.491
27,eval_brier,0.3491
27,eval_f1,0.1778
27,eval_loss,0.3748
27,eval_mcc,-0.0223
27,eval_pf,0.1558
27,eval_precision,0.25
27,eval_recall,0.1379
27,eval_time,0.0
28,eval_acc,0.6038
28,eval_auc,0.4693
28,eval_brier,0.3962
28,eval_f1,0.1923
28,eval_loss,0.3962
28,eval_mcc,-0.0664
28,eval_pf,0.2338
28,eval_precision,0.2174
28,eval_recall,0.1724
28,eval_time,0.0
29,eval_acc,0.6321
29,eval_auc,0.4888
29,eval_brier,0.3679
29,eval_f1,0.2041
29,eval_loss,0.387
29,eval_mcc,-0.0255
29,eval_pf,0.1948
29,eval_precision,0.25
29,eval_recall,0.1724
29,eval_time,0.0
29,___inline___,___inline___
30,eval_acc,0.5283
30,eval_auc,0.4711
30,eval_brier,0.4717
30,eval_f1,0.2857
30,eval_loss,0.4581
30,eval_mcc,-0.0529
30,eval_pf,0.4026
30,eval_precision,0.2439
30,eval_recall,0.3448
30,eval_time,0.0
30,___inline___,___inline___
31,eval_acc,0.6226
31,eval_auc,0.5038
31,eval_brier,0.3774
31,eval_f1,0.2593
31,eval_loss,0.4079
31,eval_mcc,0.008
31,eval_pf,0.2338
31,eval_precision,0.28
31,eval_recall,0.2414
31,eval_time,0.0
32,eval_acc,0.4906
32,eval_auc,0.4559
32,eval_brier,0.5094
32,eval_f1,0.2895
32,eval_loss,0.4727
32,eval_mcc,-0.0792
32,eval_pf,0.4675
32,eval_precision,0.234
32,eval_recall,0.3793
32,eval_time,0.0
32,___inline___,___inline___
33,eval_acc,0.4528
33,eval_auc,0.5052
33,eval_brier,0.5472
33,eval_f1,0.383
33,eval_loss,0.5343
33,eval_mcc,0.0094
33,eval_pf,0.6104
33,eval_precision,0.2769
33,eval_recall,0.6207
33,eval_time,0.0
33,___inline___,___inline___
34,eval_acc,0.4717
34,eval_auc,0.4966
34,eval_brier,0.5283
34,eval_f1,0.3636
34,eval_loss,0.5026
34,eval_mcc,-0.006
34,eval_pf,0.5584
34,eval_precision,0.2712
34,eval_recall,0.5517
34,eval_time,0.0
35,eval_acc,0.4717
35,eval_auc,0.4859
35,eval_brier,0.5283
35,eval_f1,0.3488
35,eval_loss,0.4912
35,eval_mcc,-0.0252
35,eval_pf,0.5455
35,eval_precision,0.2632
35,eval_recall,0.5172
35,eval_time,0.0
36,eval_acc,0.3962
36,eval_auc,0.4877
36,eval_brier,0.6038
36,eval_f1,0.3846
36,eval_loss,0.5529
36,eval_mcc,-0.0241
36,eval_pf,0.7143
36,eval_precision,0.2667
36,eval_recall,0.6897
36,eval_time,0.0
36,___inline___,___inline___
37,eval_acc,0.5
37,eval_auc,0.4731
37,eval_brier,0.5
37,eval_f1,0.3117
37,eval_loss,0.4709
37,eval_mcc,-0.0481
37,eval_pf,0.4675
37,eval_precision,0.25
37,eval_recall,0.4138
37,eval_time,0.0
38,eval_acc,0.434
38,eval_auc,0.5459
38,eval_brier,0.566
38,eval_f1,0.434
38,eval_loss,0.5804
38,eval_mcc,0.0918
38,eval_pf,0.7013
38,eval_precision,0.2987
38,eval_recall,0.7931
38,eval_time,0.0
38,___inline___,___inline___
39,eval_acc,0.3868
39,eval_auc,0.5134
39,eval_brier,0.6132
39,eval_f1,0.4144
39,eval_loss,0.5934
39,eval_mcc,0.0286
39,eval_pf,0.7662
39,eval_precision,0.2805
39,eval_recall,0.7931
39,eval_time,0.0
40,eval_acc,0.4811
40,eval_auc,0.4601
40,eval_brier,0.5189
40,eval_f1,0.3038
40,eval_loss,0.4785
40,eval_mcc,-0.0712
40,eval_pf,0.4935
40,eval_precision,0.24
40,eval_recall,0.4138
40,eval_time,0.0
41,eval_acc,0.434
41,eval_auc,0.4384
41,eval_brier,0.566
41,eval_f1,0.3023
41,eval_loss,0.4946
41,eval_mcc,-0.1101
41,eval_pf,0.5714
41,eval_precision,0.2281
41,eval_recall,0.4483
41,eval_time,0.0
42,eval_acc,0.5094
42,eval_auc,0.4796
42,eval_brier,0.4906
42,eval_f1,0.3158
42,eval_loss,0.4733
42,eval_mcc,-0.0366
42,eval_pf,0.4545
42,eval_precision,0.2553
42,eval_recall,0.4138
42,eval_time,0.0
43,eval_acc,0.434
43,eval_auc,0.4707
43,eval_brier,0.566
43,eval_f1,0.3478
43,eval_loss,0.5241
43,eval_mcc,-0.0533
43,eval_pf,0.6104
43,eval_precision,0.254
43,eval_recall,0.5517
43,eval_time,0.0
44,eval_acc,0.4434
44,eval_auc,0.4879
44,eval_brier,0.5566
44,eval_f1,0.3656
44,eval_loss,0.5368
44,eval_mcc,-0.022
44,eval_pf,0.6104
44,eval_precision,0.2656
44,eval_recall,0.5862
44,eval_time,0.0
45,eval_acc,0.4434
45,eval_auc,0.4879
45,eval_brier,0.5566
45,eval_f1,0.3656
45,eval_loss,0.5417
45,eval_mcc,-0.022
45,eval_pf,0.6104
45,eval_precision,0.2656
45,eval_recall,0.5862
45,eval_time,0.0
46,eval_acc,0.4434
46,eval_auc,0.4987
46,eval_brier,0.5566
46,eval_f1,0.3789
46,eval_loss,0.5406
46,eval_mcc,-0.0025
46,eval_pf,0.6234
46,eval_precision,0.2727
46,eval_recall,0.6207
46,eval_time,0.0
47,eval_acc,0.4057
47,eval_auc,0.4942
47,eval_brier,0.5943
47,eval_f1,0.3883
47,eval_loss,0.5708
47,eval_mcc,-0.0113
47,eval_pf,0.7013
47,eval_precision,0.2703
47,eval_recall,0.6897
47,eval_time,0.0
48,eval_acc,0.4245
48,eval_auc,0.4857
48,eval_brier,0.5755
48,eval_f1,0.3711
48,eval_loss,0.554
48,eval_mcc,-0.0266
48,eval_pf,0.6494
48,eval_precision,0.2647
48,eval_recall,0.6207
48,eval_time,0.0
49,eval_acc,0.4717
49,eval_auc,0.4644
49,eval_brier,0.5283
49,eval_f1,0.3171
49,eval_loss,0.4934
49,eval_mcc,-0.0635
49,eval_pf,0.5195
49,eval_precision,0.2453
49,eval_recall,0.4483
49,eval_time,0.0
50,eval_acc,0.4528
50,eval_auc,0.4837
50,eval_brier,0.5472
50,eval_f1,0.3556
50,eval_loss,0.5144
50,eval_mcc,-0.0295
50,eval_pf,0.5844
50,eval_precision,0.2623
50,eval_recall,0.5517
50,eval_time,0.0
51,eval_acc,0.434
51,eval_auc,0.4922
51,eval_brier,0.566
51,eval_f1,0.375
51,eval_loss,0.552
51,eval_mcc,-0.0145
51,eval_pf,0.6364
51,eval_precision,0.2687
51,eval_recall,0.6207
51,eval_time,0.0
52,eval_acc,0.4151
52,eval_auc,0.5007
52,eval_brier,0.5849
52,eval_f1,0.3922
52,eval_loss,0.5677
52,eval_mcc,0.0013
52,eval_pf,0.6883
52,eval_precision,0.274
52,eval_recall,0.6897
52,eval_time,0.0
53,eval_acc,0.4151
53,eval_auc,0.5007
53,eval_brier,0.5849
53,eval_f1,0.3922
53,eval_loss,0.5676
53,eval_mcc,0.0013
53,eval_pf,0.6883
53,eval_precision,0.274
53,eval_recall,0.6897
53,eval_time,0.0
54,eval_acc,0.4434
54,eval_auc,0.4879
54,eval_brier,0.5566
54,eval_f1,0.3656
54,eval_loss,0.5377
54,eval_mcc,-0.022
54,eval_pf,0.6104
54,eval_precision,0.2656
54,eval_recall,0.5862
54,eval_time,0.0
55,eval_acc,0.4151
55,eval_auc,0.5007
55,eval_brier,0.5849
55,eval_f1,0.3922
55,eval_loss,0.5713
55,eval_mcc,0.0013
55,eval_pf,0.6883
55,eval_precision,0.274
55,eval_recall,0.6897
55,eval_time,0.0
56,eval_acc,0.4245
56,eval_auc,0.4857
56,eval_brier,0.5755
56,eval_f1,0.3711
56,eval_loss,0.5547
56,eval_mcc,-0.0266
56,eval_pf,0.6494
56,eval_precision,0.2647
56,eval_recall,0.6207
56,eval_time,0.0
57,eval_acc,0.434
57,eval_auc,0.4707
57,eval_brier,0.566
57,eval_f1,0.3478
57,eval_loss,0.5344
57,eval_mcc,-0.0533
57,eval_pf,0.6104
57,eval_precision,0.254
57,eval_recall,0.5517
57,eval_time,0.0
58,eval_acc,0.4434
58,eval_auc,0.4879
58,eval_brier,0.5566
58,eval_f1,0.3656
58,eval_loss,0.5363
58,eval_mcc,-0.022
58,eval_pf,0.6104
58,eval_precision,0.2656
58,eval_recall,0.5862
58,eval_time,0.0
59,eval_acc,0.4057
59,eval_auc,0.4942
59,eval_brier,0.5943
59,eval_f1,0.3883
59,eval_loss,0.5686
59,eval_mcc,-0.0113
59,eval_pf,0.7013
59,eval_precision,0.2703
59,eval_recall,0.6897
59,eval_time,0.0
60,eval_acc,0.3962
60,eval_auc,0.4877
60,eval_brier,0.6038
60,eval_f1,0.3846
60,eval_loss,0.5811
60,eval_mcc,-0.0241
60,eval_pf,0.7143
60,eval_precision,0.2667
60,eval_recall,0.6897
60,eval_time,0.0
61,eval_acc,0.4528
61,eval_auc,0.5052
61,eval_brier,0.5472
61,eval_f1,0.383
61,eval_loss,0.5434
61,eval_mcc,0.0094
61,eval_pf,0.6104
61,eval_precision,0.2769
61,eval_recall,0.6207
61,eval_time,0.0
62,eval_acc,0.4245
62,eval_auc,0.4964
62,eval_brier,0.5755
62,eval_f1,0.3838
62,eval_loss,0.5641
62,eval_mcc,-0.0067
62,eval_pf,0.6623
62,eval_precision,0.2714
62,eval_recall,0.6552
62,eval_time,0.0
63,eval_acc,0.4151
63,eval_auc,0.5007
63,eval_brier,0.5849
63,eval_f1,0.3922
63,eval_loss,0.575
63,eval_mcc,0.0013
63,eval_pf,0.6883
63,eval_precision,0.274
63,eval_recall,0.6897
63,eval_time,0.0
64,eval_acc,0.4245
64,eval_auc,0.4857
64,eval_brier,0.5755
64,eval_f1,0.3711
64,eval_loss,0.5541
64,eval_mcc,-0.0266
64,eval_pf,0.6494
64,eval_precision,0.2647
64,eval_recall,0.6207
64,eval_time,0.0
65,eval_acc,0.4434
65,eval_auc,0.4879
65,eval_brier,0.5566
65,eval_f1,0.3656
65,eval_loss,0.5399
65,eval_mcc,-0.022
65,eval_pf,0.6104
65,eval_precision,0.2656
65,eval_recall,0.5862
65,eval_time,0.0
66,eval_acc,0.4151
66,eval_auc,0.4792
66,eval_brier,0.5849
66,eval_f1,0.3673
66,eval_loss,0.5647
66,eval_mcc,-0.039
66,eval_pf,0.6623
66,eval_precision,0.2609
66,eval_recall,0.6207
66,eval_time,0.0
67,eval_acc,0.3774
67,eval_auc,0.4854
67,eval_brier,0.6226
67,eval_f1,0.3889
67,eval_loss,0.588
67,eval_mcc,-0.0298
67,eval_pf,0.7532
67,eval_precision,0.2658
67,eval_recall,0.7241
67,eval_time,0.0
68,eval_acc,0.4434
68,eval_auc,0.4987
68,eval_brier,0.5566
68,eval_f1,0.3789
68,eval_loss,0.5503
68,eval_mcc,-0.0025
68,eval_pf,0.6234
68,eval_precision,0.2727
68,eval_recall,0.6207
68,eval_time,0.0
69,eval_acc,0.4528
69,eval_auc,0.5052
69,eval_brier,0.5472
69,eval_f1,0.383
69,eval_loss,0.5461
69,eval_mcc,0.0094
69,eval_pf,0.6104
69,eval_precision,0.2769
69,eval_recall,0.6207
69,eval_time,0.0
70,eval_acc,0.4528
70,eval_auc,0.5052
70,eval_brier,0.5472
70,eval_f1,0.383
70,eval_loss,0.5395
70,eval_mcc,0.0094
70,eval_pf,0.6104
70,eval_precision,0.2769
70,eval_recall,0.6207
70,eval_time,0.0
71,eval_acc,0.4245
71,eval_auc,0.4857
71,eval_brier,0.5755
71,eval_f1,0.3711
71,eval_loss,0.5525
71,eval_mcc,-0.0266
71,eval_pf,0.6494
71,eval_precision,0.2647
71,eval_recall,0.6207
71,eval_time,0.0
72,eval_acc,0.4245
72,eval_auc,0.4857
72,eval_brier,0.5755
72,eval_f1,0.3711
72,eval_loss,0.5603
72,eval_mcc,-0.0266
72,eval_pf,0.6494
72,eval_precision,0.2647
72,eval_recall,0.6207
72,eval_time,0.0
73,eval_acc,0.4057
73,eval_auc,0.4942
73,eval_brier,0.5943
73,eval_f1,0.3883
73,eval_loss,0.5745
73,eval_mcc,-0.0113
73,eval_pf,0.7013
73,eval_precision,0.2703
73,eval_recall,0.6897
73,eval_time,0.0
74,eval_acc,0.4528
74,eval_auc,0.5052
74,eval_brier,0.5472
74,eval_f1,0.383
74,eval_loss,0.5431
74,eval_mcc,0.0094
74,eval_pf,0.6104
74,eval_precision,0.2769
74,eval_recall,0.6207
74,eval_time,0.0
75,eval_acc,0.4151
75,eval_auc,0.5007
75,eval_brier,0.5849
75,eval_f1,0.3922
75,eval_loss,0.5699
75,eval_mcc,0.0013
75,eval_pf,0.6883
75,eval_precision,0.274
75,eval_recall,0.6897
75,eval_time,0.0
76,eval_acc,0.4434
76,eval_auc,0.4987
76,eval_brier,0.5566
76,eval_f1,0.3789
76,eval_loss,0.5525
76,eval_mcc,-0.0025
76,eval_pf,0.6234
76,eval_precision,0.2727
76,eval_recall,0.6207
76,eval_time,0.0
77,eval_acc,0.434
77,eval_auc,0.4922
77,eval_brier,0.566
77,eval_f1,0.375
77,eval_loss,0.5544
77,eval_mcc,-0.0145
77,eval_pf,0.6364
77,eval_precision,0.2687
77,eval_recall,0.6207
77,eval_time,0.0
78,eval_acc,0.4057
78,eval_auc,0.4942
78,eval_brier,0.5943
78,eval_f1,0.3883
78,eval_loss,0.5755
78,eval_mcc,-0.0113
78,eval_pf,0.7013
78,eval_precision,0.2703
78,eval_recall,0.6897
78,eval_time,0.0
79,eval_acc,0.4151
79,eval_auc,0.5007
79,eval_brier,0.5849
79,eval_f1,0.3922
79,eval_loss,0.5749
79,eval_mcc,0.0013
79,eval_pf,0.6883
79,eval_precision,0.274
79,eval_recall,0.6897
79,eval_time,0.0
80,eval_acc,0.434
80,eval_auc,0.4922
80,eval_brier,0.566
80,eval_f1,0.375
80,eval_loss,0.5538
80,eval_mcc,-0.0145
80,eval_pf,0.6364
80,eval_precision,0.2687
80,eval_recall,0.6207
80,eval_time,0.0
81,eval_acc,0.4151
81,eval_auc,0.5007
81,eval_brier,0.5849
81,eval_f1,0.3922
81,eval_loss,0.5694
81,eval_mcc,0.0013
81,eval_pf,0.6883
81,eval_precision,0.274
81,eval_recall,0.6897
81,eval_time,0.0
82,eval_acc,0.434
82,eval_auc,0.4922
82,eval_brier,0.566
82,eval_f1,0.375
82,eval_loss,0.5533
82,eval_mcc,-0.0145
82,eval_pf,0.6364
82,eval_precision,0.2687
82,eval_recall,0.6207
82,eval_time,0.0
83,eval_acc,0.434
83,eval_auc,0.4922
83,eval_brier,0.566
83,eval_f1,0.375
83,eval_loss,0.5588
83,eval_mcc,-0.0145
83,eval_pf,0.6364
83,eval_precision,0.2687
83,eval_recall,0.6207
83,eval_time,0.0
84,eval_acc,0.4151
84,eval_auc,0.5007
84,eval_brier,0.5849
84,eval_f1,0.3922
84,eval_loss,0.5692
84,eval_mcc,0.0013
84,eval_pf,0.6883
84,eval_precision,0.274
84,eval_recall,0.6897
84,eval_time,0.0
85,eval_acc,0.4623
85,eval_auc,0.5116
85,eval_brier,0.5377
85,eval_f1,0.3871
85,eval_loss,0.5472
85,eval_mcc,0.0212
85,eval_pf,0.5974
85,eval_precision,0.2812
85,eval_recall,0.6207
85,eval_time,0.0
86,eval_acc,0.4528
86,eval_auc,0.5052
86,eval_brier,0.5472
86,eval_f1,0.383
86,eval_loss,0.5491
86,eval_mcc,0.0094
86,eval_pf,0.6104
86,eval_precision,0.2769
86,eval_recall,0.6207
86,eval_time,0.0
87,eval_acc,0.4245
87,eval_auc,0.4857
87,eval_brier,0.5755
87,eval_f1,0.3711
87,eval_loss,0.5589
87,eval_mcc,-0.0266
87,eval_pf,0.6494
87,eval_precision,0.2647
87,eval_recall,0.6207
87,eval_time,0.0
88,eval_acc,0.434
88,eval_auc,0.4922
88,eval_brier,0.566
88,eval_f1,0.375
88,eval_loss,0.5539
88,eval_mcc,-0.0145
88,eval_pf,0.6364
88,eval_precision,0.2687
88,eval_recall,0.6207
88,eval_time,0.0
89,eval_acc,0.4623
89,eval_auc,0.5116
89,eval_brier,0.5377
89,eval_f1,0.3871
89,eval_loss,0.5475
89,eval_mcc,0.0212
89,eval_pf,0.5974
89,eval_precision,0.2812
89,eval_recall,0.6207
89,eval_time,0.0
90,eval_acc,0.434
90,eval_auc,0.4922
90,eval_brier,0.566
90,eval_f1,0.375
90,eval_loss,0.556
90,eval_mcc,-0.0145
90,eval_pf,0.6364
90,eval_precision,0.2687
90,eval_recall,0.6207
90,eval_time,0.0
91,eval_acc,0.4245
91,eval_auc,0.4857
91,eval_brier,0.5755
91,eval_f1,0.3711
91,eval_loss,0.5525
91,eval_mcc,-0.0266
91,eval_pf,0.6494
91,eval_precision,0.2647
91,eval_recall,0.6207
91,eval_time,0.0
92,eval_acc,0.4245
92,eval_auc,0.4857
92,eval_brier,0.5755
92,eval_f1,0.3711
92,eval_loss,0.5531
92,eval_mcc,-0.0266
92,eval_pf,0.6494
92,eval_precision,0.2647
92,eval_recall,0.6207
92,eval_time,0.0
93,eval_acc,0.4245
93,eval_auc,0.4857
93,eval_brier,0.5755
93,eval_f1,0.3711
93,eval_loss,0.5537
93,eval_mcc,-0.0266
93,eval_pf,0.6494
93,eval_precision,0.2647
93,eval_recall,0.6207
93,eval_time,0.0
94,eval_acc,0.4245
94,eval_auc,0.4857
94,eval_brier,0.5755
94,eval_f1,0.3711
94,eval_loss,0.554
94,eval_mcc,-0.0266
94,eval_pf,0.6494
94,eval_precision,0.2647
94,eval_recall,0.6207
94,eval_time,0.0
95,eval_acc,0.434
95,eval_auc,0.4922
95,eval_brier,0.566
95,eval_f1,0.375
95,eval_loss,0.5524
95,eval_mcc,-0.0145
95,eval_pf,0.6364
95,eval_precision,0.2687
95,eval_recall,0.6207
95,eval_time,0.0
96,eval_acc,0.4245
96,eval_auc,0.4857
96,eval_brier,0.5755
96,eval_f1,0.3711
96,eval_loss,0.5554
96,eval_mcc,-0.0266
96,eval_pf,0.6494
96,eval_precision,0.2647
96,eval_recall,0.6207
96,eval_time,0.0
97,eval_acc,0.434
97,eval_auc,0.4922
97,eval_brier,0.566
97,eval_f1,0.375
97,eval_loss,0.5509
97,eval_mcc,-0.0145
97,eval_pf,0.6364
97,eval_precision,0.2687
97,eval_recall,0.6207
97,eval_time,0.0
98,eval_acc,0.4245
98,eval_auc,0.4857
98,eval_brier,0.5755
98,eval_f1,0.3711
98,eval_loss,0.5511
98,eval_mcc,-0.0266
98,eval_pf,0.6494
98,eval_precision,0.2647
98,eval_recall,0.6207
98,eval_time,0.0
99,eval_acc,0.4245
99,eval_auc,0.4857
99,eval_brier,0.5755
99,eval_f1,0.3711
99,eval_loss,0.5513
99,eval_mcc,-0.0266
99,eval_pf,0.6494
99,eval_precision,0.2647
99,eval_recall,0.6207
99,eval_time,0.0
