Epoch,Metrics,Score
0,eval_acc,0.7264
0,eval_auc,0.5
0,eval_brier,0.2736
0,eval_f1,0.0
0,eval_loss,0.3118
0,eval_mcc,0.0
0,eval_pf,0.0
0,eval_precision,0.0
0,eval_recall,0.0
0,eval_time,0.0
0,___inline___,___inline___
1,eval_acc,0.7264
1,eval_auc,0.5
1,eval_brier,0.2736
1,eval_f1,0.0
1,eval_loss,0.3191
1,eval_mcc,0.0
1,eval_pf,0.0
1,eval_precision,0.0
1,eval_recall,0.0
1,eval_time,0.0
2,eval_acc,0.7264
2,eval_auc,0.5
2,eval_brier,0.2736
2,eval_f1,0.0
2,eval_loss,0.3291
2,eval_mcc,0.0
2,eval_pf,0.0
2,eval_precision,0.0
2,eval_recall,0.0
2,eval_time,0.0
3,eval_acc,0.7264
3,eval_auc,0.5
3,eval_brier,0.2736
3,eval_f1,0.0
3,eval_loss,0.3187
3,eval_mcc,0.0
3,eval_pf,0.0
3,eval_precision,0.0
3,eval_recall,0.0
3,eval_time,0.0
4,eval_acc,0.7264
4,eval_auc,0.5
4,eval_brier,0.2736
4,eval_f1,0.0
4,eval_loss,0.3279
4,eval_mcc,0.0
4,eval_pf,0.0
4,eval_precision,0.0
4,eval_recall,0.0
4,eval_time,0.0
5,eval_acc,0.7264
5,eval_auc,0.5
5,eval_brier,0.2736
5,eval_f1,0.0
5,eval_loss,0.3693
5,eval_mcc,0.0
5,eval_pf,0.0
5,eval_precision,0.0
5,eval_recall,0.0
5,eval_time,0.0
6,eval_acc,0.7264
6,eval_auc,0.5
6,eval_brier,0.2736
6,eval_f1,0.0
6,eval_loss,0.3916
6,eval_mcc,0.0
6,eval_pf,0.0
6,eval_precision,0.0
6,eval_recall,0.0
6,eval_time,0.0
7,eval_acc,0.7264
7,eval_auc,0.5107
7,eval_brier,0.2736
7,eval_f1,0.0645
7,eval_loss,0.4231
7,eval_mcc,0.0704
7,eval_pf,0.013
7,eval_precision,0.5
7,eval_recall,0.0345
7,eval_time,0.0
7,___inline___,___inline___
8,eval_acc,0.7264
8,eval_auc,0.5107
8,eval_brier,0.2736
8,eval_f1,0.0645
8,eval_loss,0.4014
8,eval_mcc,0.0704
8,eval_pf,0.013
8,eval_precision,0.5
8,eval_recall,0.0345
8,eval_time,0.0
9,eval_acc,0.7358
9,eval_auc,0.528
9,eval_brier,0.2642
9,eval_f1,0.125
9,eval_loss,0.3922
9,eval_mcc,0.1505
9,eval_pf,0.013
9,eval_precision,0.6667
9,eval_recall,0.069
9,eval_time,0.0
9,___inline___,___inline___
10,eval_acc,0.7264
10,eval_auc,0.5107
10,eval_brier,0.2736
10,eval_f1,0.0645
10,eval_loss,0.381
10,eval_mcc,0.0704
10,eval_pf,0.013
10,eval_precision,0.5
10,eval_recall,0.0345
10,eval_time,0.0
11,eval_acc,0.7264
11,eval_auc,0.5215
11,eval_brier,0.2736
11,eval_f1,0.1212
11,eval_loss,0.408
11,eval_mcc,0.1006
11,eval_pf,0.026
11,eval_precision,0.5
11,eval_recall,0.069
11,eval_time,0.0
12,eval_acc,0.7264
12,eval_auc,0.5215
12,eval_brier,0.2736
12,eval_f1,0.1212
12,eval_loss,0.3983
12,eval_mcc,0.1006
12,eval_pf,0.026
12,eval_precision,0.5
12,eval_recall,0.069
12,eval_time,0.0
13,eval_acc,0.7075
13,eval_auc,0.5085
13,eval_brier,0.2925
13,eval_f1,0.1143
13,eval_loss,0.3971
13,eval_mcc,0.0328
13,eval_pf,0.0519
13,eval_precision,0.3333
13,eval_recall,0.069
13,eval_time,0.0
14,eval_acc,0.717
14,eval_auc,0.5365
14,eval_brier,0.283
14,eval_f1,0.2105
14,eval_loss,0.4135
14,eval_mcc,0.1167
14,eval_pf,0.0649
14,eval_precision,0.4444
14,eval_recall,0.1379
14,eval_time,0.0
14,___inline___,___inline___
15,eval_acc,0.7264
15,eval_auc,0.543
15,eval_brier,0.2736
15,eval_f1,0.2162
15,eval_loss,0.3775
15,eval_mcc,0.1451
15,eval_pf,0.0519
15,eval_precision,0.5
15,eval_recall,0.1379
15,eval_time,0.0
15,___inline___,___inline___
16,eval_acc,0.7264
16,eval_auc,0.543
16,eval_brier,0.2736
16,eval_f1,0.2162
16,eval_loss,0.3456
16,eval_mcc,0.1451
16,eval_pf,0.0519
16,eval_precision,0.5
16,eval_recall,0.1379
16,eval_time,0.0
17,eval_acc,0.7075
17,eval_auc,0.5408
17,eval_brier,0.2925
17,eval_f1,0.2439
17,eval_loss,0.3586
17,eval_mcc,0.1147
17,eval_pf,0.0909
17,eval_precision,0.4167
17,eval_recall,0.1724
17,eval_time,0.0
17,___inline___,___inline___
18,eval_acc,0.6792
18,eval_auc,0.618
18,eval_brier,0.3208
18,eval_f1,0.4516
18,eval_loss,0.4132
18,eval_mcc,0.2272
18,eval_pf,0.2468
18,eval_precision,0.4242
18,eval_recall,0.4828
18,eval_time,0.0
18,___inline___,___inline___
19,eval_acc,0.6415
19,eval_auc,0.6135
19,eval_brier,0.3585
19,eval_f1,0.4571
19,eval_loss,0.438
19,eval_mcc,0.2078
19,eval_pf,0.3247
19,eval_precision,0.3902
19,eval_recall,0.5517
19,eval_time,0.0
19,___best___,___best___
20,eval_acc,0.717
20,eval_auc,0.6225
20,eval_brier,0.283
20,eval_f1,0.4444
20,eval_loss,0.3903
20,eval_mcc,0.2572
20,eval_pf,0.1688
20,eval_precision,0.48
20,eval_recall,0.4138
20,eval_time,0.0
21,eval_acc,0.4528
21,eval_auc,0.5374
21,eval_brier,0.5472
21,eval_f1,0.42
21,eval_loss,0.5223
21,eval_mcc,0.0709
21,eval_pf,0.6494
21,eval_precision,0.2958
21,eval_recall,0.7241
21,eval_time,0.0
22,eval_acc,0.566
22,eval_auc,0.5938
22,eval_brier,0.434
22,eval_f1,0.4524
22,eval_loss,0.4831
22,eval_mcc,0.1674
22,eval_pf,0.4675
22,eval_precision,0.3455
22,eval_recall,0.6552
22,eval_time,0.0
23,eval_acc,0.6415
23,eval_auc,0.592
23,eval_brier,0.3585
23,eval_f1,0.4242
23,eval_loss,0.3661
23,eval_mcc,0.1721
23,eval_pf,0.2987
23,eval_precision,0.3784
23,eval_recall,0.4828
23,eval_time,0.0
24,eval_acc,0.6132
24,eval_auc,0.6048
24,eval_brier,0.3868
24,eval_f1,0.4533
24,eval_loss,0.3968
24,eval_mcc,0.1885
24,eval_pf,0.3766
24,eval_precision,0.3696
24,eval_recall,0.5862
24,eval_time,0.0
25,eval_acc,0.6132
25,eval_auc,0.6263
25,eval_brier,0.3868
25,eval_f1,0.481
25,eval_loss,0.4304
25,eval_mcc,0.2256
25,eval_pf,0.4026
25,eval_precision,0.38
25,eval_recall,0.6552
25,eval_time,0.0
25,___best___,___best___
26,eval_acc,0.6792
26,eval_auc,0.6073
26,eval_brier,0.3208
26,eval_f1,0.4333
26,eval_loss,0.3658
26,eval_mcc,0.2102
26,eval_pf,0.2338
26,eval_precision,0.4194
26,eval_recall,0.4483
26,eval_time,0.0
27,eval_acc,0.5849
27,eval_auc,0.6068
27,eval_brier,0.4151
27,eval_f1,0.4634
27,eval_loss,0.4515
27,eval_mcc,0.1905
27,eval_pf,0.4416
27,eval_precision,0.3585
27,eval_recall,0.6552
27,eval_time,0.0
28,eval_acc,0.6792
28,eval_auc,0.6073
28,eval_brier,0.3208
28,eval_f1,0.4333
28,eval_loss,0.3432
28,eval_mcc,0.2102
28,eval_pf,0.2338
28,eval_precision,0.4194
28,eval_recall,0.4483
28,eval_time,0.0
29,eval_acc,0.6132
29,eval_auc,0.6155
29,eval_brier,0.3868
29,eval_f1,0.4675
29,eval_loss,0.4676
29,eval_mcc,0.207
29,eval_pf,0.3896
29,eval_precision,0.375
29,eval_recall,0.6207
29,eval_time,0.0
30,eval_acc,0.6698
30,eval_auc,0.6115
30,eval_brier,0.3302
30,eval_f1,0.4444
30,eval_loss,0.3787
30,eval_mcc,0.213
30,eval_pf,0.2597
30,eval_precision,0.4118
30,eval_recall,0.4828
30,eval_time,0.0
31,eval_acc,0.6038
31,eval_auc,0.5768
31,eval_brier,0.3962
31,eval_f1,0.4167
31,eval_loss,0.4091
31,eval_mcc,0.1395
31,eval_pf,0.3636
31,eval_precision,0.3488
31,eval_recall,0.5172
31,eval_time,0.0
32,eval_acc,0.5943
32,eval_auc,0.6026
32,eval_brier,0.4057
32,eval_f1,0.4557
32,eval_loss,0.4339
32,eval_mcc,0.1832
32,eval_pf,0.4156
32,eval_precision,0.36
32,eval_recall,0.6207
32,eval_time,0.0
33,eval_acc,0.4811
33,eval_auc,0.5784
33,eval_brier,0.5189
33,eval_f1,0.4554
33,eval_loss,0.5232
33,eval_mcc,0.1497
33,eval_pf,0.6364
33,eval_precision,0.3194
33,eval_recall,0.7931
33,eval_time,0.0
34,eval_acc,0.7075
34,eval_auc,0.5622
34,eval_brier,0.2925
34,eval_f1,0.3111
34,eval_loss,0.3534
34,eval_mcc,0.155
34,eval_pf,0.1169
34,eval_precision,0.4375
34,eval_recall,0.2414
34,eval_time,0.0
35,eval_acc,0.6226
35,eval_auc,0.6005
35,eval_brier,0.3774
35,eval_f1,0.4444
35,eval_loss,0.3717
35,eval_mcc,0.1826
35,eval_pf,0.3506
35,eval_precision,0.3721
35,eval_recall,0.5517
35,eval_time,0.0
36,eval_acc,0.5377
36,eval_auc,0.5958
36,eval_brier,0.4623
36,eval_f1,0.4615
36,eval_loss,0.4746
36,eval_mcc,0.1734
36,eval_pf,0.5325
36,eval_precision,0.3387
36,eval_recall,0.7241
36,eval_time,0.0
37,eval_acc,0.6226
37,eval_auc,0.6005
37,eval_brier,0.3774
37,eval_f1,0.4444
37,eval_loss,0.3864
37,eval_mcc,0.1826
37,eval_pf,0.3506
37,eval_precision,0.3721
37,eval_recall,0.5517
37,eval_time,0.0
38,eval_acc,0.6132
38,eval_auc,0.6155
38,eval_brier,0.3868
38,eval_f1,0.4675
38,eval_loss,0.4146
38,eval_mcc,0.207
38,eval_pf,0.3896
38,eval_precision,0.375
38,eval_recall,0.6207
38,eval_time,0.0
39,eval_acc,0.6887
39,eval_auc,0.603
39,eval_brier,0.3113
39,eval_f1,0.4211
39,eval_loss,0.3323
39,eval_mcc,0.2083
39,eval_pf,0.2078
39,eval_precision,0.4286
39,eval_recall,0.4138
39,eval_time,0.0
40,eval_acc,0.6132
40,eval_auc,0.5833
40,eval_brier,0.3868
40,eval_f1,0.4225
40,eval_loss,0.3658
40,eval_mcc,0.1518
40,eval_pf,0.3506
40,eval_precision,0.3571
40,eval_recall,0.5172
40,eval_time,0.0
41,eval_acc,0.6132
41,eval_auc,0.594
41,eval_brier,0.3868
41,eval_f1,0.4384
41,eval_loss,0.3784
41,eval_mcc,0.1702
41,eval_pf,0.3636
41,eval_precision,0.3636
41,eval_recall,0.5517
41,eval_time,0.0
42,eval_acc,0.6132
42,eval_auc,0.594
42,eval_brier,0.3868
42,eval_f1,0.4384
42,eval_loss,0.3703
42,eval_mcc,0.1702
42,eval_pf,0.3636
42,eval_precision,0.3636
42,eval_recall,0.5517
42,eval_time,0.0
43,eval_acc,0.5943
43,eval_auc,0.5918
43,eval_brier,0.4057
43,eval_f1,0.4416
43,eval_loss,0.4203
43,eval_mcc,0.1644
43,eval_pf,0.4026
43,eval_precision,0.3542
43,eval_recall,0.5862
43,eval_time,0.0
44,eval_acc,0.6321
44,eval_auc,0.607
44,eval_brier,0.3679
44,eval_f1,0.4507
44,eval_loss,0.373
44,eval_mcc,0.1951
44,eval_pf,0.3377
44,eval_precision,0.381
44,eval_recall,0.5517
44,eval_time,0.0
45,eval_acc,0.6132
45,eval_auc,0.594
45,eval_brier,0.3868
45,eval_f1,0.4384
45,eval_loss,0.3732
45,eval_mcc,0.1702
45,eval_pf,0.3636
45,eval_precision,0.3636
45,eval_recall,0.5517
45,eval_time,0.0
46,eval_acc,0.6038
46,eval_auc,0.5983
46,eval_brier,0.3962
46,eval_f1,0.4474
46,eval_loss,0.3823
46,eval_mcc,0.1764
46,eval_pf,0.3896
46,eval_precision,0.3617
46,eval_recall,0.5862
46,eval_time,0.0
47,eval_acc,0.6698
47,eval_auc,0.5793
47,eval_brier,0.3302
47,eval_f1,0.386
47,eval_loss,0.3812
47,eval_mcc,0.1603
47,eval_pf,0.2208
47,eval_precision,0.3929
47,eval_recall,0.3793
47,eval_time,0.0
48,eval_acc,0.6698
48,eval_auc,0.6115
48,eval_brier,0.3302
48,eval_f1,0.4444
48,eval_loss,0.3344
48,eval_mcc,0.213
48,eval_pf,0.2597
48,eval_precision,0.4118
48,eval_recall,0.4828
48,eval_time,0.0
49,eval_acc,0.6132
49,eval_auc,0.594
49,eval_brier,0.3868
49,eval_f1,0.4384
49,eval_loss,0.4088
49,eval_mcc,0.1702
49,eval_pf,0.3636
49,eval_precision,0.3636
49,eval_recall,0.5517
49,eval_time,0.0
50,eval_acc,0.6132
50,eval_auc,0.6048
50,eval_brier,0.3868
50,eval_f1,0.4533
50,eval_loss,0.3985
50,eval_mcc,0.1885
50,eval_pf,0.3766
50,eval_precision,0.3696
50,eval_recall,0.5862
50,eval_time,0.0
51,eval_acc,0.6321
51,eval_auc,0.607
51,eval_brier,0.3679
51,eval_f1,0.4507
51,eval_loss,0.3972
51,eval_mcc,0.1951
51,eval_pf,0.3377
51,eval_precision,0.381
51,eval_recall,0.5517
51,eval_time,0.0
52,eval_acc,0.6321
52,eval_auc,0.607
52,eval_brier,0.3679
52,eval_f1,0.4507
52,eval_loss,0.3631
52,eval_mcc,0.1951
52,eval_pf,0.3377
52,eval_precision,0.381
52,eval_recall,0.5517
52,eval_time,0.0
53,eval_acc,0.6132
53,eval_auc,0.594
53,eval_brier,0.3868
53,eval_f1,0.4384
53,eval_loss,0.3735
53,eval_mcc,0.1702
53,eval_pf,0.3636
53,eval_precision,0.3636
53,eval_recall,0.5517
53,eval_time,0.0
54,eval_acc,0.5943
54,eval_auc,0.6026
54,eval_brier,0.4057
54,eval_f1,0.4557
54,eval_loss,0.4069
54,eval_mcc,0.1832
54,eval_pf,0.4156
54,eval_precision,0.36
54,eval_recall,0.6207
54,eval_time,0.0
55,eval_acc,0.5943
55,eval_auc,0.6026
55,eval_brier,0.4057
55,eval_f1,0.4557
55,eval_loss,0.4103
55,eval_mcc,0.1832
55,eval_pf,0.4156
55,eval_precision,0.36
55,eval_recall,0.6207
55,eval_time,0.0
56,eval_acc,0.5943
56,eval_auc,0.5918
56,eval_brier,0.4057
56,eval_f1,0.4416
56,eval_loss,0.4042
56,eval_mcc,0.1644
56,eval_pf,0.4026
56,eval_precision,0.3542
56,eval_recall,0.5862
56,eval_time,0.0
57,eval_acc,0.6132
57,eval_auc,0.594
57,eval_brier,0.3868
57,eval_f1,0.4384
57,eval_loss,0.3731
57,eval_mcc,0.1702
57,eval_pf,0.3636
57,eval_precision,0.3636
57,eval_recall,0.5517
57,eval_time,0.0
58,eval_acc,0.6321
58,eval_auc,0.607
58,eval_brier,0.3679
58,eval_f1,0.4507
58,eval_loss,0.3609
58,eval_mcc,0.1951
58,eval_pf,0.3377
58,eval_precision,0.381
58,eval_recall,0.5517
58,eval_time,0.0
59,eval_acc,0.6038
59,eval_auc,0.5983
59,eval_brier,0.3962
59,eval_f1,0.4474
59,eval_loss,0.3922
59,eval_mcc,0.1764
59,eval_pf,0.3896
59,eval_precision,0.3617
59,eval_recall,0.5862
59,eval_time,0.0
60,eval_acc,0.5943
60,eval_auc,0.5918
60,eval_brier,0.4057
60,eval_f1,0.4416
60,eval_loss,0.3947
60,eval_mcc,0.1644
60,eval_pf,0.4026
60,eval_precision,0.3542
60,eval_recall,0.5862
60,eval_time,0.0
61,eval_acc,0.6321
61,eval_auc,0.607
61,eval_brier,0.3679
61,eval_f1,0.4507
61,eval_loss,0.3836
61,eval_mcc,0.1951
61,eval_pf,0.3377
61,eval_precision,0.381
61,eval_recall,0.5517
61,eval_time,0.0
62,eval_acc,0.6038
62,eval_auc,0.5983
62,eval_brier,0.3962
62,eval_f1,0.4474
62,eval_loss,0.3865
62,eval_mcc,0.1764
62,eval_pf,0.3896
62,eval_precision,0.3617
62,eval_recall,0.5862
62,eval_time,0.0
63,eval_acc,0.5755
63,eval_auc,0.6218
63,eval_brier,0.4245
63,eval_f1,0.4828
63,eval_loss,0.439
63,eval_mcc,0.2182
63,eval_pf,0.4805
63,eval_precision,0.3621
63,eval_recall,0.7241
63,eval_time,0.0
63,___best___,___best___
64,eval_acc,0.6132
64,eval_auc,0.6048
64,eval_brier,0.3868
64,eval_f1,0.4533
64,eval_loss,0.4132
64,eval_mcc,0.1885
64,eval_pf,0.3766
64,eval_precision,0.3696
64,eval_recall,0.5862
64,eval_time,0.0
65,eval_acc,0.6321
65,eval_auc,0.607
65,eval_brier,0.3679
65,eval_f1,0.4507
65,eval_loss,0.3645
65,eval_mcc,0.1951
65,eval_pf,0.3377
65,eval_precision,0.381
65,eval_recall,0.5517
65,eval_time,0.0
66,eval_acc,0.6038
66,eval_auc,0.5983
66,eval_brier,0.3962
66,eval_f1,0.4474
66,eval_loss,0.3944
66,eval_mcc,0.1764
66,eval_pf,0.3896
66,eval_precision,0.3617
66,eval_recall,0.5862
66,eval_time,0.0
67,eval_acc,0.6132
67,eval_auc,0.594
67,eval_brier,0.3868
67,eval_f1,0.4384
67,eval_loss,0.3834
67,eval_mcc,0.1702
67,eval_pf,0.3636
67,eval_precision,0.3636
67,eval_recall,0.5517
67,eval_time,0.0
68,eval_acc,0.6038
68,eval_auc,0.5983
68,eval_brier,0.3962
68,eval_f1,0.4474
68,eval_loss,0.4564
68,eval_mcc,0.1764
68,eval_pf,0.3896
68,eval_precision,0.3617
68,eval_recall,0.5862
68,eval_time,0.0
69,eval_acc,0.6132
69,eval_auc,0.6048
69,eval_brier,0.3868
69,eval_f1,0.4533
69,eval_loss,0.4079
69,eval_mcc,0.1885
69,eval_pf,0.3766
69,eval_precision,0.3696
69,eval_recall,0.5862
69,eval_time,0.0
70,eval_acc,0.5943
70,eval_auc,0.5918
70,eval_brier,0.4057
70,eval_f1,0.4416
70,eval_loss,0.4075
70,eval_mcc,0.1644
70,eval_pf,0.4026
70,eval_precision,0.3542
70,eval_recall,0.5862
70,eval_time,0.0
71,eval_acc,0.6132
71,eval_auc,0.594
71,eval_brier,0.3868
71,eval_f1,0.4384
71,eval_loss,0.3701
71,eval_mcc,0.1702
71,eval_pf,0.3636
71,eval_precision,0.3636
71,eval_recall,0.5517
71,eval_time,0.0
72,eval_acc,0.6321
72,eval_auc,0.607
72,eval_brier,0.3679
72,eval_f1,0.4507
72,eval_loss,0.3732
72,eval_mcc,0.1951
72,eval_pf,0.3377
72,eval_precision,0.381
72,eval_recall,0.5517
72,eval_time,0.0
73,eval_acc,0.6132
73,eval_auc,0.594
73,eval_brier,0.3868
73,eval_f1,0.4384
73,eval_loss,0.3989
73,eval_mcc,0.1702
73,eval_pf,0.3636
73,eval_precision,0.3636
73,eval_recall,0.5517
73,eval_time,0.0
74,eval_acc,0.6132
74,eval_auc,0.6048
74,eval_brier,0.3868
74,eval_f1,0.4533
74,eval_loss,0.3919
74,eval_mcc,0.1885
74,eval_pf,0.3766
74,eval_precision,0.3696
74,eval_recall,0.5862
74,eval_time,0.0
75,eval_acc,0.6132
75,eval_auc,0.6048
75,eval_brier,0.3868
75,eval_f1,0.4533
75,eval_loss,0.3846
75,eval_mcc,0.1885
75,eval_pf,0.3766
75,eval_precision,0.3696
75,eval_recall,0.5862
75,eval_time,0.0
76,eval_acc,0.5849
76,eval_auc,0.5853
76,eval_brier,0.4151
76,eval_f1,0.4359
76,eval_loss,0.4
76,eval_mcc,0.1526
76,eval_pf,0.4156
76,eval_precision,0.3469
76,eval_recall,0.5862
76,eval_time,0.0
77,eval_acc,0.5094
77,eval_auc,0.5871
77,eval_brier,0.4906
77,eval_f1,0.4583
77,eval_loss,0.4923
77,eval_mcc,0.161
77,eval_pf,0.5844
77,eval_precision,0.3284
77,eval_recall,0.7586
77,eval_time,0.0
78,eval_acc,0.6038
78,eval_auc,0.5983
78,eval_brier,0.3962
78,eval_f1,0.4474
78,eval_loss,0.3979
78,eval_mcc,0.1764
78,eval_pf,0.3896
78,eval_precision,0.3617
78,eval_recall,0.5862
78,eval_time,0.0
79,eval_acc,0.6132
79,eval_auc,0.6048
79,eval_brier,0.3868
79,eval_f1,0.4533
79,eval_loss,0.3882
79,eval_mcc,0.1885
79,eval_pf,0.3766
79,eval_precision,0.3696
79,eval_recall,0.5862
79,eval_time,0.0
80,eval_acc,0.6038
80,eval_auc,0.5983
80,eval_brier,0.3962
80,eval_f1,0.4474
80,eval_loss,0.3957
80,eval_mcc,0.1764
80,eval_pf,0.3896
80,eval_precision,0.3617
80,eval_recall,0.5862
80,eval_time,0.0
81,eval_acc,0.6132
81,eval_auc,0.6048
81,eval_brier,0.3868
81,eval_f1,0.4533
81,eval_loss,0.4266
81,eval_mcc,0.1885
81,eval_pf,0.3766
81,eval_precision,0.3696
81,eval_recall,0.5862
81,eval_time,0.0
82,eval_acc,0.6038
82,eval_auc,0.5983
82,eval_brier,0.3962
82,eval_f1,0.4474
82,eval_loss,0.3996
82,eval_mcc,0.1764
82,eval_pf,0.3896
82,eval_precision,0.3617
82,eval_recall,0.5862
82,eval_time,0.0
83,eval_acc,0.6132
83,eval_auc,0.6048
83,eval_brier,0.3868
83,eval_f1,0.4533
83,eval_loss,0.4029
83,eval_mcc,0.1885
83,eval_pf,0.3766
83,eval_precision,0.3696
83,eval_recall,0.5862
83,eval_time,0.0
84,eval_acc,0.6132
84,eval_auc,0.6048
84,eval_brier,0.3868
84,eval_f1,0.4533
84,eval_loss,0.3943
84,eval_mcc,0.1885
84,eval_pf,0.3766
84,eval_precision,0.3696
84,eval_recall,0.5862
84,eval_time,0.0
85,eval_acc,0.5849
85,eval_auc,0.5853
85,eval_brier,0.4151
85,eval_f1,0.4359
85,eval_loss,0.4163
85,eval_mcc,0.1526
85,eval_pf,0.4156
85,eval_precision,0.3469
85,eval_recall,0.5862
85,eval_time,0.0
86,eval_acc,0.5943
86,eval_auc,0.5918
86,eval_brier,0.4057
86,eval_f1,0.4416
86,eval_loss,0.4132
86,eval_mcc,0.1644
86,eval_pf,0.4026
86,eval_precision,0.3542
86,eval_recall,0.5862
86,eval_time,0.0
87,eval_acc,0.6132
87,eval_auc,0.6048
87,eval_brier,0.3868
87,eval_f1,0.4533
87,eval_loss,0.3837
87,eval_mcc,0.1885
87,eval_pf,0.3766
87,eval_precision,0.3696
87,eval_recall,0.5862
87,eval_time,0.0
88,eval_acc,0.6132
88,eval_auc,0.6048
88,eval_brier,0.3868
88,eval_f1,0.4533
88,eval_loss,0.3871
88,eval_mcc,0.1885
88,eval_pf,0.3766
88,eval_precision,0.3696
88,eval_recall,0.5862
88,eval_time,0.0
89,eval_acc,0.6038
89,eval_auc,0.6198
89,eval_brier,0.3962
89,eval_f1,0.475
89,eval_loss,0.4416
89,eval_mcc,0.2138
89,eval_pf,0.4156
89,eval_precision,0.3725
89,eval_recall,0.6552
89,eval_time,0.0
90,eval_acc,0.5943
90,eval_auc,0.5918
90,eval_brier,0.4057
90,eval_f1,0.4416
90,eval_loss,0.3995
90,eval_mcc,0.1644
90,eval_pf,0.4026
90,eval_precision,0.3542
90,eval_recall,0.5862
90,eval_time,0.0
91,eval_acc,0.6132
91,eval_auc,0.6048
91,eval_brier,0.3868
91,eval_f1,0.4533
91,eval_loss,0.3946
91,eval_mcc,0.1885
91,eval_pf,0.3766
91,eval_precision,0.3696
91,eval_recall,0.5862
91,eval_time,0.0
92,eval_acc,0.6132
92,eval_auc,0.6048
92,eval_brier,0.3868
92,eval_f1,0.4533
92,eval_loss,0.3911
92,eval_mcc,0.1885
92,eval_pf,0.3766
92,eval_precision,0.3696
92,eval_recall,0.5862
92,eval_time,0.0
93,eval_acc,0.6038
93,eval_auc,0.6198
93,eval_brier,0.3962
93,eval_f1,0.475
93,eval_loss,0.4145
93,eval_mcc,0.2138
93,eval_pf,0.4156
93,eval_precision,0.3725
93,eval_recall,0.6552
93,eval_time,0.0
94,eval_acc,0.5943
94,eval_auc,0.5918
94,eval_brier,0.4057
94,eval_f1,0.4416
94,eval_loss,0.402
94,eval_mcc,0.1644
94,eval_pf,0.4026
94,eval_precision,0.3542
94,eval_recall,0.5862
94,eval_time,0.0
95,eval_acc,0.5943
95,eval_auc,0.5918
95,eval_brier,0.4057
95,eval_f1,0.4416
95,eval_loss,0.4073
95,eval_mcc,0.1644
95,eval_pf,0.4026
95,eval_precision,0.3542
95,eval_recall,0.5862
95,eval_time,0.0
96,eval_acc,0.6038
96,eval_auc,0.609
96,eval_brier,0.3962
96,eval_f1,0.4615
96,eval_loss,0.4145
96,eval_mcc,0.195
96,eval_pf,0.4026
96,eval_precision,0.3673
96,eval_recall,0.6207
96,eval_time,0.0
97,eval_acc,0.6038
97,eval_auc,0.609
97,eval_brier,0.3962
97,eval_f1,0.4615
97,eval_loss,0.4013
97,eval_mcc,0.195
97,eval_pf,0.4026
97,eval_precision,0.3673
97,eval_recall,0.6207
97,eval_time,0.0
98,eval_acc,0.6038
98,eval_auc,0.5983
98,eval_brier,0.3962
98,eval_f1,0.4474
98,eval_loss,0.3993
98,eval_mcc,0.1764
98,eval_pf,0.3896
98,eval_precision,0.3617
98,eval_recall,0.5862
98,eval_time,0.0
99,eval_acc,0.6038
99,eval_auc,0.5983
99,eval_brier,0.3962
99,eval_f1,0.4474
99,eval_loss,0.3997
99,eval_mcc,0.1764
99,eval_pf,0.3896
99,eval_precision,0.3617
99,eval_recall,0.5862
99,eval_time,0.0
