Epoch,Metrics,Score
0,eval_acc,0.7264
0,eval_auc,0.5
0,eval_brier,0.2736
0,eval_f1,0.0
0,eval_loss,0.3343
0,eval_mcc,0.0
0,eval_pf,0.0
0,eval_precision,0.0
0,eval_recall,0.0
0,eval_time,0.0
0,___inline___,___inline___
1,eval_acc,0.7264
1,eval_auc,0.5
1,eval_brier,0.2736
1,eval_f1,0.0
1,eval_loss,0.3507
1,eval_mcc,0.0
1,eval_pf,0.0
1,eval_precision,0.0
1,eval_recall,0.0
1,eval_time,0.0
2,eval_acc,0.7264
2,eval_auc,0.5
2,eval_brier,0.2736
2,eval_f1,0.0
2,eval_loss,0.4307
2,eval_mcc,0.0
2,eval_pf,0.0
2,eval_precision,0.0
2,eval_recall,0.0
2,eval_time,0.0
3,eval_acc,0.3868
3,eval_auc,0.5027
3,eval_brier,0.6132
3,eval_f1,0.4037
3,eval_loss,0.4991
3,eval_mcc,0.0056
3,eval_pf,0.7532
3,eval_precision,0.275
3,eval_recall,0.7586
3,eval_time,0.0
3,___best___,___best___
4,eval_acc,0.5
4,eval_auc,0.5376
4,eval_brier,0.5
4,eval_f1,0.4045
4,eval_loss,0.4865
4,eval_mcc,0.0677
4,eval_pf,0.5455
4,eval_precision,0.3
4,eval_recall,0.6207
4,eval_time,0.0
4,___best___,___best___
5,eval_acc,0.4057
5,eval_auc,0.5049
5,eval_brier,0.5943
5,eval_f1,0.4
5,eval_loss,0.5047
5,eval_mcc,0.0098
5,eval_pf,0.7143
5,eval_precision,0.2763
5,eval_recall,0.7241
5,eval_time,0.0
6,eval_acc,0.3774
6,eval_auc,0.4854
6,eval_brier,0.6226
6,eval_f1,0.3889
6,eval_loss,0.526
6,eval_mcc,-0.0298
6,eval_pf,0.7532
6,eval_precision,0.2658
6,eval_recall,0.7241
6,eval_time,0.0
7,eval_acc,0.3491
7,eval_auc,0.5412
7,eval_brier,0.6509
7,eval_f1,0.448
7,eval_loss,0.5938
7,eval_mcc,0.1257
7,eval_pf,0.8831
7,eval_precision,0.2917
7,eval_recall,0.9655
7,eval_time,0.0
7,___best___,___best___
8,eval_acc,0.283
8,eval_auc,0.4957
8,eval_brier,0.717
8,eval_f1,0.4242
8,eval_loss,0.6352
8,eval_mcc,-0.0229
8,eval_pf,0.974
8,eval_precision,0.2718
8,eval_recall,0.9655
8,eval_time,0.0
9,eval_acc,0.3396
9,eval_auc,0.5132
9,eval_brier,0.6604
9,eval_f1,0.4262
9,eval_loss,0.6068
9,eval_mcc,0.0359
9,eval_pf,0.8701
9,eval_precision,0.2796
9,eval_recall,0.8966
9,eval_time,0.0
10,eval_acc,0.3302
10,eval_auc,0.5282
10,eval_brier,0.6698
10,eval_f1,0.4409
10,eval_loss,0.6456
10,eval_mcc,0.0952
10,eval_pf,0.9091
10,eval_precision,0.2857
10,eval_recall,0.9655
10,eval_time,0.0
11,eval_acc,0.3396
11,eval_auc,0.5347
11,eval_brier,0.6604
11,eval_f1,0.4444
11,eval_loss,0.6313
11,eval_mcc,0.111
11,eval_pf,0.8961
11,eval_precision,0.2887
11,eval_recall,0.9655
11,eval_time,0.0
12,eval_acc,0.3491
12,eval_auc,0.5412
12,eval_brier,0.6509
12,eval_f1,0.448
12,eval_loss,0.6306
12,eval_mcc,0.1257
12,eval_pf,0.8831
12,eval_precision,0.2917
12,eval_recall,0.9655
12,eval_time,0.0
13,eval_acc,0.3113
13,eval_auc,0.5045
13,eval_brier,0.6887
13,eval_f1,0.4252
13,eval_loss,0.6181
13,eval_mcc,0.0151
13,eval_pf,0.9221
13,eval_precision,0.2755
13,eval_recall,0.931
13,eval_time,0.0
14,eval_acc,0.3396
14,eval_auc,0.524
14,eval_brier,0.6604
14,eval_f1,0.4355
14,eval_loss,0.619
14,eval_mcc,0.07
14,eval_pf,0.8831
14,eval_precision,0.2842
14,eval_recall,0.931
14,eval_time,0.0
15,eval_acc,0.3868
15,eval_auc,0.5242
15,eval_brier,0.6132
15,eval_f1,0.4248
15,eval_loss,0.5194
15,eval_mcc,0.0532
15,eval_pf,0.7792
15,eval_precision,0.2857
15,eval_recall,0.8276
15,eval_time,0.0
16,eval_acc,0.3208
16,eval_auc,0.5325
16,eval_brier,0.6792
16,eval_f1,0.4462
16,eval_loss,0.6501
16,eval_mcc,0.1365
16,eval_pf,0.9351
16,eval_precision,0.2871
16,eval_recall,1.0
16,eval_time,0.0
17,eval_acc,0.3396
17,eval_auc,0.524
17,eval_brier,0.6604
17,eval_f1,0.4355
17,eval_loss,0.6159
17,eval_mcc,0.07
17,eval_pf,0.8831
17,eval_precision,0.2842
17,eval_recall,0.931
17,eval_time,0.0
18,eval_acc,0.3208
18,eval_auc,0.5217
18,eval_brier,0.6792
18,eval_f1,0.4375
18,eval_loss,0.6264
18,eval_mcc,0.078
18,eval_pf,0.9221
18,eval_precision,0.2828
18,eval_recall,0.9655
18,eval_time,0.0
19,eval_acc,0.3491
19,eval_auc,0.5412
19,eval_brier,0.6509
19,eval_f1,0.448
19,eval_loss,0.6342
19,eval_mcc,0.1257
19,eval_pf,0.8831
19,eval_precision,0.2917
19,eval_recall,0.9655
19,eval_time,0.0
20,eval_acc,0.3585
20,eval_auc,0.5477
20,eval_brier,0.6415
20,eval_f1,0.4516
20,eval_loss,0.6157
20,eval_mcc,0.1394
20,eval_pf,0.8701
20,eval_precision,0.2947
20,eval_recall,0.9655
20,eval_time,0.0
20,___best___,___best___
21,eval_acc,0.3585
21,eval_auc,0.5369
21,eval_brier,0.6415
21,eval_f1,0.4426
21,eval_loss,0.5911
21,eval_mcc,0.1004
21,eval_pf,0.8571
21,eval_precision,0.2903
21,eval_recall,0.931
21,eval_time,0.0
22,eval_acc,0.3491
22,eval_auc,0.5197
22,eval_brier,0.6509
22,eval_f1,0.4298
22,eval_loss,0.5942
22,eval_mcc,0.0519
22,eval_pf,0.8571
22,eval_precision,0.2826
22,eval_recall,0.8966
22,eval_time,0.0
23,eval_acc,0.3585
23,eval_auc,0.5262
23,eval_brier,0.6415
23,eval_f1,0.4333
23,eval_loss,0.5806
23,eval_mcc,0.067
23,eval_pf,0.8442
23,eval_precision,0.2857
23,eval_recall,0.8966
23,eval_time,0.0
24,eval_acc,0.3491
24,eval_auc,0.509
24,eval_brier,0.6509
24,eval_f1,0.4202
24,eval_loss,0.5641
24,eval_mcc,0.0223
24,eval_pf,0.8442
24,eval_precision,0.2778
24,eval_recall,0.8621
24,eval_time,0.0
25,eval_acc,0.3585
25,eval_auc,0.5369
25,eval_brier,0.6415
25,eval_f1,0.4426
25,eval_loss,0.5958
25,eval_mcc,0.1004
25,eval_pf,0.8571
25,eval_precision,0.2903
25,eval_recall,0.931
25,eval_time,0.0
26,eval_acc,0.3585
26,eval_auc,0.5369
26,eval_brier,0.6415
26,eval_f1,0.4426
26,eval_loss,0.5912
26,eval_mcc,0.1004
26,eval_pf,0.8571
26,eval_precision,0.2903
26,eval_recall,0.931
26,eval_time,0.0
27,eval_acc,0.3491
27,eval_auc,0.509
27,eval_brier,0.6509
27,eval_f1,0.4202
27,eval_loss,0.5677
27,eval_mcc,0.0223
27,eval_pf,0.8442
27,eval_precision,0.2778
27,eval_recall,0.8621
27,eval_time,0.0
28,eval_acc,0.3585
28,eval_auc,0.5369
28,eval_brier,0.6415
28,eval_f1,0.4426
28,eval_loss,0.5881
28,eval_mcc,0.1004
28,eval_pf,0.8571
28,eval_precision,0.2903
28,eval_recall,0.931
28,eval_time,0.0
29,eval_acc,0.3679
29,eval_auc,0.5219
29,eval_brier,0.6321
29,eval_f1,0.4274
29,eval_loss,0.5644
29,eval_mcc,0.0521
29,eval_pf,0.8182
29,eval_precision,0.2841
29,eval_recall,0.8621
29,eval_time,0.0
30,eval_acc,0.3585
30,eval_auc,0.5369
30,eval_brier,0.6415
30,eval_f1,0.4426
30,eval_loss,0.5927
30,eval_mcc,0.1004
30,eval_pf,0.8571
30,eval_precision,0.2903
30,eval_recall,0.931
30,eval_time,0.0
31,eval_acc,0.3585
31,eval_auc,0.5155
31,eval_brier,0.6415
31,eval_f1,0.4237
31,eval_loss,0.5692
31,eval_mcc,0.0375
31,eval_pf,0.8312
31,eval_precision,0.2809
31,eval_recall,0.8621
31,eval_time,0.0
32,eval_acc,0.3585
32,eval_auc,0.5262
32,eval_brier,0.6415
32,eval_f1,0.4333
32,eval_loss,0.5835
32,eval_mcc,0.067
32,eval_pf,0.8442
32,eval_precision,0.2857
32,eval_recall,0.8966
32,eval_time,0.0
33,eval_acc,0.3491
33,eval_auc,0.5412
33,eval_brier,0.6509
33,eval_f1,0.448
33,eval_loss,0.5877
33,eval_mcc,0.1257
33,eval_pf,0.8831
33,eval_precision,0.2917
33,eval_recall,0.9655
33,eval_time,0.0
34,eval_acc,0.3585
34,eval_auc,0.5262
34,eval_brier,0.6415
34,eval_f1,0.4333
34,eval_loss,0.5702
34,eval_mcc,0.067
34,eval_pf,0.8442
34,eval_precision,0.2857
34,eval_recall,0.8966
34,eval_time,0.0
35,eval_acc,0.3774
35,eval_auc,0.5284
35,eval_brier,0.6226
35,eval_f1,0.431
35,eval_loss,0.5579
35,eval_mcc,0.0661
35,eval_pf,0.8052
35,eval_precision,0.2874
35,eval_recall,0.8621
35,eval_time,0.0
36,eval_acc,0.3491
36,eval_auc,0.5197
36,eval_brier,0.6509
36,eval_f1,0.4298
36,eval_loss,0.6005
36,eval_mcc,0.0519
36,eval_pf,0.8571
36,eval_precision,0.2826
36,eval_recall,0.8966
36,eval_time,0.0
37,eval_acc,0.3491
37,eval_auc,0.509
37,eval_brier,0.6509
37,eval_f1,0.4202
37,eval_loss,0.582
37,eval_mcc,0.0223
37,eval_pf,0.8442
37,eval_precision,0.2778
37,eval_recall,0.8621
37,eval_time,0.0
38,eval_acc,0.3585
38,eval_auc,0.5155
38,eval_brier,0.6415
38,eval_f1,0.4237
38,eval_loss,0.5674
38,eval_mcc,0.0375
38,eval_pf,0.8312
38,eval_precision,0.2809
38,eval_recall,0.8621
38,eval_time,0.0
39,eval_acc,0.3585
39,eval_auc,0.5262
39,eval_brier,0.6415
39,eval_f1,0.4333
39,eval_loss,0.5791
39,eval_mcc,0.067
39,eval_pf,0.8442
39,eval_precision,0.2857
39,eval_recall,0.8966
39,eval_time,0.0
40,eval_acc,0.3491
40,eval_auc,0.5197
40,eval_brier,0.6509
40,eval_f1,0.4298
40,eval_loss,0.5957
40,eval_mcc,0.0519
40,eval_pf,0.8571
40,eval_precision,0.2826
40,eval_recall,0.8966
40,eval_time,0.0
41,eval_acc,0.3585
41,eval_auc,0.5262
41,eval_brier,0.6415
41,eval_f1,0.4333
41,eval_loss,0.5894
41,eval_mcc,0.067
41,eval_pf,0.8442
41,eval_precision,0.2857
41,eval_recall,0.8966
41,eval_time,0.0
42,eval_acc,0.3585
42,eval_auc,0.5369
42,eval_brier,0.6415
42,eval_f1,0.4426
42,eval_loss,0.5911
42,eval_mcc,0.1004
42,eval_pf,0.8571
42,eval_precision,0.2903
42,eval_recall,0.931
42,eval_time,0.0
43,eval_acc,0.3491
43,eval_auc,0.5197
43,eval_brier,0.6509
43,eval_f1,0.4298
43,eval_loss,0.5831
43,eval_mcc,0.0519
43,eval_pf,0.8571
43,eval_precision,0.2826
43,eval_recall,0.8966
43,eval_time,0.0
44,eval_acc,0.3585
44,eval_auc,0.5155
44,eval_brier,0.6415
44,eval_f1,0.4237
44,eval_loss,0.564
44,eval_mcc,0.0375
44,eval_pf,0.8312
44,eval_precision,0.2809
44,eval_recall,0.8621
44,eval_time,0.0
45,eval_acc,0.3585
45,eval_auc,0.5262
45,eval_brier,0.6415
45,eval_f1,0.4333
45,eval_loss,0.575
45,eval_mcc,0.067
45,eval_pf,0.8442
45,eval_precision,0.2857
45,eval_recall,0.8966
45,eval_time,0.0
46,eval_acc,0.3679
46,eval_auc,0.5112
46,eval_brier,0.6321
46,eval_f1,0.4174
46,eval_loss,0.5748
46,eval_mcc,0.0255
46,eval_pf,0.8052
46,eval_precision,0.2791
46,eval_recall,0.8276
46,eval_time,0.0
47,eval_acc,0.3585
47,eval_auc,0.5262
47,eval_brier,0.6415
47,eval_f1,0.4333
47,eval_loss,0.5713
47,eval_mcc,0.067
47,eval_pf,0.8442
47,eval_precision,0.2857
47,eval_recall,0.8966
47,eval_time,0.0
48,eval_acc,0.3585
48,eval_auc,0.5262
48,eval_brier,0.6415
48,eval_f1,0.4333
48,eval_loss,0.5826
48,eval_mcc,0.067
48,eval_pf,0.8442
48,eval_precision,0.2857
48,eval_recall,0.8966
48,eval_time,0.0
49,eval_acc,0.3585
49,eval_auc,0.5262
49,eval_brier,0.6415
49,eval_f1,0.4333
49,eval_loss,0.5823
49,eval_mcc,0.067
49,eval_pf,0.8442
49,eval_precision,0.2857
49,eval_recall,0.8966
49,eval_time,0.0
50,eval_acc,0.3774
50,eval_auc,0.5177
50,eval_brier,0.6226
50,eval_f1,0.4211
50,eval_loss,0.5671
50,eval_mcc,0.0396
50,eval_pf,0.7922
50,eval_precision,0.2824
50,eval_recall,0.8276
50,eval_time,0.0
51,eval_acc,0.3774
51,eval_auc,0.5177
51,eval_brier,0.6226
51,eval_f1,0.4211
51,eval_loss,0.5662
51,eval_mcc,0.0396
51,eval_pf,0.7922
51,eval_precision,0.2824
51,eval_recall,0.8276
51,eval_time,0.0
52,eval_acc,0.3962
52,eval_auc,0.5307
52,eval_brier,0.6038
52,eval_f1,0.4286
52,eval_loss,0.56
52,eval_mcc,0.0664
52,eval_pf,0.7662
52,eval_precision,0.2892
52,eval_recall,0.8276
52,eval_time,0.0
53,eval_acc,0.3679
53,eval_auc,0.5219
53,eval_brier,0.6321
53,eval_f1,0.4274
53,eval_loss,0.5685
53,eval_mcc,0.0521
53,eval_pf,0.8182
53,eval_precision,0.2841
53,eval_recall,0.8621
53,eval_time,0.0
54,eval_acc,0.3491
54,eval_auc,0.509
54,eval_brier,0.6509
54,eval_f1,0.4202
54,eval_loss,0.5821
54,eval_mcc,0.0223
54,eval_pf,0.8442
54,eval_precision,0.2778
54,eval_recall,0.8621
54,eval_time,0.0
55,eval_acc,0.3585
55,eval_auc,0.5262
55,eval_brier,0.6415
55,eval_f1,0.4333
55,eval_loss,0.5789
55,eval_mcc,0.067
55,eval_pf,0.8442
55,eval_precision,0.2857
55,eval_recall,0.8966
55,eval_time,0.0
56,eval_acc,0.3585
56,eval_auc,0.5262
56,eval_brier,0.6415
56,eval_f1,0.4333
56,eval_loss,0.57
56,eval_mcc,0.067
56,eval_pf,0.8442
56,eval_precision,0.2857
56,eval_recall,0.8966
56,eval_time,0.0
57,eval_acc,0.3491
57,eval_auc,0.509
57,eval_brier,0.6509
57,eval_f1,0.4202
57,eval_loss,0.574
57,eval_mcc,0.0223
57,eval_pf,0.8442
57,eval_precision,0.2778
57,eval_recall,0.8621
57,eval_time,0.0
58,eval_acc,0.3585
58,eval_auc,0.5262
58,eval_brier,0.6415
58,eval_f1,0.4333
58,eval_loss,0.5812
58,eval_mcc,0.067
58,eval_pf,0.8442
58,eval_precision,0.2857
58,eval_recall,0.8966
58,eval_time,0.0
59,eval_acc,0.3585
59,eval_auc,0.5262
59,eval_brier,0.6415
59,eval_f1,0.4333
59,eval_loss,0.5716
59,eval_mcc,0.067
59,eval_pf,0.8442
59,eval_precision,0.2857
59,eval_recall,0.8966
59,eval_time,0.0
60,eval_acc,0.3774
60,eval_auc,0.5177
60,eval_brier,0.6226
60,eval_f1,0.4211
60,eval_loss,0.5735
60,eval_mcc,0.0396
60,eval_pf,0.7922
60,eval_precision,0.2824
60,eval_recall,0.8276
60,eval_time,0.0
61,eval_acc,0.3491
61,eval_auc,0.509
61,eval_brier,0.6509
61,eval_f1,0.4202
61,eval_loss,0.5634
61,eval_mcc,0.0223
61,eval_pf,0.8442
61,eval_precision,0.2778
61,eval_recall,0.8621
61,eval_time,0.0
62,eval_acc,0.3585
62,eval_auc,0.5155
62,eval_brier,0.6415
62,eval_f1,0.4237
62,eval_loss,0.5644
62,eval_mcc,0.0375
62,eval_pf,0.8312
62,eval_precision,0.2809
62,eval_recall,0.8621
62,eval_time,0.0
63,eval_acc,0.3962
63,eval_auc,0.5307
63,eval_brier,0.6038
63,eval_f1,0.4286
63,eval_loss,0.5485
63,eval_mcc,0.0664
63,eval_pf,0.7662
63,eval_precision,0.2892
63,eval_recall,0.8276
63,eval_time,0.0
64,eval_acc,0.3585
64,eval_auc,0.5262
64,eval_brier,0.6415
64,eval_f1,0.4333
64,eval_loss,0.5713
64,eval_mcc,0.067
64,eval_pf,0.8442
64,eval_precision,0.2857
64,eval_recall,0.8966
64,eval_time,0.0
65,eval_acc,0.3679
65,eval_auc,0.5219
65,eval_brier,0.6321
65,eval_f1,0.4274
65,eval_loss,0.5613
65,eval_mcc,0.0521
65,eval_pf,0.8182
65,eval_precision,0.2841
65,eval_recall,0.8621
65,eval_time,0.0
66,eval_acc,0.3679
66,eval_auc,0.5219
66,eval_brier,0.6321
66,eval_f1,0.4274
66,eval_loss,0.5611
66,eval_mcc,0.0521
66,eval_pf,0.8182
66,eval_precision,0.2841
66,eval_recall,0.8621
66,eval_time,0.0
67,eval_acc,0.3585
67,eval_auc,0.5155
67,eval_brier,0.6415
67,eval_f1,0.4237
67,eval_loss,0.5649
67,eval_mcc,0.0375
67,eval_pf,0.8312
67,eval_precision,0.2809
67,eval_recall,0.8621
67,eval_time,0.0
68,eval_acc,0.3679
68,eval_auc,0.5219
68,eval_brier,0.6321
68,eval_f1,0.4274
68,eval_loss,0.5601
68,eval_mcc,0.0521
68,eval_pf,0.8182
68,eval_precision,0.2841
68,eval_recall,0.8621
68,eval_time,0.0
69,eval_acc,0.3585
69,eval_auc,0.5155
69,eval_brier,0.6415
69,eval_f1,0.4237
69,eval_loss,0.5664
69,eval_mcc,0.0375
69,eval_pf,0.8312
69,eval_precision,0.2809
69,eval_recall,0.8621
69,eval_time,0.0
70,eval_acc,0.3962
70,eval_auc,0.5307
70,eval_brier,0.6038
70,eval_f1,0.4286
70,eval_loss,0.5421
70,eval_mcc,0.0664
70,eval_pf,0.7662
70,eval_precision,0.2892
70,eval_recall,0.8276
70,eval_time,0.0
71,eval_acc,0.3962
71,eval_auc,0.5199
71,eval_brier,0.6038
71,eval_f1,0.4182
71,eval_loss,0.5455
71,eval_mcc,0.0419
71,eval_pf,0.7532
71,eval_precision,0.284
71,eval_recall,0.7931
71,eval_time,0.0
72,eval_acc,0.3774
72,eval_auc,0.5284
72,eval_brier,0.6226
72,eval_f1,0.431
72,eval_loss,0.5543
72,eval_mcc,0.0661
72,eval_pf,0.8052
72,eval_precision,0.2874
72,eval_recall,0.8621
72,eval_time,0.0
73,eval_acc,0.3679
73,eval_auc,0.5219
73,eval_brier,0.6321
73,eval_f1,0.4274
73,eval_loss,0.5617
73,eval_mcc,0.0521
73,eval_pf,0.8182
73,eval_precision,0.2841
73,eval_recall,0.8621
73,eval_time,0.0
74,eval_acc,0.3679
74,eval_auc,0.5327
74,eval_brier,0.6321
74,eval_f1,0.437
74,eval_loss,0.5581
74,eval_mcc,0.0814
74,eval_pf,0.8312
74,eval_precision,0.2889
74,eval_recall,0.8966
74,eval_time,0.0
75,eval_acc,0.3396
75,eval_auc,0.4917
75,eval_brier,0.6604
75,eval_f1,0.4068
75,eval_loss,0.5551
75,eval_mcc,-0.0201
75,eval_pf,0.8442
75,eval_precision,0.2697
75,eval_recall,0.8276
75,eval_time,0.0
76,eval_acc,0.3585
76,eval_auc,0.5155
76,eval_brier,0.6415
76,eval_f1,0.4237
76,eval_loss,0.5632
76,eval_mcc,0.0375
76,eval_pf,0.8312
76,eval_precision,0.2809
76,eval_recall,0.8621
76,eval_time,0.0
77,eval_acc,0.3679
77,eval_auc,0.5219
77,eval_brier,0.6321
77,eval_f1,0.4274
77,eval_loss,0.5536
77,eval_mcc,0.0521
77,eval_pf,0.8182
77,eval_precision,0.2841
77,eval_recall,0.8621
77,eval_time,0.0
78,eval_acc,0.3774
78,eval_auc,0.5069
78,eval_brier,0.6226
78,eval_f1,0.4107
78,eval_loss,0.5531
78,eval_mcc,0.015
78,eval_pf,0.7792
78,eval_precision,0.2771
78,eval_recall,0.7931
78,eval_time,0.0
79,eval_acc,0.3396
79,eval_auc,0.481
79,eval_brier,0.6604
79,eval_f1,0.3966
79,eval_loss,0.5598
79,eval_mcc,-0.0442
79,eval_pf,0.8312
79,eval_precision,0.2644
79,eval_recall,0.7931
79,eval_time,0.0
80,eval_acc,0.3585
80,eval_auc,0.494
80,eval_brier,0.6415
80,eval_f1,0.4035
80,eval_loss,0.5533
80,eval_mcc,-0.0135
80,eval_pf,0.8052
80,eval_precision,0.2706
80,eval_recall,0.7931
80,eval_time,0.0
81,eval_acc,0.3774
81,eval_auc,0.5069
81,eval_brier,0.6226
81,eval_f1,0.4107
81,eval_loss,0.5481
81,eval_mcc,0.015
81,eval_pf,0.7792
81,eval_precision,0.2771
81,eval_recall,0.7931
81,eval_time,0.0
82,eval_acc,0.3585
82,eval_auc,0.494
82,eval_brier,0.6415
82,eval_f1,0.4035
82,eval_loss,0.5531
82,eval_mcc,-0.0135
82,eval_pf,0.8052
82,eval_precision,0.2706
82,eval_recall,0.7931
82,eval_time,0.0
83,eval_acc,0.3774
83,eval_auc,0.5069
83,eval_brier,0.6226
83,eval_f1,0.4107
83,eval_loss,0.5536
83,eval_mcc,0.015
83,eval_pf,0.7792
83,eval_precision,0.2771
83,eval_recall,0.7931
83,eval_time,0.0
84,eval_acc,0.3774
84,eval_auc,0.5069
84,eval_brier,0.6226
84,eval_f1,0.4107
84,eval_loss,0.5526
84,eval_mcc,0.015
84,eval_pf,0.7792
84,eval_precision,0.2771
84,eval_recall,0.7931
84,eval_time,0.0
85,eval_acc,0.3868
85,eval_auc,0.5134
85,eval_brier,0.6132
85,eval_f1,0.4144
85,eval_loss,0.5463
85,eval_mcc,0.0286
85,eval_pf,0.7662
85,eval_precision,0.2805
85,eval_recall,0.7931
85,eval_time,0.0
86,eval_acc,0.3868
86,eval_auc,0.5134
86,eval_brier,0.6132
86,eval_f1,0.4144
86,eval_loss,0.5407
86,eval_mcc,0.0286
86,eval_pf,0.7662
86,eval_precision,0.2805
86,eval_recall,0.7931
86,eval_time,0.0
87,eval_acc,0.3962
87,eval_auc,0.5199
87,eval_brier,0.6038
87,eval_f1,0.4182
87,eval_loss,0.5375
87,eval_mcc,0.0419
87,eval_pf,0.7532
87,eval_precision,0.284
87,eval_recall,0.7931
87,eval_time,0.0
88,eval_acc,0.3868
88,eval_auc,0.5134
88,eval_brier,0.6132
88,eval_f1,0.4144
88,eval_loss,0.545
88,eval_mcc,0.0286
88,eval_pf,0.7662
88,eval_precision,0.2805
88,eval_recall,0.7931
88,eval_time,0.0
89,eval_acc,0.3962
89,eval_auc,0.5199
89,eval_brier,0.6038
89,eval_f1,0.4182
89,eval_loss,0.5432
89,eval_mcc,0.0419
89,eval_pf,0.7532
89,eval_precision,0.284
89,eval_recall,0.7931
89,eval_time,0.0
90,eval_acc,0.3868
90,eval_auc,0.5134
90,eval_brier,0.6132
90,eval_f1,0.4144
90,eval_loss,0.5441
90,eval_mcc,0.0286
90,eval_pf,0.7662
90,eval_precision,0.2805
90,eval_recall,0.7931
90,eval_time,0.0
91,eval_acc,0.3868
91,eval_auc,0.5134
91,eval_brier,0.6132
91,eval_f1,0.4144
91,eval_loss,0.5446
91,eval_mcc,0.0286
91,eval_pf,0.7662
91,eval_precision,0.2805
91,eval_recall,0.7931
91,eval_time,0.0
92,eval_acc,0.3962
92,eval_auc,0.5199
92,eval_brier,0.6038
92,eval_f1,0.4182
92,eval_loss,0.5408
92,eval_mcc,0.0419
92,eval_pf,0.7532
92,eval_precision,0.284
92,eval_recall,0.7931
92,eval_time,0.0
93,eval_acc,0.3868
93,eval_auc,0.5134
93,eval_brier,0.6132
93,eval_f1,0.4144
93,eval_loss,0.5424
93,eval_mcc,0.0286
93,eval_pf,0.7662
93,eval_precision,0.2805
93,eval_recall,0.7931
93,eval_time,0.0
94,eval_acc,0.3962
94,eval_auc,0.5199
94,eval_brier,0.6038
94,eval_f1,0.4182
94,eval_loss,0.5384
94,eval_mcc,0.0419
94,eval_pf,0.7532
94,eval_precision,0.284
94,eval_recall,0.7931
94,eval_time,0.0
95,eval_acc,0.3962
95,eval_auc,0.5199
95,eval_brier,0.6038
95,eval_f1,0.4182
95,eval_loss,0.5365
95,eval_mcc,0.0419
95,eval_pf,0.7532
95,eval_precision,0.284
95,eval_recall,0.7931
95,eval_time,0.0
96,eval_acc,0.3962
96,eval_auc,0.5199
96,eval_brier,0.6038
96,eval_f1,0.4182
96,eval_loss,0.5367
96,eval_mcc,0.0419
96,eval_pf,0.7532
96,eval_precision,0.284
96,eval_recall,0.7931
96,eval_time,0.0
97,eval_acc,0.3962
97,eval_auc,0.5199
97,eval_brier,0.6038
97,eval_f1,0.4182
97,eval_loss,0.5372
97,eval_mcc,0.0419
97,eval_pf,0.7532
97,eval_precision,0.284
97,eval_recall,0.7931
97,eval_time,0.0
98,eval_acc,0.3962
98,eval_auc,0.5199
98,eval_brier,0.6038
98,eval_f1,0.4182
98,eval_loss,0.5369
98,eval_mcc,0.0419
98,eval_pf,0.7532
98,eval_precision,0.284
98,eval_recall,0.7931
98,eval_time,0.0
99,eval_acc,0.3962
99,eval_auc,0.5199
99,eval_brier,0.6038
99,eval_f1,0.4182
99,eval_loss,0.5376
99,eval_mcc,0.0419
99,eval_pf,0.7532
99,eval_precision,0.284
99,eval_recall,0.7931
99,eval_time,0.0
