Epoch,Metrics,Score
0,eval_acc,0.8759
0,eval_auc,0.5
0,eval_brier,0.1241
0,eval_f1,0.0
0,eval_loss,0.2481
0,eval_mcc,0.0
0,eval_pf,0.0
0,eval_precision,0.0
0,eval_recall,0.0
0,eval_time,0.0
0,___inline___,___inline___
1,eval_acc,0.8759
1,eval_auc,0.5
1,eval_brier,0.1241
1,eval_f1,0.0
1,eval_loss,0.337
1,eval_mcc,0.0
1,eval_pf,0.0
1,eval_precision,0.0
1,eval_recall,0.0
1,eval_time,0.0
2,eval_acc,0.448
2,eval_auc,0.5384
2,eval_brier,0.552
2,eval_f1,0.2285
2,eval_loss,0.5033
2,eval_mcc,0.0515
2,eval_pf,0.5818
2,eval_precision,0.1382
2,eval_recall,0.6585
2,eval_time,0.0
2,___inline___,___inline___
3,eval_acc,0.7982
3,eval_auc,0.5533
3,eval_brier,0.2018
3,eval_f1,0.2187
3,eval_loss,0.4334
3,eval_mcc,0.1032
3,eval_pf,0.121
3,eval_precision,0.2105
3,eval_recall,0.2276
3,eval_time,0.0
4,eval_acc,0.6498
4,eval_auc,0.5454
4,eval_brier,0.3502
4,eval_f1,0.2237
4,eval_loss,0.4564
4,eval_mcc,0.0638
4,eval_pf,0.3157
4,eval_precision,0.1543
4,eval_recall,0.4065
4,eval_time,0.0
5,eval_acc,0.5025
5,eval_auc,0.5276
5,eval_brier,0.4975
5,eval_f1,0.2187
5,eval_loss,0.4903
5,eval_mcc,0.0364
5,eval_pf,0.5058
5,eval_precision,0.1358
5,eval_recall,0.561
5,eval_time,0.0
6,eval_acc,0.3401
6,eval_auc,0.5186
6,eval_brier,0.6599
6,eval_f1,0.2214
6,eval_loss,0.5442
6,eval_mcc,0.0274
6,eval_pf,0.7189
6,eval_precision,0.1297
6,eval_recall,0.7561
6,eval_time,0.0
7,eval_acc,0.2321
7,eval_auc,0.5093
7,eval_brier,0.7679
7,eval_f1,0.2211
7,eval_loss,0.6273
7,eval_mcc,0.0178
7,eval_pf,0.8594
7,eval_precision,0.1265
7,eval_recall,0.878
7,eval_time,0.0
8,eval_acc,0.1473
8,eval_auc,0.5028
8,eval_brier,0.8527
8,eval_f1,0.2212
8,eval_loss,0.7453
8,eval_mcc,0.0109
8,eval_pf,0.97
8,eval_precision,0.1247
8,eval_recall,0.9756
8,eval_time,0.0
9,eval_acc,0.2543
9,eval_auc,0.5185
9,eval_brier,0.7457
9,eval_f1,0.2246
9,eval_loss,0.6274
9,eval_mcc,0.033
9,eval_pf,0.8329
9,eval_precision,0.1289
9,eval_recall,0.8699
9,eval_time,0.0
10,eval_acc,0.2281
10,eval_auc,0.507
10,eval_brier,0.7719
10,eval_f1,0.2202
10,eval_loss,0.6778
10,eval_mcc,0.0135
10,eval_pf,0.8641
10,eval_precision,0.1259
10,eval_recall,0.878
10,eval_time,0.0
11,eval_acc,0.2129
11,eval_auc,0.5053
11,eval_brier,0.7871
11,eval_f1,0.22
11,eval_loss,0.6987
11,eval_mcc,0.011
11,eval_pf,0.8836
11,eval_precision,0.1254
11,eval_recall,0.8943
11,eval_time,0.0
12,eval_acc,0.3068
12,eval_auc,0.5101
12,eval_brier,0.6932
12,eval_f1,0.2184
12,eval_loss,0.6257
12,eval_mcc,0.0156
12,eval_pf,0.7604
12,eval_precision,0.127
12,eval_recall,0.7805
12,eval_time,0.0
13,eval_acc,0.5308
13,eval_auc,0.5333
13,eval_brier,0.4692
13,eval_f1,0.2211
13,eval_loss,0.4727
13,eval_mcc,0.0439
13,eval_pf,0.47
13,eval_precision,0.1392
13,eval_recall,0.5366
13,eval_time,0.0
14,eval_acc,0.2704
14,eval_auc,0.5033
14,eval_brier,0.7296
14,eval_f1,0.2167
14,eval_loss,0.651
14,eval_mcc,0.0055
14,eval_pf,0.8065
14,eval_precision,0.125
14,eval_recall,0.813
14,eval_time,0.0
15,eval_acc,0.5812
15,eval_auc,0.5656
15,eval_brier,0.4188
15,eval_f1,0.2441
15,eval_loss,0.4372
15,eval_mcc,0.0873
15,eval_pf,0.4136
15,eval_precision,0.1573
15,eval_recall,0.5447
15,eval_time,0.0
15,___best___,___best___
16,eval_acc,0.2603
16,eval_auc,0.501
16,eval_brier,0.7397
16,eval_f1,0.216
16,eval_loss,0.6462
16,eval_mcc,0.0017
16,eval_pf,0.8191
16,eval_precision,0.1244
16,eval_recall,0.8211
16,eval_time,0.0
17,eval_acc,0.217
17,eval_auc,0.5041
17,eval_brier,0.783
17,eval_f1,0.2193
17,eval_loss,0.6871
17,eval_mcc,0.0084
17,eval_pf,0.8779
17,eval_precision,0.1251
17,eval_recall,0.8862
17,eval_time,0.0
18,eval_acc,0.3481
18,eval_auc,0.5197
18,eval_brier,0.6519
18,eval_f1,0.2217
18,eval_loss,0.5845
18,eval_mcc,0.0288
18,eval_pf,0.7085
18,eval_precision,0.1301
18,eval_recall,0.748
18,eval_time,0.0
19,eval_acc,0.3502
19,eval_auc,0.5209
19,eval_brier,0.6498
19,eval_f1,0.2222
19,eval_loss,0.5463
19,eval_mcc,0.0304
19,eval_pf,0.7062
19,eval_precision,0.1305
19,eval_recall,0.748
19,eval_time,0.0
20,eval_acc,0.2432
20,eval_auc,0.5087
20,eval_brier,0.7568
20,eval_f1,0.2204
20,eval_loss,0.6476
20,eval_mcc,0.0158
20,eval_pf,0.8445
20,eval_precision,0.1263
20,eval_recall,0.8618
20,eval_time,0.0
21,eval_acc,0.3058
21,eval_auc,0.513
21,eval_brier,0.6942
21,eval_f1,0.22
21,eval_loss,0.6208
21,eval_mcc,0.0202
21,eval_pf,0.7627
21,eval_precision,0.1278
21,eval_recall,0.7886
21,eval_time,0.0
22,eval_acc,0.3713
22,eval_auc,0.5051
22,eval_brier,0.6287
22,eval_f1,0.2124
22,eval_loss,0.5627
22,eval_mcc,0.0071
22,eval_pf,0.6728
22,eval_precision,0.1257
22,eval_recall,0.6829
22,eval_time,0.0
23,eval_acc,0.2482
23,eval_auc,0.5081
23,eval_brier,0.7518
23,eval_f1,0.2199
23,eval_loss,0.6504
23,eval_mcc,0.0145
23,eval_pf,0.8376
23,eval_precision,0.1262
23,eval_recall,0.8537
23,eval_time,0.0
24,eval_acc,0.2593
24,eval_auc,0.5144
24,eval_brier,0.7407
24,eval_f1,0.2225
24,eval_loss,0.6556
24,eval_mcc,0.0252
24,eval_pf,0.8249
24,eval_precision,0.1279
24,eval_recall,0.8537
24,eval_time,0.0
25,eval_acc,0.2846
25,eval_auc,0.5183
25,eval_brier,0.7154
25,eval_f1,0.2234
25,eval_loss,0.6493
25,eval_mcc,0.03
25,eval_pf,0.7926
25,eval_precision,0.1291
25,eval_recall,0.8293
25,eval_time,0.0
26,eval_acc,0.2775
26,eval_auc,0.5108
26,eval_brier,0.7225
26,eval_f1,0.22
26,eval_loss,0.6339
26,eval_mcc,0.0179
26,eval_pf,0.7995
26,eval_precision,0.127
26,eval_recall,0.8211
26,eval_time,0.0
27,eval_acc,0.2452
27,eval_auc,0.5063
27,eval_brier,0.7548
27,eval_f1,0.2192
27,eval_loss,0.6672
27,eval_mcc,0.0114
27,eval_pf,0.841
27,eval_precision,0.1257
27,eval_recall,0.8537
27,eval_time,0.0
28,eval_acc,0.2876
28,eval_auc,0.5061
28,eval_brier,0.7124
28,eval_f1,0.2173
28,eval_loss,0.6374
28,eval_mcc,0.0098
28,eval_pf,0.7846
28,eval_precision,0.1258
28,eval_recall,0.7967
28,eval_time,0.0
29,eval_acc,0.2836
29,eval_auc,0.5003
29,eval_brier,0.7164
29,eval_f1,0.2146
29,eval_loss,0.6225
29,eval_mcc,0.0005
29,eval_pf,0.788
29,eval_precision,0.1242
29,eval_recall,0.7886
29,eval_time,0.0
30,eval_acc,0.3088
30,eval_auc,0.5182
30,eval_brier,0.6912
30,eval_f1,0.2225
30,eval_loss,0.6102
30,eval_mcc,0.0283
30,eval_pf,0.7604
30,eval_precision,0.1293
30,eval_recall,0.7967
30,eval_time,0.0
31,eval_acc,0.2957
31,eval_auc,0.5072
31,eval_brier,0.7043
31,eval_f1,0.2175
31,eval_loss,0.6348
31,eval_mcc,0.0114
31,eval_pf,0.7742
31,eval_precision,0.1261
31,eval_recall,0.7886
31,eval_time,0.0
32,eval_acc,0.3804
32,eval_auc,0.5277
32,eval_brier,0.6196
32,eval_f1,0.2247
32,eval_loss,0.5585
32,eval_mcc,0.039
32,eval_pf,0.6682
32,eval_precision,0.133
32,eval_recall,0.7236
32,eval_time,0.0
33,eval_acc,0.331
33,eval_auc,0.5099
33,eval_brier,0.669
33,eval_f1,0.2172
33,eval_loss,0.5856
33,eval_mcc,0.0148
33,eval_pf,0.7281
33,eval_precision,0.1271
33,eval_recall,0.748
33,eval_time,0.0
34,eval_acc,0.2987
34,eval_auc,0.4985
34,eval_brier,0.7013
34,eval_f1,0.2129
34,eval_loss,0.6189
34,eval_mcc,-0.0024
34,eval_pf,0.7673
34,eval_precision,0.1237
34,eval_recall,0.7642
34,eval_time,0.0
35,eval_acc,0.3461
35,eval_auc,0.5186
35,eval_brier,0.6539
35,eval_f1,0.2212
35,eval_loss,0.5871
35,eval_mcc,0.0271
35,eval_pf,0.7108
35,eval_precision,0.1298
35,eval_recall,0.748
35,eval_time,0.0
36,eval_acc,0.2825
36,eval_auc,0.5207
36,eval_brier,0.7175
36,eval_f1,0.2246
36,eval_loss,0.6381
36,eval_mcc,0.0341
36,eval_pf,0.7961
36,eval_precision,0.1297
36,eval_recall,0.8374
36,eval_time,0.0
37,eval_acc,0.33
37,eval_auc,0.5059
37,eval_brier,0.67
37,eval_f1,0.2151
37,eval_loss,0.6065
37,eval_mcc,0.0087
37,eval_pf,0.7281
37,eval_precision,0.1259
37,eval_recall,0.7398
37,eval_time,0.0
38,eval_acc,0.3169
38,eval_auc,0.5123
38,eval_brier,0.6831
38,eval_f1,0.2191
38,eval_loss,0.6066
38,eval_mcc,0.0188
38,eval_pf,0.7477
38,eval_precision,0.1277
38,eval_recall,0.7724
38,eval_time,0.0
39,eval_acc,0.3128
39,eval_auc,0.5135
39,eval_brier,0.6872
39,eval_f1,0.2199
39,eval_loss,0.6193
39,eval_mcc,0.0208
39,eval_pf,0.7535
39,eval_precision,0.128
39,eval_recall,0.7805
39,eval_time,0.0
40,eval_acc,0.2775
40,eval_auc,0.4968
40,eval_brier,0.7225
40,eval_f1,0.2132
40,eval_loss,0.6385
40,eval_mcc,-0.0051
40,eval_pf,0.7949
40,eval_precision,0.1233
40,eval_recall,0.7886
40,eval_time,0.0
41,eval_acc,0.2735
41,eval_auc,0.5015
41,eval_brier,0.7265
41,eval_f1,0.2157
41,eval_loss,0.6477
41,eval_mcc,0.0025
41,eval_pf,0.8018
41,eval_precision,0.1245
41,eval_recall,0.8049
41,eval_time,0.0
42,eval_acc,0.3148
42,eval_auc,0.5007
42,eval_brier,0.6852
42,eval_f1,0.2132
42,eval_loss,0.6115
42,eval_mcc,0.0011
42,eval_pf,0.7465
42,eval_precision,0.1243
42,eval_recall,0.748
42,eval_time,0.0
43,eval_acc,0.3148
43,eval_auc,0.5042
43,eval_brier,0.6852
43,eval_f1,0.215
43,eval_loss,0.6142
43,eval_mcc,0.0064
43,eval_pf,0.7477
43,eval_precision,0.1253
43,eval_recall,0.7561
43,eval_time,0.0
44,eval_acc,0.3653
44,eval_auc,0.5156
44,eval_brier,0.6347
44,eval_f1,0.2186
44,eval_loss,0.5821
44,eval_mcc,0.0221
44,eval_pf,0.6843
44,eval_precision,0.129
44,eval_recall,0.7154
44,eval_time,0.0
45,eval_acc,0.3118
45,eval_auc,0.5095
45,eval_brier,0.6882
45,eval_f1,0.2179
45,eval_loss,0.6197
45,eval_mcc,0.0145
45,eval_pf,0.7535
45,eval_precision,0.1268
45,eval_recall,0.7724
45,eval_time,0.0
46,eval_acc,0.2987
46,eval_auc,0.5124
46,eval_brier,0.7013
46,eval_f1,0.22
46,eval_loss,0.6365
46,eval_mcc,0.0196
46,eval_pf,0.7719
46,eval_precision,0.1276
46,eval_recall,0.7967
46,eval_time,0.0
47,eval_acc,0.3047
47,eval_auc,0.5124
47,eval_brier,0.6953
47,eval_f1,0.2197
47,eval_loss,0.6304
47,eval_mcc,0.0193
47,eval_pf,0.7638
47,eval_precision,0.1276
47,eval_recall,0.7886
47,eval_time,0.0
48,eval_acc,0.2957
48,eval_auc,0.5072
48,eval_brier,0.7043
48,eval_f1,0.2175
48,eval_loss,0.633
48,eval_mcc,0.0114
48,eval_pf,0.7742
48,eval_precision,0.1261
48,eval_recall,0.7886
48,eval_time,0.0
49,eval_acc,0.3411
49,eval_auc,0.5122
49,eval_brier,0.6589
49,eval_f1,0.218
49,eval_loss,0.6016
49,eval_mcc,0.0179
49,eval_pf,0.7154
49,eval_precision,0.1278
49,eval_recall,0.7398
49,eval_time,0.0
50,eval_acc,0.336
50,eval_auc,0.5058
50,eval_brier,0.664
50,eval_f1,0.2148
50,eval_loss,0.5852
50,eval_mcc,0.0086
50,eval_pf,0.72
50,eval_precision,0.1259
50,eval_recall,0.7317
50,eval_time,0.0
51,eval_acc,0.2856
51,eval_auc,0.5119
51,eval_brier,0.7144
51,eval_f1,0.2203
51,eval_loss,0.6456
51,eval_mcc,0.0194
51,eval_pf,0.7892
51,eval_precision,0.1274
51,eval_recall,0.813
51,eval_time,0.0
52,eval_acc,0.3179
52,eval_auc,0.499
52,eval_brier,0.6821
52,eval_f1,0.2121
52,eval_loss,0.6149
52,eval_mcc,-0.0016
52,eval_pf,0.7419
52,eval_precision,0.1238
52,eval_recall,0.7398
52,eval_time,0.0
53,eval_acc,0.3017
53,eval_auc,0.5037
53,eval_brier,0.6983
53,eval_f1,0.2154
53,eval_loss,0.6336
53,eval_mcc,0.0057
53,eval_pf,0.765
53,eval_precision,0.1252
53,eval_recall,0.7724
53,eval_time,0.0
54,eval_acc,0.3411
54,eval_auc,0.5157
54,eval_brier,0.6589
54,eval_f1,0.2198
54,eval_loss,0.6125
54,eval_mcc,0.0231
54,eval_pf,0.7166
54,eval_precision,0.1289
54,eval_recall,0.748
54,eval_time,0.0
55,eval_acc,0.2936
55,eval_auc,0.5061
55,eval_brier,0.7064
55,eval_f1,0.217
55,eval_loss,0.6379
55,eval_mcc,0.0096
55,eval_pf,0.7765
55,eval_precision,0.1258
55,eval_recall,0.7886
55,eval_time,0.0
56,eval_acc,0.3562
56,eval_auc,0.5104
56,eval_brier,0.6438
56,eval_f1,0.2162
56,eval_loss,0.5955
56,eval_mcc,0.0149
56,eval_pf,0.6947
56,eval_precision,0.1274
56,eval_recall,0.7154
56,eval_time,0.0
57,eval_acc,0.3138
57,eval_auc,0.528
57,eval_brier,0.6862
57,eval_f1,0.2273
57,eval_loss,0.6276
57,eval_mcc,0.0435
57,eval_pf,0.7569
57,eval_precision,0.1321
57,eval_recall,0.813
57,eval_time,0.0
58,eval_acc,0.2805
58,eval_auc,0.4986
58,eval_brier,0.7195
58,eval_f1,0.2139
58,eval_loss,0.6509
58,eval_mcc,-0.0023
58,eval_pf,0.7915
58,eval_precision,0.1237
58,eval_recall,0.7886
58,eval_time,0.0
59,eval_acc,0.3199
59,eval_auc,0.5141
59,eval_brier,0.6801
59,eval_f1,0.2199
59,eval_loss,0.6276
59,eval_mcc,0.0213
59,eval_pf,0.7442
59,eval_precision,0.1282
59,eval_recall,0.7724
59,eval_time,0.0
60,eval_acc,0.3138
60,eval_auc,0.5071
60,eval_brier,0.6862
60,eval_f1,0.2166
60,eval_loss,0.628
60,eval_mcc,0.0109
60,eval_pf,0.75
60,eval_precision,0.1262
60,eval_recall,0.7642
60,eval_time,0.0
61,eval_acc,0.2755
61,eval_auc,0.5096
61,eval_brier,0.7245
61,eval_f1,0.2196
61,eval_loss,0.6596
61,eval_mcc,0.016
61,eval_pf,0.8018
61,eval_precision,0.1267
61,eval_recall,0.8211
61,eval_time,0.0
62,eval_acc,0.336
62,eval_auc,0.5163
62,eval_brier,0.664
62,eval_f1,0.2204
62,eval_loss,0.6145
62,eval_mcc,0.0241
62,eval_pf,0.7235
62,eval_precision,0.129
62,eval_recall,0.7561
62,eval_time,0.0
63,eval_acc,0.2836
63,eval_auc,0.5003
63,eval_brier,0.7164
63,eval_f1,0.2146
63,eval_loss,0.6509
63,eval_mcc,0.0005
63,eval_pf,0.788
63,eval_precision,0.1242
63,eval_recall,0.7886
63,eval_time,0.0
64,eval_acc,0.3239
64,eval_auc,0.5233
64,eval_brier,0.6761
64,eval_f1,0.2245
64,eval_loss,0.6324
64,eval_mcc,0.0354
64,eval_pf,0.7419
64,eval_precision,0.1309
64,eval_recall,0.7886
64,eval_time,0.0
65,eval_acc,0.2957
65,eval_auc,0.5072
65,eval_brier,0.7043
65,eval_f1,0.2175
65,eval_loss,0.6419
65,eval_mcc,0.0114
65,eval_pf,0.7742
65,eval_precision,0.1261
65,eval_recall,0.7886
65,eval_time,0.0
66,eval_acc,0.2906
66,eval_auc,0.5078
66,eval_brier,0.7094
66,eval_f1,0.218
66,eval_loss,0.6497
66,eval_mcc,0.0125
66,eval_pf,0.7811
66,eval_precision,0.1263
66,eval_recall,0.7967
66,eval_time,0.0
67,eval_acc,0.2886
67,eval_auc,0.5032
67,eval_brier,0.7114
67,eval_f1,0.2158
67,eval_loss,0.6466
67,eval_mcc,0.0051
67,eval_pf,0.7823
67,eval_precision,0.125
67,eval_recall,0.7886
67,eval_time,0.0
68,eval_acc,0.2997
68,eval_auc,0.513
68,eval_brier,0.7003
68,eval_f1,0.2202
68,eval_loss,0.6436
68,eval_mcc,0.0205
68,eval_pf,0.7707
68,eval_precision,0.1278
68,eval_recall,0.7967
68,eval_time,0.0
69,eval_acc,0.2936
69,eval_auc,0.5165
69,eval_brier,0.7064
69,eval_f1,0.2222
69,eval_loss,0.646
69,eval_mcc,0.0265
69,eval_pf,0.78
69,eval_precision,0.1287
69,eval_recall,0.813
69,eval_time,0.0
70,eval_acc,0.3118
70,eval_auc,0.5025
70,eval_brier,0.6882
70,eval_f1,0.2143
70,eval_loss,0.6297
70,eval_mcc,0.0038
70,eval_pf,0.7512
70,eval_precision,0.1248
70,eval_recall,0.7561
70,eval_time,0.0
71,eval_acc,0.336
71,eval_auc,0.5163
71,eval_brier,0.664
71,eval_f1,0.2204
71,eval_loss,0.6169
71,eval_mcc,0.0241
71,eval_pf,0.7235
71,eval_precision,0.129
71,eval_recall,0.7561
71,eval_time,0.0
72,eval_acc,0.3078
72,eval_auc,0.5071
72,eval_brier,0.6922
72,eval_f1,0.2169
72,eval_loss,0.6346
72,eval_mcc,0.011
72,eval_pf,0.7581
72,eval_precision,0.1262
72,eval_recall,0.7724
72,eval_time,0.0
73,eval_acc,0.3259
73,eval_auc,0.507
73,eval_brier,0.6741
73,eval_f1,0.216
73,eval_loss,0.6188
73,eval_mcc,0.0105
73,eval_pf,0.7339
73,eval_precision,0.1262
73,eval_recall,0.748
73,eval_time,0.0
74,eval_acc,0.2936
74,eval_auc,0.5061
74,eval_brier,0.7064
74,eval_f1,0.217
74,eval_loss,0.6449
74,eval_mcc,0.0096
74,eval_pf,0.7765
74,eval_precision,0.1258
74,eval_recall,0.7886
74,eval_time,0.0
75,eval_acc,0.3108
75,eval_auc,0.5054
75,eval_brier,0.6892
75,eval_f1,0.2158
75,eval_loss,0.6327
75,eval_mcc,0.0083
75,eval_pf,0.7535
75,eval_precision,0.1257
75,eval_recall,0.7642
75,eval_time,0.0
76,eval_acc,0.2947
76,eval_auc,0.4997
76,eval_brier,0.7053
76,eval_f1,0.2137
76,eval_loss,0.634
76,eval_mcc,-0.0005
76,eval_pf,0.773
76,eval_precision,0.124
76,eval_recall,0.7724
76,eval_time,0.0
77,eval_acc,0.3017
77,eval_auc,0.5037
77,eval_brier,0.6983
77,eval_f1,0.2154
77,eval_loss,0.6417
77,eval_mcc,0.0057
77,eval_pf,0.765
77,eval_precision,0.1252
77,eval_recall,0.7724
77,eval_time,0.0
78,eval_acc,0.3199
78,eval_auc,0.5106
78,eval_brier,0.6801
78,eval_f1,0.2181
78,eval_loss,0.6287
78,eval_mcc,0.016
78,eval_pf,0.7431
78,eval_precision,0.1272
78,eval_recall,0.7642
78,eval_time,0.0
79,eval_acc,0.3108
79,eval_auc,0.5124
79,eval_brier,0.6892
79,eval_f1,0.2194
79,eval_loss,0.6363
79,eval_mcc,0.0191
79,eval_pf,0.7558
79,eval_precision,0.1277
79,eval_recall,0.7805
79,eval_time,0.0
80,eval_acc,0.2856
80,eval_auc,0.5049
80,eval_brier,0.7144
80,eval_f1,0.2168
80,eval_loss,0.6522
80,eval_mcc,0.008
80,eval_pf,0.7869
80,eval_precision,0.1255
80,eval_recall,0.7967
80,eval_time,0.0
81,eval_acc,0.3058
81,eval_auc,0.506
81,eval_brier,0.6942
81,eval_f1,0.2164
81,eval_loss,0.6371
81,eval_mcc,0.0093
81,eval_pf,0.7604
81,eval_precision,0.1258
81,eval_recall,0.7724
81,eval_time,0.0
82,eval_acc,0.3007
82,eval_auc,0.5101
82,eval_brier,0.6993
82,eval_f1,0.2187
82,eval_loss,0.6448
82,eval_mcc,0.0158
82,eval_pf,0.7684
82,eval_precision,0.127
82,eval_recall,0.7886
82,eval_time,0.0
83,eval_acc,0.3037
83,eval_auc,0.5118
83,eval_brier,0.6963
83,eval_f1,0.2195
83,eval_loss,0.6412
83,eval_mcc,0.0185
83,eval_pf,0.765
83,eval_precision,0.1275
83,eval_recall,0.7886
83,eval_time,0.0
84,eval_acc,0.3169
84,eval_auc,0.5054
84,eval_brier,0.6831
84,eval_f1,0.2155
84,eval_loss,0.6256
84,eval_mcc,0.0081
84,eval_pf,0.7454
84,eval_precision,0.1257
84,eval_recall,0.7561
84,eval_time,0.0
85,eval_acc,0.3209
85,eval_auc,0.5042
85,eval_brier,0.6791
85,eval_f1,0.2147
85,eval_loss,0.6226
85,eval_mcc,0.0063
85,eval_pf,0.7396
85,eval_precision,0.1253
85,eval_recall,0.748
85,eval_time,0.0
86,eval_acc,0.3158
86,eval_auc,0.5013
86,eval_brier,0.6842
86,eval_f1,0.2135
86,eval_loss,0.6255
86,eval_mcc,0.002
86,eval_pf,0.7454
86,eval_precision,0.1245
86,eval_recall,0.748
86,eval_time,0.0
87,eval_acc,0.3169
87,eval_auc,0.5019
87,eval_brier,0.6831
87,eval_f1,0.2137
87,eval_loss,0.6243
87,eval_mcc,0.0028
87,eval_pf,0.7442
87,eval_precision,0.1247
87,eval_recall,0.748
87,eval_time,0.0
88,eval_acc,0.328
88,eval_auc,0.5117
88,eval_brier,0.672
88,eval_f1,0.2183
88,eval_loss,0.6198
88,eval_mcc,0.0175
88,eval_pf,0.7327
88,eval_precision,0.1276
88,eval_recall,0.7561
88,eval_time,0.0
89,eval_acc,0.3259
89,eval_auc,0.507
89,eval_brier,0.6741
89,eval_f1,0.216
89,eval_loss,0.6233
89,eval_mcc,0.0105
89,eval_pf,0.7339
89,eval_precision,0.1262
89,eval_recall,0.748
89,eval_time,0.0
90,eval_acc,0.3209
90,eval_auc,0.5077
90,eval_brier,0.6791
90,eval_f1,0.2165
90,eval_loss,0.6256
90,eval_mcc,0.0116
90,eval_pf,0.7408
90,eval_precision,0.1264
90,eval_recall,0.7561
90,eval_time,0.0
91,eval_acc,0.3148
91,eval_auc,0.5042
91,eval_brier,0.6852
91,eval_f1,0.215
91,eval_loss,0.6326
91,eval_mcc,0.0064
91,eval_pf,0.7477
91,eval_precision,0.1253
91,eval_recall,0.7561
91,eval_time,0.0
92,eval_acc,0.3138
92,eval_auc,0.5071
92,eval_brier,0.6862
92,eval_f1,0.2166
92,eval_loss,0.6336
92,eval_mcc,0.0109
92,eval_pf,0.75
92,eval_precision,0.1262
92,eval_recall,0.7642
92,eval_time,0.0
93,eval_acc,0.3017
93,eval_auc,0.5037
93,eval_brier,0.6983
93,eval_f1,0.2154
93,eval_loss,0.6381
93,eval_mcc,0.0057
93,eval_pf,0.765
93,eval_precision,0.1252
93,eval_recall,0.7724
93,eval_time,0.0
94,eval_acc,0.2987
94,eval_auc,0.5055
94,eval_brier,0.7013
94,eval_f1,0.2165
94,eval_loss,0.6421
94,eval_mcc,0.0086
94,eval_pf,0.7696
94,eval_precision,0.1257
94,eval_recall,0.7805
94,eval_time,0.0
95,eval_acc,0.2967
95,eval_auc,0.5043
95,eval_brier,0.7033
95,eval_f1,0.216
95,eval_loss,0.6425
95,eval_mcc,0.0068
95,eval_pf,0.7719
95,eval_precision,0.1253
95,eval_recall,0.7805
95,eval_time,0.0
96,eval_acc,0.2967
96,eval_auc,0.5078
96,eval_brier,0.7033
96,eval_f1,0.2177
96,eval_loss,0.6409
96,eval_mcc,0.0123
96,eval_pf,0.773
96,eval_precision,0.1263
96,eval_recall,0.7886
96,eval_time,0.0
97,eval_acc,0.2987
97,eval_auc,0.5055
97,eval_brier,0.7013
97,eval_f1,0.2165
97,eval_loss,0.641
97,eval_mcc,0.0086
97,eval_pf,0.7696
97,eval_precision,0.1257
97,eval_recall,0.7805
97,eval_time,0.0
98,eval_acc,0.2947
98,eval_auc,0.5031
98,eval_brier,0.7053
98,eval_f1,0.2155
98,eval_loss,0.6424
98,eval_mcc,0.005
98,eval_pf,0.7742
98,eval_precision,0.125
98,eval_recall,0.7805
98,eval_time,0.0
99,eval_acc,0.2957
99,eval_auc,0.5037
99,eval_brier,0.7043
99,eval_f1,0.2157
99,eval_loss,0.6421
99,eval_mcc,0.0059
99,eval_pf,0.773
99,eval_precision,0.1252
99,eval_recall,0.7805
99,eval_time,0.0
