Epoch,Metrics,Score
0,eval_acc,0.8759
0,eval_auc,0.5
0,eval_brier,0.1241
0,eval_f1,0.0
0,eval_loss,0.1973
0,eval_mcc,0.0
0,eval_pf,0.0
0,eval_precision,0.0
0,eval_recall,0.0
0,eval_time,0.0
0,___inline___,___inline___
1,eval_acc,0.893
1,eval_auc,0.5691
1,eval_brier,0.107
1,eval_f1,0.2429
1,eval_loss,0.2109
1,eval_mcc,0.351
1,eval_pf,0.0
1,eval_precision,1.0
1,eval_recall,0.1382
1,eval_time,0.0
1,___inline___,___inline___
2,eval_acc,0.8658
2,eval_auc,0.5954
2,eval_brier,0.1342
2,eval_f1,0.3037
2,eval_loss,0.2705
2,eval_mcc,0.2489
2,eval_pf,0.0449
2,eval_precision,0.4265
2,eval_recall,0.2358
2,eval_time,0.0
2,___best___,___best___
3,eval_acc,0.8567
3,eval_auc,0.6042
3,eval_brier,0.1433
3,eval_f1,0.3173
3,eval_loss,0.2554
3,eval_mcc,0.2454
3,eval_pf,0.0599
3,eval_precision,0.3882
3,eval_recall,0.2683
3,eval_time,0.0
3,___best___,___best___
4,eval_acc,0.8456
4,eval_auc,0.5944
4,eval_brier,0.1544
4,eval_f1,0.2949
4,eval_loss,0.2509
4,eval_mcc,0.2124
4,eval_pf,0.0714
4,eval_precision,0.3404
4,eval_recall,0.2602
4,eval_time,0.0
5,eval_acc,0.8406
5,eval_auc,0.6054
5,eval_brier,0.1594
5,eval_f1,0.313
5,eval_loss,0.2668
5,eval_mcc,0.224
5,eval_pf,0.0818
5,eval_precision,0.3364
5,eval_recall,0.2927
5,eval_time,0.0
6,eval_acc,0.8547
6,eval_auc,0.617
6,eval_brier,0.1453
6,eval_f1,0.3394
6,eval_loss,0.2037
6,eval_mcc,0.2621
6,eval_pf,0.0668
6,eval_precision,0.3895
6,eval_recall,0.3008
6,eval_time,0.0
6,___best___,___best___
7,eval_acc,0.8507
7,eval_auc,0.6217
7,eval_brier,0.1493
7,eval_f1,0.3451
7,eval_loss,0.2247
7,eval_mcc,0.2629
7,eval_pf,0.0737
7,eval_precision,0.3786
7,eval_recall,0.3171
7,eval_time,0.0
7,___best___,___best___
8,eval_acc,0.8466
8,eval_auc,0.6298
8,eval_brier,0.1534
8,eval_f1,0.3559
8,eval_loss,0.2102
8,eval_mcc,0.2694
8,eval_pf,0.0818
8,eval_precision,0.3717
8,eval_recall,0.3415
8,eval_time,0.0
8,___best___,___best___
9,eval_acc,0.8507
9,eval_auc,0.6182
9,eval_brier,0.1493
9,eval_f1,0.3393
9,eval_loss,0.1826
9,eval_mcc,0.2576
9,eval_pf,0.0726
9,eval_precision,0.3762
9,eval_recall,0.3089
9,eval_time,0.0
10,eval_acc,0.8496
10,eval_auc,0.6211
10,eval_brier,0.1504
10,eval_f1,0.3436
10,eval_loss,0.1778
10,eval_mcc,0.2605
10,eval_pf,0.0749
10,eval_precision,0.375
10,eval_recall,0.3171
10,eval_time,0.0
11,eval_acc,0.8355
11,eval_auc,0.6235
11,eval_brier,0.1645
11,eval_f1,0.3401
11,eval_loss,0.2003
11,eval_mcc,0.2461
11,eval_pf,0.0945
11,eval_precision,0.3387
11,eval_recall,0.3415
11,eval_time,0.0
12,eval_acc,0.8567
12,eval_auc,0.6321
12,eval_brier,0.1433
12,eval_f1,0.3661
12,eval_loss,0.1591
12,eval_mcc,0.2879
12,eval_pf,0.0691
12,eval_precision,0.4059
12,eval_recall,0.3333
12,eval_time,0.0
12,___best___,___best___
13,eval_acc,0.8658
13,eval_auc,0.6233
13,eval_brier,0.1342
13,eval_f1,0.3575
13,eval_loss,0.1512
13,eval_mcc,0.292
13,eval_pf,0.0541
13,eval_precision,0.4405
13,eval_recall,0.3008
13,eval_time,0.0
14,eval_acc,0.8658
14,eval_auc,0.6233
14,eval_brier,0.1342
14,eval_f1,0.3575
14,eval_loss,0.1491
14,eval_mcc,0.292
14,eval_pf,0.0541
14,eval_precision,0.4405
14,eval_recall,0.3008
14,eval_time,0.0
15,eval_acc,0.8638
15,eval_auc,0.6222
15,eval_brier,0.1362
15,eval_f1,0.3541
15,eval_loss,0.1452
15,eval_mcc,0.2862
15,eval_pf,0.0565
15,eval_precision,0.4302
15,eval_recall,0.3008
15,eval_time,0.0
16,eval_acc,0.8577
16,eval_auc,0.6397
16,eval_brier,0.1423
16,eval_f1,0.3789
16,eval_loss,0.163
16,eval_mcc,0.3005
16,eval_pf,0.0703
16,eval_precision,0.4135
16,eval_recall,0.3496
16,eval_time,0.0
16,___best___,___best___
17,eval_acc,0.8577
17,eval_auc,0.6397
17,eval_brier,0.1423
17,eval_f1,0.3789
17,eval_loss,0.1701
17,eval_mcc,0.3005
17,eval_pf,0.0703
17,eval_precision,0.4135
17,eval_recall,0.3496
17,eval_time,0.0
18,eval_acc,0.8587
18,eval_auc,0.6402
18,eval_brier,0.1413
18,eval_f1,0.3805
18,eval_loss,0.1546
18,eval_mcc,0.303
18,eval_pf,0.0691
18,eval_precision,0.4175
18,eval_recall,0.3496
18,eval_time,0.0
18,___best___,___best___
19,eval_acc,0.8547
19,eval_auc,0.6379
19,eval_brier,0.1453
19,eval_f1,0.3739
19,eval_loss,0.1602
19,eval_mcc,0.2931
19,eval_pf,0.0737
19,eval_precision,0.4019
19,eval_recall,0.3496
19,eval_time,0.0
20,eval_acc,0.8607
20,eval_auc,0.6449
20,eval_brier,0.1393
20,eval_f1,0.3894
20,eval_loss,0.1621
20,eval_mcc,0.313
20,eval_pf,0.068
20,eval_precision,0.4272
20,eval_recall,0.3577
20,eval_time,0.0
20,___best___,___best___
21,eval_acc,0.8446
21,eval_auc,0.6461
21,eval_brier,0.1554
21,eval_f1,0.379
21,eval_loss,0.1652
21,eval_mcc,0.2902
21,eval_pf,0.0899
21,eval_precision,0.376
21,eval_recall,0.3821
21,eval_time,0.0
22,eval_acc,0.8426
22,eval_auc,0.6485
22,eval_brier,0.1574
22,eval_f1,0.381
22,eval_loss,0.1642
22,eval_mcc,0.2909
22,eval_pf,0.0933
22,eval_precision,0.3721
22,eval_recall,0.3902
22,eval_time,0.0
23,eval_acc,0.8557
23,eval_auc,0.649
23,eval_brier,0.1443
23,eval_f1,0.3915
23,eval_loss,0.1515
23,eval_mcc,0.3103
23,eval_pf,0.076
23,eval_precision,0.4107
23,eval_recall,0.374
23,eval_time,0.0
23,___best___,___best___
24,eval_acc,0.8396
24,eval_auc,0.6467
24,eval_brier,0.1604
24,eval_f1,0.3765
24,eval_loss,0.1618
24,eval_mcc,0.2848
24,eval_pf,0.0968
24,eval_precision,0.3636
24,eval_recall,0.3902
24,eval_time,0.0
25,eval_acc,0.8396
25,eval_auc,0.6467
25,eval_brier,0.1604
25,eval_f1,0.3765
25,eval_loss,0.1685
25,eval_mcc,0.2848
25,eval_pf,0.0968
25,eval_precision,0.3636
25,eval_recall,0.3902
25,eval_time,0.0
26,eval_acc,0.8517
26,eval_auc,0.6502
26,eval_brier,0.1483
26,eval_f1,0.39
26,eval_loss,0.1584
26,eval_mcc,0.3057
26,eval_pf,0.0818
26,eval_precision,0.3983
26,eval_recall,0.3821
26,eval_time,0.0
27,eval_acc,0.8618
27,eval_auc,0.6524
27,eval_brier,0.1382
27,eval_f1,0.4017
27,eval_loss,0.1524
27,eval_mcc,0.3252
27,eval_pf,0.0691
27,eval_precision,0.434
27,eval_recall,0.374
27,eval_time,0.0
27,___best___,___best___
28,eval_acc,0.8537
28,eval_auc,0.6478
28,eval_brier,0.1463
28,eval_f1,0.3882
28,eval_loss,0.1581
28,eval_mcc,0.3055
28,eval_pf,0.0783
28,eval_precision,0.4035
28,eval_recall,0.374
28,eval_time,0.0
29,eval_acc,0.8456
29,eval_auc,0.6502
29,eval_brier,0.1544
29,eval_f1,0.3855
29,eval_loss,0.1645
29,eval_mcc,0.2973
29,eval_pf,0.0899
29,eval_precision,0.381
29,eval_recall,0.3902
29,eval_time,0.0
30,eval_acc,0.8345
30,eval_auc,0.6473
30,eval_brier,0.1655
30,eval_f1,0.374
30,eval_loss,0.1812
30,eval_mcc,0.2798
30,eval_pf,0.1037
30,eval_precision,0.3525
30,eval_recall,0.3984
30,eval_time,0.0
31,eval_acc,0.8537
31,eval_auc,0.6513
31,eval_brier,0.1463
31,eval_f1,0.3933
31,eval_loss,0.1552
31,eval_mcc,0.3104
31,eval_pf,0.0795
31,eval_precision,0.4052
31,eval_recall,0.3821
31,eval_time,0.0
32,eval_acc,0.8375
32,eval_auc,0.6456
32,eval_brier,0.1625
32,eval_f1,0.3735
32,eval_loss,0.1709
32,eval_mcc,0.2807
32,eval_pf,0.0991
32,eval_precision,0.3582
32,eval_recall,0.3902
32,eval_time,0.0
33,eval_acc,0.8436
33,eval_auc,0.6455
33,eval_brier,0.1564
33,eval_f1,0.3775
33,eval_loss,0.1663
33,eval_mcc,0.2881
33,eval_pf,0.091
33,eval_precision,0.373
33,eval_recall,0.3821
33,eval_time,0.0
34,eval_acc,0.8507
34,eval_auc,0.6531
34,eval_brier,0.1493
34,eval_f1,0.3934
34,eval_loss,0.1635
34,eval_mcc,0.3083
34,eval_pf,0.0841
34,eval_precision,0.3967
34,eval_recall,0.3902
34,eval_time,0.0
35,eval_acc,0.8628
35,eval_auc,0.653
35,eval_brier,0.1372
35,eval_f1,0.4035
35,eval_loss,0.1503
35,eval_mcc,0.3278
35,eval_pf,0.068
35,eval_precision,0.4381
35,eval_recall,0.374
35,eval_time,0.0
35,___best___,___best___
36,eval_acc,0.8436
36,eval_auc,0.6525
36,eval_brier,0.1564
36,eval_f1,0.3874
36,eval_loss,0.1753
36,eval_mcc,0.2979
36,eval_pf,0.0933
36,eval_precision,0.3769
36,eval_recall,0.3984
36,eval_time,0.0
37,eval_acc,0.8335
37,eval_auc,0.6468
37,eval_brier,0.1665
37,eval_f1,0.3726
37,eval_loss,0.1855
37,eval_mcc,0.2779
37,eval_pf,0.1048
37,eval_precision,0.35
37,eval_recall,0.3984
37,eval_time,0.0
38,eval_acc,0.8466
38,eval_auc,0.6508
38,eval_brier,0.1534
38,eval_f1,0.3871
38,eval_loss,0.1704
38,eval_mcc,0.2995
38,eval_pf,0.0887
38,eval_precision,0.384
38,eval_recall,0.3902
38,eval_time,0.0
39,eval_acc,0.8385
39,eval_auc,0.6462
39,eval_brier,0.1615
39,eval_f1,0.375
39,eval_loss,0.1743
39,eval_mcc,0.2827
39,eval_pf,0.0979
39,eval_precision,0.3609
39,eval_recall,0.3902
39,eval_time,0.0
40,eval_acc,0.8517
40,eval_auc,0.6536
40,eval_brier,0.1483
40,eval_f1,0.3951
40,eval_loss,0.1702
40,eval_mcc,0.3106
40,eval_pf,0.0829
40,eval_precision,0.4
40,eval_recall,0.3902
40,eval_time,0.0
41,eval_acc,0.8325
41,eval_auc,0.6462
41,eval_brier,0.1675
41,eval_f1,0.3712
41,eval_loss,0.1987
41,eval_mcc,0.276
41,eval_pf,0.106
41,eval_precision,0.3475
41,eval_recall,0.3984
41,eval_time,0.0
42,eval_acc,0.8618
42,eval_auc,0.6594
42,eval_brier,0.1382
42,eval_f1,0.412
42,eval_loss,0.1758
42,eval_mcc,0.3346
42,eval_pf,0.0714
42,eval_precision,0.4364
42,eval_recall,0.3902
42,eval_time,0.0
42,___best___,___best___
43,eval_acc,0.8668
43,eval_auc,0.6658
43,eval_brier,0.1332
43,eval_f1,0.4261
43,eval_loss,0.1822
43,eval_mcc,0.3522
43,eval_pf,0.0668
43,eval_precision,0.4579
43,eval_recall,0.3984
43,eval_time,0.0
43,___best___,___best___
44,eval_acc,0.8597
44,eval_auc,0.6548
44,eval_brier,0.1403
44,eval_f1,0.4034
44,eval_loss,0.1909
44,eval_mcc,0.3249
44,eval_pf,0.0726
44,eval_precision,0.4273
44,eval_recall,0.3821
44,eval_time,0.0
45,eval_acc,0.8476
45,eval_auc,0.6548
45,eval_brier,0.1524
45,eval_f1,0.3936
45,eval_loss,0.201
45,eval_mcc,0.3065
45,eval_pf,0.0887
45,eval_precision,0.3889
45,eval_recall,0.3984
45,eval_time,0.0
46,eval_acc,0.8396
46,eval_auc,0.6572
46,eval_brier,0.1604
46,eval_f1,0.3908
46,eval_loss,0.2261
46,eval_mcc,0.2994
46,eval_pf,0.1002
46,eval_precision,0.3696
46,eval_recall,0.4146
46,eval_time,0.0
47,eval_acc,0.8557
47,eval_auc,0.6629
47,eval_brier,0.1443
47,eval_f1,0.4115
47,eval_loss,0.2072
47,eval_mcc,0.3293
47,eval_pf,0.0806
47,eval_precision,0.4167
47,eval_recall,0.4065
47,eval_time,0.0
48,eval_acc,0.8648
48,eval_auc,0.6576
48,eval_brier,0.1352
48,eval_f1,0.4123
48,eval_loss,0.2046
48,eval_mcc,0.3378
48,eval_pf,0.0668
48,eval_precision,0.4476
48,eval_recall,0.3821
48,eval_time,0.0
49,eval_acc,0.8567
49,eval_auc,0.6635
49,eval_brier,0.1433
49,eval_f1,0.4132
49,eval_loss,0.2232
49,eval_mcc,0.3317
49,eval_pf,0.0795
49,eval_precision,0.4202
49,eval_recall,0.4065
49,eval_time,0.0
50,eval_acc,0.8375
50,eval_auc,0.656
50,eval_brier,0.1625
50,eval_f1,0.3878
50,eval_loss,0.2337
50,eval_mcc,0.2954
50,eval_pf,0.1025
50,eval_precision,0.3643
50,eval_recall,0.4146
50,eval_time,0.0
51,eval_acc,0.8153
51,eval_auc,0.6573
51,eval_brier,0.1847
51,eval_f1,0.3754
51,eval_loss,0.25
51,eval_mcc,0.2752
51,eval_pf,0.1325
51,eval_precision,0.3235
51,eval_recall,0.4472
51,eval_time,0.0
52,eval_acc,0.8163
52,eval_auc,0.6684
52,eval_brier,0.1837
52,eval_f1,0.3893
52,eval_loss,0.2475
52,eval_mcc,0.2912
52,eval_pf,0.1348
52,eval_precision,0.3314
52,eval_recall,0.4715
52,eval_time,0.0
53,eval_acc,0.8063
53,eval_auc,0.6766
53,eval_brier,0.1937
53,eval_f1,0.3924
53,eval_loss,0.2692
53,eval_mcc,0.294
53,eval_pf,0.1509
53,eval_precision,0.3212
53,eval_recall,0.5041
53,eval_time,0.0
54,eval_acc,0.7992
54,eval_auc,0.6795
54,eval_brier,0.2008
54,eval_f1,0.3914
54,eval_loss,0.262
54,eval_mcc,0.2928
54,eval_pf,0.1613
54,eval_precision,0.3137
54,eval_recall,0.5203
54,eval_time,0.0
55,eval_acc,0.7952
55,eval_auc,0.6772
55,eval_brier,0.2048
55,eval_f1,0.3867
55,eval_loss,0.2677
55,eval_mcc,0.287
55,eval_pf,0.1659
55,eval_precision,0.3077
55,eval_recall,0.5203
55,eval_time,0.0
56,eval_acc,0.8093
56,eval_auc,0.6818
56,eval_brier,0.1907
56,eval_f1,0.4
56,eval_loss,0.2471
56,eval_mcc,0.3033
56,eval_pf,0.1486
56,eval_precision,0.3281
56,eval_recall,0.5122
56,eval_time,0.0
57,eval_acc,0.8002
57,eval_auc,0.6871
57,eval_brier,0.1998
57,eval_f1,0.4
57,eval_loss,0.2661
57,eval_mcc,0.3035
57,eval_pf,0.1624
57,eval_precision,0.3188
57,eval_recall,0.5366
57,eval_time,0.0
58,eval_acc,0.7931
58,eval_auc,0.69
58,eval_brier,0.2069
58,eval_f1,0.3988
58,eval_loss,0.2721
58,eval_mcc,0.3025
58,eval_pf,0.1728
58,eval_precision,0.3119
58,eval_recall,0.5528
58,eval_time,0.0
59,eval_acc,0.8042
59,eval_auc,0.6894
59,eval_brier,0.1958
59,eval_f1,0.4049
59,eval_loss,0.2526
59,eval_mcc,0.3094
59,eval_pf,0.1578
59,eval_precision,0.3251
59,eval_recall,0.5366
59,eval_time,0.0
60,eval_acc,0.7952
60,eval_auc,0.6772
60,eval_brier,0.2048
60,eval_f1,0.3867
60,eval_loss,0.2707
60,eval_mcc,0.287
60,eval_pf,0.1659
60,eval_precision,0.3077
60,eval_recall,0.5203
60,eval_time,0.0
61,eval_acc,0.7952
61,eval_auc,0.6737
61,eval_brier,0.2048
61,eval_f1,0.383
61,eval_loss,0.2571
61,eval_mcc,0.2823
61,eval_pf,0.1647
61,eval_precision,0.3058
61,eval_recall,0.5122
61,eval_time,0.0
62,eval_acc,0.8063
62,eval_auc,0.6766
62,eval_brier,0.1937
62,eval_f1,0.3924
62,eval_loss,0.2508
62,eval_mcc,0.294
62,eval_pf,0.1509
62,eval_precision,0.3212
62,eval_recall,0.5041
62,eval_time,0.0
63,eval_acc,0.7588
63,eval_auc,0.6669
63,eval_brier,0.2412
63,eval_f1,0.3592
63,eval_loss,0.2819
63,eval_mcc,0.2535
63,eval_pf,0.2108
63,eval_precision,0.268
63,eval_recall,0.5447
63,eval_time,0.0
64,eval_acc,0.773
64,eval_auc,0.682
64,eval_brier,0.227
64,eval_f1,0.3802
64,eval_loss,0.2817
64,eval_mcc,0.2801
64,eval_pf,0.197
64,eval_precision,0.2875
64,eval_recall,0.561
64,eval_time,0.0
65,eval_acc,0.7709
65,eval_auc,0.6843
65,eval_brier,0.2291
65,eval_f1,0.3815
65,eval_loss,0.2743
65,eval_mcc,0.2821
65,eval_pf,0.2005
65,eval_precision,0.2869
65,eval_recall,0.5691
65,eval_time,0.0
66,eval_acc,0.8032
66,eval_auc,0.6923
66,eval_brier,0.1968
66,eval_f1,0.4073
66,eval_loss,0.2577
66,eval_mcc,0.3125
66,eval_pf,0.1601
66,eval_precision,0.3252
66,eval_recall,0.5447
66,eval_time,0.0
67,eval_acc,0.783
67,eval_auc,0.6773
67,eval_brier,0.217
67,eval_f1,0.3804
67,eval_loss,0.2668
67,eval_mcc,0.2795
67,eval_pf,0.182
67,eval_precision,0.2946
67,eval_recall,0.5366
67,eval_time,0.0
68,eval_acc,0.7871
68,eval_auc,0.6796
68,eval_brier,0.2129
68,eval_f1,0.3848
68,eval_loss,0.2651
68,eval_mcc,0.285
68,eval_pf,0.1774
68,eval_precision,0.3
68,eval_recall,0.5366
68,eval_time,0.0
69,eval_acc,0.7689
69,eval_auc,0.6762
69,eval_brier,0.2311
69,eval_f1,0.3726
69,eval_loss,0.2799
69,eval_mcc,0.2704
69,eval_pf,0.2005
69,eval_precision,0.281
69,eval_recall,0.5528
69,eval_time,0.0
70,eval_acc,0.7921
70,eval_auc,0.686
70,eval_brier,0.2079
70,eval_f1,0.3941
70,eval_loss,0.261
70,eval_mcc,0.2965
70,eval_pf,0.1728
70,eval_precision,0.3088
70,eval_recall,0.5447
70,eval_time,0.0
71,eval_acc,0.778
71,eval_auc,0.6779
71,eval_brier,0.222
71,eval_f1,0.3785
71,eval_loss,0.2705
71,eval_mcc,0.2774
71,eval_pf,0.1889
71,eval_precision,0.29
71,eval_recall,0.5447
71,eval_time,0.0
72,eval_acc,0.7689
72,eval_auc,0.6797
72,eval_brier,0.2311
72,eval_f1,0.376
72,eval_loss,0.2756
72,eval_mcc,0.275
72,eval_pf,0.2016
72,eval_precision,0.2828
72,eval_recall,0.561
72,eval_time,0.0
73,eval_acc,0.782
73,eval_auc,0.6837
73,eval_brier,0.218
73,eval_f1,0.3864
73,eval_loss,0.2658
73,eval_mcc,0.2873
73,eval_pf,0.1855
73,eval_precision,0.2969
73,eval_recall,0.5528
73,eval_time,0.0
74,eval_acc,0.775
74,eval_auc,0.6727
74,eval_brier,0.225
74,eval_f1,0.3718
74,eval_loss,0.2711
74,eval_mcc,0.2689
74,eval_pf,0.1912
74,eval_precision,0.2845
74,eval_recall,0.5366
74,eval_time,0.0
75,eval_acc,0.7649
75,eval_auc,0.6739
75,eval_brier,0.2351
75,eval_f1,0.3686
75,eval_loss,0.282
75,eval_mcc,0.2654
75,eval_pf,0.2051
75,eval_precision,0.2764
75,eval_recall,0.5528
75,eval_time,0.0
76,eval_acc,0.777
76,eval_auc,0.6738
76,eval_brier,0.223
76,eval_f1,0.3739
76,eval_loss,0.2691
76,eval_mcc,0.2715
76,eval_pf,0.1889
76,eval_precision,0.287
76,eval_recall,0.5366
76,eval_time,0.0
77,eval_acc,0.781
77,eval_auc,0.6831
77,eval_brier,0.219
77,eval_f1,0.3853
77,eval_loss,0.2731
77,eval_mcc,0.286
77,eval_pf,0.1866
77,eval_precision,0.2957
77,eval_recall,0.5528
77,eval_time,0.0
78,eval_acc,0.7699
78,eval_auc,0.6768
78,eval_brier,0.2301
78,eval_f1,0.3736
78,eval_loss,0.276
78,eval_mcc,0.2717
78,eval_pf,0.1993
78,eval_precision,0.2822
78,eval_recall,0.5528
78,eval_time,0.0
79,eval_acc,0.774
79,eval_auc,0.6721
79,eval_brier,0.226
79,eval_f1,0.3708
79,eval_loss,0.2709
79,eval_mcc,0.2676
79,eval_pf,0.1924
79,eval_precision,0.2833
79,eval_recall,0.5366
79,eval_time,0.0
80,eval_acc,0.7709
80,eval_auc,0.6773
80,eval_brier,0.2291
80,eval_f1,0.3747
80,eval_loss,0.2756
80,eval_mcc,0.273
80,eval_pf,0.1982
80,eval_precision,0.2833
80,eval_recall,0.5528
80,eval_time,0.0
81,eval_acc,0.775
81,eval_auc,0.6727
81,eval_brier,0.225
81,eval_f1,0.3718
81,eval_loss,0.2704
81,eval_mcc,0.2689
81,eval_pf,0.1912
81,eval_precision,0.2845
81,eval_recall,0.5366
81,eval_time,0.0
82,eval_acc,0.775
82,eval_auc,0.6727
82,eval_brier,0.225
82,eval_f1,0.3718
82,eval_loss,0.2732
82,eval_mcc,0.2689
82,eval_pf,0.1912
82,eval_precision,0.2845
82,eval_recall,0.5366
82,eval_time,0.0
83,eval_acc,0.7699
83,eval_auc,0.6733
83,eval_brier,0.2301
83,eval_f1,0.3702
83,eval_loss,0.2782
83,eval_mcc,0.2671
83,eval_pf,0.1982
83,eval_precision,0.2803
83,eval_recall,0.5447
83,eval_time,0.0
84,eval_acc,0.776
84,eval_auc,0.6732
84,eval_brier,0.224
84,eval_f1,0.3729
84,eval_loss,0.2711
84,eval_mcc,0.2702
84,eval_pf,0.1901
84,eval_precision,0.2857
84,eval_recall,0.5366
84,eval_time,0.0
85,eval_acc,0.773
85,eval_auc,0.675
85,eval_brier,0.227
85,eval_f1,0.3733
85,eval_loss,0.2714
85,eval_mcc,0.2709
85,eval_pf,0.1947
85,eval_precision,0.2839
85,eval_recall,0.5447
85,eval_time,0.0
86,eval_acc,0.7699
86,eval_auc,0.6698
86,eval_brier,0.2301
86,eval_f1,0.3667
86,eval_loss,0.2721
86,eval_mcc,0.2625
86,eval_pf,0.197
86,eval_precision,0.2785
86,eval_recall,0.5366
86,eval_time,0.0
87,eval_acc,0.7649
87,eval_auc,0.6634
87,eval_brier,0.2351
87,eval_f1,0.3581
87,eval_loss,0.2777
87,eval_mcc,0.2516
87,eval_pf,0.2016
87,eval_precision,0.2708
87,eval_recall,0.5285
87,eval_time,0.0
88,eval_acc,0.774
88,eval_auc,0.6721
88,eval_brier,0.226
88,eval_f1,0.3708
88,eval_loss,0.27
88,eval_mcc,0.2676
88,eval_pf,0.1924
88,eval_precision,0.2833
88,eval_recall,0.5366
88,eval_time,0.0
89,eval_acc,0.776
89,eval_auc,0.6767
89,eval_brier,0.224
89,eval_f1,0.3764
89,eval_loss,0.2709
89,eval_mcc,0.2748
89,eval_pf,0.1912
89,eval_precision,0.2876
89,eval_recall,0.5447
89,eval_time,0.0
90,eval_acc,0.7659
90,eval_auc,0.664
90,eval_brier,0.2341
90,eval_f1,0.3591
90,eval_loss,0.273
90,eval_mcc,0.2528
90,eval_pf,0.2005
90,eval_precision,0.272
90,eval_recall,0.5285
90,eval_time,0.0
91,eval_acc,0.7709
91,eval_auc,0.6773
91,eval_brier,0.2291
91,eval_f1,0.3747
91,eval_loss,0.2722
91,eval_mcc,0.273
91,eval_pf,0.1982
91,eval_precision,0.2833
91,eval_recall,0.5528
91,eval_time,0.0
92,eval_acc,0.776
92,eval_auc,0.6802
92,eval_brier,0.224
92,eval_f1,0.3799
92,eval_loss,0.2718
92,eval_mcc,0.2794
92,eval_pf,0.1924
92,eval_precision,0.2894
92,eval_recall,0.5528
92,eval_time,0.0
93,eval_acc,0.776
93,eval_auc,0.6767
93,eval_brier,0.224
93,eval_f1,0.3764
93,eval_loss,0.2724
93,eval_mcc,0.2748
93,eval_pf,0.1912
93,eval_precision,0.2876
93,eval_recall,0.5447
93,eval_time,0.0
94,eval_acc,0.7689
94,eval_auc,0.6657
94,eval_brier,0.2311
94,eval_f1,0.3621
94,eval_loss,0.2722
94,eval_mcc,0.2566
94,eval_pf,0.197
94,eval_precision,0.2754
94,eval_recall,0.5285
94,eval_time,0.0
95,eval_acc,0.7719
95,eval_auc,0.6744
95,eval_brier,0.2281
95,eval_f1,0.3722
95,eval_loss,0.2714
95,eval_mcc,0.2697
95,eval_pf,0.1959
95,eval_precision,0.2827
95,eval_recall,0.5447
95,eval_time,0.0
96,eval_acc,0.7699
96,eval_auc,0.6698
96,eval_brier,0.2301
96,eval_f1,0.3667
96,eval_loss,0.2745
96,eval_mcc,0.2625
96,eval_pf,0.197
96,eval_precision,0.2785
96,eval_recall,0.5366
96,eval_time,0.0
97,eval_acc,0.7719
97,eval_auc,0.6709
97,eval_brier,0.2281
97,eval_f1,0.3687
97,eval_loss,0.2718
97,eval_mcc,0.265
97,eval_pf,0.1947
97,eval_precision,0.2809
97,eval_recall,0.5366
97,eval_time,0.0
98,eval_acc,0.7719
98,eval_auc,0.6709
98,eval_brier,0.2281
98,eval_f1,0.3687
98,eval_loss,0.2715
98,eval_mcc,0.265
98,eval_pf,0.1947
98,eval_precision,0.2809
98,eval_recall,0.5366
98,eval_time,0.0
99,eval_acc,0.774
99,eval_auc,0.6756
99,eval_brier,0.226
99,eval_f1,0.3743
99,eval_loss,0.2713
99,eval_mcc,0.2722
99,eval_pf,0.1935
99,eval_precision,0.2851
99,eval_recall,0.5447
99,eval_time,0.0
