Epoch,Metrics,Score
0,eval_acc,0.4583
0,eval_auc,0.4583
0,eval_brier,0.5417
0,eval_f1,0.35
0,eval_loss,0.5098
0,eval_mcc,-0.0884
0,eval_pf,0.375
0,eval_precision,0.4375
0,eval_recall,0.2917
0,eval_time,0.0
0,___best___,___best___
1,eval_acc,0.4931
1,eval_auc,0.4931
1,eval_brier,0.5069
1,eval_f1,0.2913
1,eval_loss,0.5192
1,eval_mcc,-0.0169
1,eval_pf,0.2222
1,eval_precision,0.4839
1,eval_recall,0.2083
1,eval_time,0.0
2,eval_acc,0.5139
2,eval_auc,0.5139
2,eval_brier,0.4861
2,eval_f1,0.1463
2,eval_loss,0.5215
2,eval_mcc,0.0546
2,eval_pf,0.0556
2,eval_precision,0.6
2,eval_recall,0.0833
2,eval_time,0.0
3,eval_acc,0.4792
3,eval_auc,0.4792
3,eval_brier,0.5208
3,eval_f1,0.1573
3,eval_loss,0.5303
3,eval_mcc,-0.0646
3,eval_pf,0.1389
3,eval_precision,0.4118
3,eval_recall,0.0972
3,eval_time,0.0
4,eval_acc,0.5
4,eval_auc,0.5
4,eval_brier,0.5
4,eval_f1,0.0769
4,eval_loss,0.5252
4,eval_mcc,0.0
4,eval_pf,0.0417
4,eval_precision,0.5
4,eval_recall,0.0417
4,eval_time,0.0
5,eval_acc,0.4861
5,eval_auc,0.4861
5,eval_brier,0.5139
5,eval_f1,0.0976
5,eval_loss,0.5283
5,eval_mcc,-0.0546
5,eval_pf,0.0833
5,eval_precision,0.4
5,eval_recall,0.0556
5,eval_time,0.0
6,eval_acc,0.4931
6,eval_auc,0.4931
6,eval_brier,0.5069
6,eval_f1,0.0759
6,eval_loss,0.5244
6,eval_mcc,-0.0323
6,eval_pf,0.0556
6,eval_precision,0.4286
6,eval_recall,0.0417
6,eval_time,0.0
7,eval_acc,0.4861
7,eval_auc,0.4861
7,eval_brier,0.5139
7,eval_f1,0.0513
7,eval_loss,0.5188
7,eval_mcc,-0.0695
7,eval_pf,0.0556
7,eval_precision,0.3333
7,eval_recall,0.0278
7,eval_time,0.0
8,eval_acc,0.5
8,eval_auc,0.5
8,eval_brier,0.5
8,eval_f1,0.1
8,eval_loss,0.5219
8,eval_mcc,0.0
8,eval_pf,0.0556
8,eval_precision,0.5
8,eval_recall,0.0556
8,eval_time,0.0
9,eval_acc,0.5
9,eval_auc,0.5
9,eval_brier,0.5
9,eval_f1,0.122
9,eval_loss,0.5126
9,eval_mcc,0.0
9,eval_pf,0.0694
9,eval_precision,0.5
9,eval_recall,0.0694
9,eval_time,0.0
10,eval_acc,0.5
10,eval_auc,0.5
10,eval_brier,0.5
10,eval_f1,0.1429
10,eval_loss,0.509
10,eval_mcc,0.0
10,eval_pf,0.0833
10,eval_precision,0.5
10,eval_recall,0.0833
10,eval_time,0.0
11,eval_acc,0.4931
11,eval_auc,0.4931
11,eval_brier,0.5069
11,eval_f1,0.0988
11,eval_loss,0.5045
11,eval_mcc,-0.0287
11,eval_pf,0.0694
11,eval_precision,0.4444
11,eval_recall,0.0556
11,eval_time,0.0
12,eval_acc,0.4792
12,eval_auc,0.4792
12,eval_brier,0.5208
12,eval_f1,0.0741
12,eval_loss,0.5046
12,eval_mcc,-0.0861
12,eval_pf,0.0833
12,eval_precision,0.3333
12,eval_recall,0.0417
12,eval_time,0.0
13,eval_acc,0.4722
13,eval_auc,0.4722
13,eval_brier,0.5278
13,eval_f1,0.05
13,eval_loss,0.503
13,eval_mcc,-0.1213
13,eval_pf,0.0833
13,eval_precision,0.25
13,eval_recall,0.0278
13,eval_time,0.0
14,eval_acc,0.4792
14,eval_auc,0.4792
14,eval_brier,0.5208
14,eval_f1,0.0741
14,eval_loss,0.5019
14,eval_mcc,-0.0861
14,eval_pf,0.0833
14,eval_precision,0.3333
14,eval_recall,0.0417
14,eval_time,0.0
15,eval_acc,0.4861
15,eval_auc,0.4861
15,eval_brier,0.5139
15,eval_f1,0.0976
15,eval_loss,0.5018
15,eval_mcc,-0.0546
15,eval_pf,0.0833
15,eval_precision,0.4
15,eval_recall,0.0556
15,eval_time,0.0
16,eval_acc,0.5
16,eval_auc,0.5
16,eval_brier,0.5
16,eval_f1,0.1429
16,eval_loss,0.4966
16,eval_mcc,0.0
16,eval_pf,0.0833
16,eval_precision,0.5
16,eval_recall,0.0833
16,eval_time,0.0
17,eval_acc,0.5
17,eval_auc,0.5
17,eval_brier,0.5
17,eval_f1,0.1429
17,eval_loss,0.4924
17,eval_mcc,0.0
17,eval_pf,0.0833
17,eval_precision,0.5
17,eval_recall,0.0833
17,eval_time,0.0
18,eval_acc,0.5
18,eval_auc,0.5
18,eval_brier,0.5
18,eval_f1,0.2
18,eval_loss,0.4874
18,eval_mcc,0.0
18,eval_pf,0.125
18,eval_precision,0.5
18,eval_recall,0.125
18,eval_time,0.0
19,eval_acc,0.5278
19,eval_auc,0.5278
19,eval_brier,0.4722
19,eval_f1,0.3061
19,eval_loss,0.4929
19,eval_mcc,0.0722
19,eval_pf,0.1528
19,eval_precision,0.5769
19,eval_recall,0.2083
19,eval_time,0.0
20,eval_acc,0.5278
20,eval_auc,0.5278
20,eval_brier,0.4722
20,eval_f1,0.3061
20,eval_loss,0.4863
20,eval_mcc,0.0722
20,eval_pf,0.1528
20,eval_precision,0.5769
20,eval_recall,0.2083
20,eval_time,0.0
21,eval_acc,0.5278
21,eval_auc,0.5278
21,eval_brier,0.4722
21,eval_f1,0.3061
21,eval_loss,0.4846
21,eval_mcc,0.0722
21,eval_pf,0.1528
21,eval_precision,0.5769
21,eval_recall,0.2083
21,eval_time,0.0
22,eval_acc,0.5
22,eval_auc,0.5
22,eval_brier,0.5
22,eval_f1,0.3077
22,eval_loss,0.4873
22,eval_mcc,0.0
22,eval_pf,0.2222
22,eval_precision,0.5
22,eval_recall,0.2222
22,eval_time,0.0
23,eval_acc,0.5139
23,eval_auc,0.5139
23,eval_brier,0.4861
23,eval_f1,0.3
23,eval_loss,0.4865
23,eval_mcc,0.0351
23,eval_pf,0.1806
23,eval_precision,0.5357
23,eval_recall,0.2083
23,eval_time,0.0
24,eval_acc,0.5208
24,eval_auc,0.5208
24,eval_brier,0.4792
24,eval_f1,0.4
24,eval_loss,0.4915
24,eval_mcc,0.0455
24,eval_pf,0.2778
24,eval_precision,0.5349
24,eval_recall,0.3194
24,eval_time,0.0
24,___best___,___best___
25,eval_acc,0.5139
25,eval_auc,0.5139
25,eval_brier,0.4861
25,eval_f1,0.3137
25,eval_loss,0.4843
25,eval_mcc,0.0342
25,eval_pf,0.1944
25,eval_precision,0.5333
25,eval_recall,0.2222
25,eval_time,0.0
26,eval_acc,0.5208
26,eval_auc,0.5208
26,eval_brier,0.4792
26,eval_f1,0.2737
26,eval_loss,0.4813
26,eval_mcc,0.0569
26,eval_pf,0.1389
26,eval_precision,0.5652
26,eval_recall,0.1806
26,eval_time,0.0
27,eval_acc,0.5139
27,eval_auc,0.5139
27,eval_brier,0.4861
27,eval_f1,0.2391
27,eval_loss,0.4842
27,eval_mcc,0.0402
27,eval_pf,0.125
27,eval_precision,0.55
27,eval_recall,0.1528
27,eval_time,0.0
28,eval_acc,0.5
28,eval_auc,0.5
28,eval_brier,0.5
28,eval_f1,0.3571
28,eval_loss,0.4894
28,eval_mcc,0.0
28,eval_pf,0.2778
28,eval_precision,0.5
28,eval_recall,0.2778
28,eval_time,0.0
29,eval_acc,0.5208
29,eval_auc,0.5208
29,eval_brier,0.4792
29,eval_f1,0.2887
29,eval_loss,0.4804
29,eval_mcc,0.055
29,eval_pf,0.1528
29,eval_precision,0.56
29,eval_recall,0.1944
29,eval_time,0.0
30,eval_acc,0.5347
30,eval_auc,0.5347
30,eval_brier,0.4653
30,eval_f1,0.3232
30,eval_loss,0.4764
30,eval_mcc,0.089
30,eval_pf,0.1528
30,eval_precision,0.5926
30,eval_recall,0.2222
30,eval_time,0.0
31,eval_acc,0.5347
31,eval_auc,0.5347
31,eval_brier,0.4653
31,eval_f1,0.3232
31,eval_loss,0.4827
31,eval_mcc,0.089
31,eval_pf,0.1528
31,eval_precision,0.5926
31,eval_recall,0.2222
31,eval_time,0.0
32,eval_acc,0.5208
32,eval_auc,0.5208
32,eval_brier,0.4792
32,eval_f1,0.2581
32,eval_loss,0.4829
32,eval_mcc,0.059
32,eval_pf,0.125
32,eval_precision,0.5714
32,eval_recall,0.1667
32,eval_time,0.0
33,eval_acc,0.5278
33,eval_auc,0.5278
33,eval_brier,0.4722
33,eval_f1,0.3061
33,eval_loss,0.4788
33,eval_mcc,0.0722
33,eval_pf,0.1528
33,eval_precision,0.5769
33,eval_recall,0.2083
33,eval_time,0.0
34,eval_acc,0.5278
34,eval_auc,0.5278
34,eval_brier,0.4722
34,eval_f1,0.3333
34,eval_loss,0.4748
34,eval_mcc,0.0684
34,eval_pf,0.1806
34,eval_precision,0.5667
34,eval_recall,0.2361
34,eval_time,0.0
35,eval_acc,0.5278
35,eval_auc,0.5278
35,eval_brier,0.4722
35,eval_f1,0.3061
35,eval_loss,0.4755
35,eval_mcc,0.0722
35,eval_pf,0.1528
35,eval_precision,0.5769
35,eval_recall,0.2083
35,eval_time,0.0
36,eval_acc,0.5278
36,eval_auc,0.5278
36,eval_brier,0.4722
36,eval_f1,0.3333
36,eval_loss,0.4812
36,eval_mcc,0.0684
36,eval_pf,0.1806
36,eval_precision,0.5667
36,eval_recall,0.2361
36,eval_time,0.0
37,eval_acc,0.5069
37,eval_auc,0.5069
37,eval_brier,0.4931
37,eval_f1,0.1839
37,eval_loss,0.4891
37,eval_mcc,0.0227
37,eval_pf,0.0972
37,eval_precision,0.5333
37,eval_recall,0.1111
37,eval_time,0.0
38,eval_acc,0.5278
38,eval_auc,0.5278
38,eval_brier,0.4722
38,eval_f1,0.3061
38,eval_loss,0.4777
38,eval_mcc,0.0722
38,eval_pf,0.1528
38,eval_precision,0.5769
38,eval_recall,0.2083
38,eval_time,0.0
39,eval_acc,0.5139
39,eval_auc,0.5139
39,eval_brier,0.4861
39,eval_f1,0.3519
39,eval_loss,0.4919
39,eval_mcc,0.0321
39,eval_pf,0.2361
39,eval_precision,0.5278
39,eval_recall,0.2639
39,eval_time,0.0
40,eval_acc,0.5139
40,eval_auc,0.5139
40,eval_brier,0.4861
40,eval_f1,0.2391
40,eval_loss,0.4814
40,eval_mcc,0.0402
40,eval_pf,0.125
40,eval_precision,0.55
40,eval_recall,0.1528
40,eval_time,0.0
41,eval_acc,0.5139
41,eval_auc,0.5139
41,eval_brier,0.4861
41,eval_f1,0.3269
41,eval_loss,0.4857
41,eval_mcc,0.0334
41,eval_pf,0.2083
41,eval_precision,0.5312
41,eval_recall,0.2361
41,eval_time,0.0
42,eval_acc,0.5139
42,eval_auc,0.5139
42,eval_brier,0.4861
42,eval_f1,0.2708
42,eval_loss,0.4829
42,eval_mcc,0.0373
42,eval_pf,0.1528
42,eval_precision,0.5417
42,eval_recall,0.1806
42,eval_time,0.0
43,eval_acc,0.5069
43,eval_auc,0.5069
43,eval_brier,0.4931
43,eval_f1,0.297
43,eval_loss,0.4924
43,eval_mcc,0.0173
43,eval_pf,0.1944
43,eval_precision,0.5172
43,eval_recall,0.2083
43,eval_time,0.0
44,eval_acc,0.5
44,eval_auc,0.5
44,eval_brier,0.5
44,eval_f1,0.4375
44,eval_loss,0.504
44,eval_mcc,0.0
44,eval_pf,0.3889
44,eval_precision,0.5
44,eval_recall,0.3889
44,eval_time,0.0
44,___best___,___best___
45,eval_acc,0.5139
45,eval_auc,0.5139
45,eval_brier,0.4861
45,eval_f1,0.4531
45,eval_loss,0.5098
45,eval_mcc,0.0285
45,eval_pf,0.375
45,eval_precision,0.5179
45,eval_recall,0.4028
45,eval_time,0.0
45,___best___,___best___
46,eval_acc,0.4792
46,eval_auc,0.4792
46,eval_brier,0.5208
46,eval_f1,0.4755
46,eval_loss,0.5029
46,eval_mcc,-0.0417
46,eval_pf,0.5139
46,eval_precision,0.4789
46,eval_recall,0.4722
46,eval_time,0.0
46,___best___,___best___
47,eval_acc,0.5139
47,eval_auc,0.5139
47,eval_brier,0.4861
47,eval_f1,0.527
47,eval_loss,0.492
47,eval_mcc,0.0278
47,eval_pf,0.5139
47,eval_precision,0.5132
47,eval_recall,0.5417
47,eval_time,0.0
47,___best___,___best___
48,eval_acc,0.4931
48,eval_auc,0.4931
48,eval_brier,0.5069
48,eval_f1,0.5101
48,eval_loss,0.4971
48,eval_mcc,-0.0139
48,eval_pf,0.5417
48,eval_precision,0.4935
48,eval_recall,0.5278
48,eval_time,0.0
49,eval_acc,0.4931
49,eval_auc,0.4931
49,eval_brier,0.5069
49,eval_f1,0.5034
49,eval_loss,0.5007
49,eval_mcc,-0.0139
49,eval_pf,0.5278
49,eval_precision,0.4933
49,eval_recall,0.5139
49,eval_time,0.0
50,eval_acc,0.4861
50,eval_auc,0.4861
50,eval_brier,0.5139
50,eval_f1,0.5132
50,eval_loss,0.5192
50,eval_mcc,-0.028
50,eval_pf,0.5694
50,eval_precision,0.4875
50,eval_recall,0.5417
50,eval_time,0.0
51,eval_acc,0.5069
51,eval_auc,0.5069
51,eval_brier,0.4931
51,eval_f1,0.5359
51,eval_loss,0.5179
51,eval_mcc,0.014
51,eval_pf,0.5556
51,eval_precision,0.5062
51,eval_recall,0.5694
51,eval_time,0.0
51,___best___,___best___
52,eval_acc,0.5486
52,eval_auc,0.5486
52,eval_brier,0.4514
52,eval_f1,0.5806
52,eval_loss,0.5052
52,eval_mcc,0.0984
52,eval_pf,0.5278
52,eval_precision,0.5422
52,eval_recall,0.625
52,eval_time,0.0
52,___best___,___best___
53,eval_acc,0.5069
53,eval_auc,0.5069
53,eval_brier,0.4931
53,eval_f1,0.5359
53,eval_loss,0.497
53,eval_mcc,0.014
53,eval_pf,0.5556
53,eval_precision,0.5062
53,eval_recall,0.5694
53,eval_time,0.0
54,eval_acc,0.5
54,eval_auc,0.5
54,eval_brier,0.5
54,eval_f1,0.5385
54,eval_loss,0.504
54,eval_mcc,0.0
54,eval_pf,0.5833
54,eval_precision,0.5
54,eval_recall,0.5833
54,eval_time,0.0
55,eval_acc,0.5208
55,eval_auc,0.5208
55,eval_brier,0.4792
55,eval_f1,0.5714
55,eval_loss,0.5007
55,eval_mcc,0.0429
55,eval_pf,0.5972
55,eval_precision,0.5169
55,eval_recall,0.6389
55,eval_time,0.0
56,eval_acc,0.5
56,eval_auc,0.5
56,eval_brier,0.5
56,eval_f1,0.561
56,eval_loss,0.5103
56,eval_mcc,0.0
56,eval_pf,0.6389
56,eval_precision,0.5
56,eval_recall,0.6389
56,eval_time,0.0
57,eval_acc,0.5139
57,eval_auc,0.5139
57,eval_brier,0.4861
57,eval_f1,0.5395
57,eval_loss,0.5215
57,eval_mcc,0.028
57,eval_pf,0.5417
57,eval_precision,0.5125
57,eval_recall,0.5694
57,eval_time,0.0
58,eval_acc,0.5417
58,eval_auc,0.5417
58,eval_brier,0.4583
58,eval_f1,0.5658
58,eval_loss,0.5075
58,eval_mcc,0.0839
58,eval_pf,0.5139
58,eval_precision,0.5375
58,eval_recall,0.5972
58,eval_time,0.0
59,eval_acc,0.5347
59,eval_auc,0.5347
59,eval_brier,0.4653
59,eval_f1,0.5839
59,eval_loss,0.5007
59,eval_mcc,0.0715
59,eval_pf,0.5833
59,eval_precision,0.5281
59,eval_recall,0.6528
59,eval_time,0.0
59,___best___,___best___
60,eval_acc,0.4861
60,eval_auc,0.4861
60,eval_brier,0.5139
60,eval_f1,0.5488
60,eval_loss,0.521
60,eval_mcc,-0.0289
60,eval_pf,0.6528
60,eval_precision,0.4891
60,eval_recall,0.625
60,eval_time,0.0
61,eval_acc,0.5069
61,eval_auc,0.5069
61,eval_brier,0.4931
61,eval_f1,0.5298
61,eval_loss,0.5322
61,eval_mcc,0.014
61,eval_pf,0.5417
61,eval_precision,0.5063
61,eval_recall,0.5556
61,eval_time,0.0
62,eval_acc,0.4653
62,eval_auc,0.4653
62,eval_brier,0.5347
62,eval_f1,0.5217
62,eval_loss,0.5223
62,eval_mcc,-0.0715
62,eval_pf,0.6528
62,eval_precision,0.4719
62,eval_recall,0.5833
62,eval_time,0.0
63,eval_acc,0.4931
63,eval_auc,0.4931
63,eval_brier,0.5069
63,eval_f1,0.5576
63,eval_loss,0.5194
63,eval_mcc,-0.0145
63,eval_pf,0.6528
63,eval_precision,0.4946
63,eval_recall,0.6389
63,eval_time,0.0
64,eval_acc,0.4931
64,eval_auc,0.4931
64,eval_brier,0.5069
64,eval_f1,0.5629
64,eval_loss,0.5178
64,eval_mcc,-0.0147
64,eval_pf,0.6667
64,eval_precision,0.4947
64,eval_recall,0.6528
64,eval_time,0.0
65,eval_acc,0.5139
65,eval_auc,0.5139
65,eval_brier,0.4861
65,eval_f1,0.5783
65,eval_loss,0.5052
65,eval_mcc,0.0292
65,eval_pf,0.6389
65,eval_precision,0.5106
65,eval_recall,0.6667
65,eval_time,0.0
66,eval_acc,0.5208
66,eval_auc,0.5208
66,eval_brier,0.4792
66,eval_f1,0.543
66,eval_loss,0.5244
66,eval_mcc,0.0419
66,eval_pf,0.5278
66,eval_precision,0.519
66,eval_recall,0.5694
66,eval_time,0.0
67,eval_acc,0.4653
67,eval_auc,0.4653
67,eval_brier,0.5347
67,eval_f1,0.5157
67,eval_loss,0.5244
67,eval_mcc,-0.071
67,eval_pf,0.6389
67,eval_precision,0.4713
67,eval_recall,0.5694
67,eval_time,0.0
68,eval_acc,0.5208
68,eval_auc,0.5208
68,eval_brier,0.4792
68,eval_f1,0.549
68,eval_loss,0.5135
68,eval_mcc,0.042
68,eval_pf,0.5417
68,eval_precision,0.5185
68,eval_recall,0.5833
68,eval_time,0.0
69,eval_acc,0.4722
69,eval_auc,0.4722
69,eval_brier,0.5278
69,eval_f1,0.519
69,eval_loss,0.5197
69,eval_mcc,-0.0566
69,eval_pf,0.625
69,eval_precision,0.4767
69,eval_recall,0.5694
69,eval_time,0.0
70,eval_acc,0.4931
70,eval_auc,0.4931
70,eval_brier,0.5069
70,eval_f1,0.5629
70,eval_loss,0.506
70,eval_mcc,-0.0147
70,eval_pf,0.6667
70,eval_precision,0.4947
70,eval_recall,0.6528
70,eval_time,0.0
71,eval_acc,0.5069
71,eval_auc,0.5069
71,eval_brier,0.4931
71,eval_f1,0.5359
71,eval_loss,0.5396
71,eval_mcc,0.014
71,eval_pf,0.5556
71,eval_precision,0.5062
71,eval_recall,0.5694
71,eval_time,0.0
72,eval_acc,0.4722
72,eval_auc,0.4722
72,eval_brier,0.5278
72,eval_f1,0.519
72,eval_loss,0.5328
72,eval_mcc,-0.0566
72,eval_pf,0.625
72,eval_precision,0.4767
72,eval_recall,0.5694
72,eval_time,0.0
73,eval_acc,0.5208
73,eval_auc,0.5208
73,eval_brier,0.4792
73,eval_f1,0.5767
73,eval_loss,0.5026
73,eval_mcc,0.0432
73,eval_pf,0.6111
73,eval_precision,0.5165
73,eval_recall,0.6528
73,eval_time,0.0
74,eval_acc,0.5069
74,eval_auc,0.5069
74,eval_brier,0.4931
74,eval_f1,0.5419
74,eval_loss,0.5152
74,eval_mcc,0.0141
74,eval_pf,0.5694
74,eval_precision,0.506
74,eval_recall,0.5833
74,eval_time,0.0
75,eval_acc,0.4792
75,eval_auc,0.4792
75,eval_brier,0.5208
75,eval_f1,0.5455
75,eval_loss,0.5273
75,eval_mcc,-0.0436
75,eval_pf,0.6667
75,eval_precision,0.4839
75,eval_recall,0.625
75,eval_time,0.0
76,eval_acc,0.4931
76,eval_auc,0.4931
76,eval_brier,0.5069
76,eval_f1,0.5521
76,eval_loss,0.5175
76,eval_mcc,-0.0144
76,eval_pf,0.6389
76,eval_precision,0.4945
76,eval_recall,0.625
76,eval_time,0.0
77,eval_acc,0.4861
77,eval_auc,0.4861
77,eval_brier,0.5139
77,eval_f1,0.5595
77,eval_loss,0.5187
77,eval_mcc,-0.0295
77,eval_pf,0.6806
77,eval_precision,0.4896
77,eval_recall,0.6528
77,eval_time,0.0
78,eval_acc,0.4653
78,eval_auc,0.4653
78,eval_brier,0.5347
78,eval_f1,0.5497
78,eval_loss,0.5213
78,eval_mcc,-0.0749
78,eval_pf,0.7222
78,eval_precision,0.4747
78,eval_recall,0.6528
78,eval_time,0.0
79,eval_acc,0.5
79,eval_auc,0.5
79,eval_brier,0.5
79,eval_f1,0.5325
79,eval_loss,0.5305
79,eval_mcc,0.0
79,eval_pf,0.5694
79,eval_precision,0.5
79,eval_recall,0.5694
79,eval_time,0.0
80,eval_acc,0.5
80,eval_auc,0.5
80,eval_brier,0.5
80,eval_f1,0.561
80,eval_loss,0.515
80,eval_mcc,0.0
80,eval_pf,0.6389
80,eval_precision,0.5
80,eval_recall,0.6389
80,eval_time,0.0
81,eval_acc,0.4861
81,eval_auc,0.4861
81,eval_brier,0.5139
81,eval_f1,0.5542
81,eval_loss,0.5227
81,eval_mcc,-0.0292
81,eval_pf,0.6667
81,eval_precision,0.4894
81,eval_recall,0.6389
81,eval_time,0.0
82,eval_acc,0.4931
82,eval_auc,0.4931
82,eval_brier,0.5069
82,eval_f1,0.568
82,eval_loss,0.5179
82,eval_mcc,-0.0148
82,eval_pf,0.6806
82,eval_precision,0.4948
82,eval_recall,0.6667
82,eval_time,0.0
83,eval_acc,0.5139
83,eval_auc,0.5139
83,eval_brier,0.4861
83,eval_f1,0.5625
83,eval_loss,0.5272
83,eval_mcc,0.0285
83,eval_pf,0.5972
83,eval_precision,0.5114
83,eval_recall,0.625
83,eval_time,0.0
84,eval_acc,0.5139
84,eval_auc,0.5139
84,eval_brier,0.4861
84,eval_f1,0.5625
84,eval_loss,0.5248
84,eval_mcc,0.0285
84,eval_pf,0.5972
84,eval_precision,0.5114
84,eval_recall,0.625
84,eval_time,0.0
85,eval_acc,0.5208
85,eval_auc,0.5208
85,eval_brier,0.4792
85,eval_f1,0.566
85,eval_loss,0.5301
85,eval_mcc,0.0426
85,eval_pf,0.5833
85,eval_precision,0.5172
85,eval_recall,0.625
85,eval_time,0.0
86,eval_acc,0.5208
86,eval_auc,0.5208
86,eval_brier,0.4792
86,eval_f1,0.566
86,eval_loss,0.5244
86,eval_mcc,0.0426
86,eval_pf,0.5833
86,eval_precision,0.5172
86,eval_recall,0.625
86,eval_time,0.0
87,eval_acc,0.5
87,eval_auc,0.5
87,eval_brier,0.5
87,eval_f1,0.561
87,eval_loss,0.5168
87,eval_mcc,0.0
87,eval_pf,0.6389
87,eval_precision,0.5
87,eval_recall,0.6389
87,eval_time,0.0
88,eval_acc,0.4931
88,eval_auc,0.4931
88,eval_brier,0.5069
88,eval_f1,0.5576
88,eval_loss,0.5216
88,eval_mcc,-0.0145
88,eval_pf,0.6528
88,eval_precision,0.4946
88,eval_recall,0.6389
88,eval_time,0.0
89,eval_acc,0.5139
89,eval_auc,0.5139
89,eval_brier,0.4861
89,eval_f1,0.5625
89,eval_loss,0.5193
89,eval_mcc,0.0285
89,eval_pf,0.5972
89,eval_precision,0.5114
89,eval_recall,0.625
89,eval_time,0.0
90,eval_acc,0.4931
90,eval_auc,0.4931
90,eval_brier,0.5069
90,eval_f1,0.5576
90,eval_loss,0.521
90,eval_mcc,-0.0145
90,eval_pf,0.6528
90,eval_precision,0.4946
90,eval_recall,0.6389
90,eval_time,0.0
91,eval_acc,0.4861
91,eval_auc,0.4861
91,eval_brier,0.5139
91,eval_f1,0.5542
91,eval_loss,0.5223
91,eval_mcc,-0.0292
91,eval_pf,0.6667
91,eval_precision,0.4894
91,eval_recall,0.6389
91,eval_time,0.0
92,eval_acc,0.4861
92,eval_auc,0.4861
92,eval_brier,0.5139
92,eval_f1,0.5542
92,eval_loss,0.5286
92,eval_mcc,-0.0292
92,eval_pf,0.6667
92,eval_precision,0.4894
92,eval_recall,0.6389
92,eval_time,0.0
93,eval_acc,0.4861
93,eval_auc,0.4861
93,eval_brier,0.5139
93,eval_f1,0.5488
93,eval_loss,0.5264
93,eval_mcc,-0.0289
93,eval_pf,0.6528
93,eval_precision,0.4891
93,eval_recall,0.625
93,eval_time,0.0
94,eval_acc,0.4931
94,eval_auc,0.4931
94,eval_brier,0.5069
94,eval_f1,0.5576
94,eval_loss,0.5244
94,eval_mcc,-0.0145
94,eval_pf,0.6528
94,eval_precision,0.4946
94,eval_recall,0.6389
94,eval_time,0.0
95,eval_acc,0.4931
95,eval_auc,0.4931
95,eval_brier,0.5069
95,eval_f1,0.5576
95,eval_loss,0.5242
95,eval_mcc,-0.0145
95,eval_pf,0.6528
95,eval_precision,0.4946
95,eval_recall,0.6389
95,eval_time,0.0
96,eval_acc,0.4931
96,eval_auc,0.4931
96,eval_brier,0.5069
96,eval_f1,0.5576
96,eval_loss,0.5241
96,eval_mcc,-0.0145
96,eval_pf,0.6528
96,eval_precision,0.4946
96,eval_recall,0.6389
96,eval_time,0.0
97,eval_acc,0.4931
97,eval_auc,0.4931
97,eval_brier,0.5069
97,eval_f1,0.5576
97,eval_loss,0.5246
97,eval_mcc,-0.0145
97,eval_pf,0.6528
97,eval_precision,0.4946
97,eval_recall,0.6389
97,eval_time,0.0
98,eval_acc,0.4931
98,eval_auc,0.4931
98,eval_brier,0.5069
98,eval_f1,0.5576
98,eval_loss,0.5246
98,eval_mcc,-0.0145
98,eval_pf,0.6528
98,eval_precision,0.4946
98,eval_recall,0.6389
98,eval_time,0.0
99,eval_acc,0.4931
99,eval_auc,0.4931
99,eval_brier,0.5069
99,eval_f1,0.5576
99,eval_loss,0.5244
99,eval_mcc,-0.0145
99,eval_pf,0.6528
99,eval_precision,0.4946
99,eval_recall,0.6389
99,eval_time,0.0
