Epoch,Metrics,Score
0,eval_acc,0.4931
0,eval_auc,0.4931
0,eval_brier,0.5069
0,eval_f1,0.0759
0,eval_loss,0.4968
0,eval_mcc,-0.0323
0,eval_pf,0.0556
0,eval_precision,0.4286
0,eval_recall,0.0417
0,eval_time,0.0
0,___inline___,___inline___
1,eval_acc,0.4861
1,eval_auc,0.4861
1,eval_brier,0.5139
1,eval_f1,0.075
1,eval_loss,0.4981
1,eval_mcc,-0.0606
1,eval_pf,0.0694
1,eval_precision,0.375
1,eval_recall,0.0417
1,eval_time,0.0
2,eval_acc,0.5
2,eval_auc,0.5
2,eval_brier,0.5
2,eval_f1,0.0769
2,eval_loss,0.4995
2,eval_mcc,0.0
2,eval_pf,0.0417
2,eval_precision,0.5
2,eval_recall,0.0417
2,eval_time,0.0
2,___inline___,___inline___
3,eval_acc,0.4931
3,eval_auc,0.4931
3,eval_brier,0.5069
3,eval_f1,0.0759
3,eval_loss,0.5024
3,eval_mcc,-0.0323
3,eval_pf,0.0556
3,eval_precision,0.4286
3,eval_recall,0.0417
3,eval_time,0.0
4,eval_acc,0.5069
4,eval_auc,0.5069
4,eval_brier,0.4931
4,eval_f1,0.0779
4,eval_loss,0.5049
4,eval_mcc,0.0379
4,eval_pf,0.0278
4,eval_precision,0.6
4,eval_recall,0.0417
4,eval_time,0.0
4,___inline___,___inline___
5,eval_acc,0.5
5,eval_auc,0.5
5,eval_brier,0.5
5,eval_f1,0.1
5,eval_loss,0.5038
5,eval_mcc,0.0
5,eval_pf,0.0556
5,eval_precision,0.5
5,eval_recall,0.0556
5,eval_time,0.0
5,___inline___,___inline___
6,eval_acc,0.5
6,eval_auc,0.5
6,eval_brier,0.5
6,eval_f1,0.1
6,eval_loss,0.5079
6,eval_mcc,0.0
6,eval_pf,0.0556
6,eval_precision,0.5
6,eval_recall,0.0556
6,eval_time,0.0
7,eval_acc,0.4931
7,eval_auc,0.4931
7,eval_brier,0.5069
7,eval_f1,0.1609
7,eval_loss,0.5066
7,eval_mcc,-0.0227
7,eval_pf,0.1111
7,eval_precision,0.4667
7,eval_recall,0.0972
7,eval_time,0.0
7,___inline___,___inline___
8,eval_acc,0.4792
8,eval_auc,0.4792
8,eval_brier,0.5208
8,eval_f1,0.2268
8,eval_loss,0.5189
8,eval_mcc,-0.055
8,eval_pf,0.1944
8,eval_precision,0.44
8,eval_recall,0.1528
8,eval_time,0.0
8,___inline___,___inline___
9,eval_acc,0.4722
9,eval_auc,0.4722
9,eval_brier,0.5278
9,eval_f1,0.283
9,eval_loss,0.511
9,eval_mcc,-0.0654
9,eval_pf,0.2639
9,eval_precision,0.4412
9,eval_recall,0.2083
9,eval_time,0.0
9,___inline___,___inline___
10,eval_acc,0.4583
10,eval_auc,0.4583
10,eval_brier,0.5417
10,eval_f1,0.2778
10,eval_loss,0.5267
10,eval_mcc,-0.0962
10,eval_pf,0.2917
10,eval_precision,0.4167
10,eval_recall,0.2083
10,eval_time,0.0
11,eval_acc,0.4792
11,eval_auc,0.4792
11,eval_brier,0.5208
11,eval_f1,0.2574
11,eval_loss,0.518
11,eval_mcc,-0.0519
11,eval_pf,0.2222
11,eval_precision,0.4483
11,eval_recall,0.1806
11,eval_time,0.0
12,eval_acc,0.5208
12,eval_auc,0.5208
12,eval_brier,0.4792
12,eval_f1,0.4202
12,eval_loss,0.5079
12,eval_mcc,0.0444
12,eval_pf,0.3056
12,eval_precision,0.5319
12,eval_recall,0.3472
12,eval_time,0.0
12,___inline___,___inline___
13,eval_acc,0.4792
13,eval_auc,0.4792
13,eval_brier,0.5208
13,eval_f1,0.3243
13,eval_loss,0.5239
13,eval_mcc,-0.0469
13,eval_pf,0.2917
13,eval_precision,0.4615
13,eval_recall,0.25
13,eval_time,0.0
14,eval_acc,0.5278
14,eval_auc,0.5278
14,eval_brier,0.4722
14,eval_f1,0.4333
14,eval_loss,0.5091
14,eval_mcc,0.0589
14,eval_pf,0.3056
14,eval_precision,0.5417
14,eval_recall,0.3611
14,eval_time,0.0
14,___inline___,___inline___
15,eval_acc,0.4792
15,eval_auc,0.4792
15,eval_brier,0.5208
15,eval_f1,0.3363
15,eval_loss,0.5341
15,eval_mcc,-0.0462
15,eval_pf,0.3056
15,eval_precision,0.4634
15,eval_recall,0.2639
15,eval_time,0.0
16,eval_acc,0.5139
16,eval_auc,0.5139
16,eval_brier,0.4861
16,eval_f1,0.386
16,eval_loss,0.525
16,eval_mcc,0.0306
16,eval_pf,0.2778
16,eval_precision,0.5238
16,eval_recall,0.3056
16,eval_time,0.0
17,eval_acc,0.4722
17,eval_auc,0.4722
17,eval_brier,0.5278
17,eval_f1,0.2549
17,eval_loss,0.5393
17,eval_mcc,-0.0684
17,eval_pf,0.2361
17,eval_precision,0.4333
17,eval_recall,0.1806
17,eval_time,0.0
18,eval_acc,0.5208
18,eval_auc,0.5208
18,eval_brier,0.4792
18,eval_f1,0.3784
18,eval_loss,0.5253
18,eval_mcc,0.0469
18,eval_pf,0.25
18,eval_precision,0.5385
18,eval_recall,0.2917
18,eval_time,0.0
19,eval_acc,0.4722
19,eval_auc,0.4722
19,eval_brier,0.5278
19,eval_f1,0.2692
19,eval_loss,0.5386
19,eval_mcc,-0.0668
19,eval_pf,0.25
19,eval_precision,0.4375
19,eval_recall,0.1944
19,eval_time,0.0
20,eval_acc,0.5139
20,eval_auc,0.5139
20,eval_brier,0.4861
20,eval_f1,0.4531
20,eval_loss,0.5167
20,eval_mcc,0.0285
20,eval_pf,0.375
20,eval_precision,0.5179
20,eval_recall,0.4028
20,eval_time,0.0
20,___inline___,___inline___
21,eval_acc,0.5069
21,eval_auc,0.5069
21,eval_brier,0.4931
21,eval_f1,0.4034
21,eval_loss,0.5186
21,eval_mcc,0.0148
21,eval_pf,0.3194
21,eval_precision,0.5106
21,eval_recall,0.3333
21,eval_time,0.0
22,eval_acc,0.5208
22,eval_auc,0.5208
22,eval_brier,0.4792
22,eval_f1,0.3894
22,eval_loss,0.5246
22,eval_mcc,0.0462
22,eval_pf,0.2639
22,eval_precision,0.5366
22,eval_recall,0.3056
22,eval_time,0.0
23,eval_acc,0.4792
23,eval_auc,0.4792
23,eval_brier,0.5208
23,eval_f1,0.2574
23,eval_loss,0.5441
23,eval_mcc,-0.0519
23,eval_pf,0.2222
23,eval_precision,0.4483
23,eval_recall,0.1806
23,eval_time,0.0
24,eval_acc,0.5139
24,eval_auc,0.5139
24,eval_brier,0.4861
24,eval_f1,0.3636
24,eval_loss,0.5259
24,eval_mcc,0.0315
24,eval_pf,0.25
24,eval_precision,0.5263
24,eval_recall,0.2778
24,eval_time,0.0
25,eval_acc,0.4861
25,eval_auc,0.4861
25,eval_brier,0.5139
25,eval_f1,0.3019
25,eval_loss,0.534
25,eval_mcc,-0.0327
25,eval_pf,0.25
25,eval_precision,0.4706
25,eval_recall,0.2222
25,eval_time,0.0
26,eval_acc,0.4861
26,eval_auc,0.4861
26,eval_brier,0.5139
26,eval_f1,0.3729
26,eval_loss,0.5333
26,eval_mcc,-0.0298
26,eval_pf,0.3333
26,eval_precision,0.4783
26,eval_recall,0.3056
26,eval_time,0.0
27,eval_acc,0.4444
27,eval_auc,0.4444
27,eval_brier,0.5556
27,eval_f1,0.3651
27,eval_loss,0.5383
27,eval_mcc,-0.1148
27,eval_pf,0.4306
27,eval_precision,0.4259
27,eval_recall,0.3194
27,eval_time,0.0
28,eval_acc,0.4583
28,eval_auc,0.4583
28,eval_brier,0.5417
28,eval_f1,0.339
28,eval_loss,0.5414
28,eval_mcc,-0.0894
28,eval_pf,0.3611
28,eval_precision,0.4348
28,eval_recall,0.2778
28,eval_time,0.0
29,eval_acc,0.4931
29,eval_auc,0.4931
29,eval_brier,0.5069
29,eval_f1,0.4511
29,eval_loss,0.5171
29,eval_mcc,-0.0141
29,eval_pf,0.4306
29,eval_precision,0.4918
29,eval_recall,0.4167
29,eval_time,0.0
30,eval_acc,0.4931
30,eval_auc,0.4931
30,eval_brier,0.5069
30,eval_f1,0.4065
30,eval_loss,0.5294
30,eval_mcc,-0.0145
30,eval_pf,0.3611
30,eval_precision,0.4902
30,eval_recall,0.3472
30,eval_time,0.0
31,eval_acc,0.4583
31,eval_auc,0.4583
31,eval_brier,0.5417
31,eval_f1,0.3158
31,eval_loss,0.5504
31,eval_mcc,-0.0917
31,eval_pf,0.3333
31,eval_precision,0.4286
31,eval_recall,0.25
31,eval_time,0.0
32,eval_acc,0.4444
32,eval_auc,0.4444
32,eval_brier,0.5556
32,eval_f1,0.3846
32,eval_loss,0.5411
32,eval_mcc,-0.1133
32,eval_pf,0.4583
32,eval_precision,0.431
32,eval_recall,0.3472
32,eval_time,0.0
33,eval_acc,0.4722
33,eval_auc,0.4722
33,eval_brier,0.5278
33,eval_f1,0.3871
33,eval_loss,0.5452
33,eval_mcc,-0.0578
33,eval_pf,0.3889
33,eval_precision,0.4615
33,eval_recall,0.3333
33,eval_time,0.0
34,eval_acc,0.4514
34,eval_auc,0.4514
34,eval_brier,0.5486
34,eval_f1,0.3969
34,eval_loss,0.5543
34,eval_mcc,-0.0988
34,eval_pf,0.4583
34,eval_precision,0.4407
34,eval_recall,0.3611
34,eval_time,0.0
35,eval_acc,0.4097
35,eval_auc,0.4097
35,eval_brier,0.5903
35,eval_f1,0.4218
35,eval_loss,0.5507
35,eval_mcc,-0.1807
35,eval_pf,0.6111
35,eval_precision,0.4133
35,eval_recall,0.4306
35,eval_time,0.0
36,eval_acc,0.4306
36,eval_auc,0.4306
36,eval_brier,0.5694
36,eval_f1,0.3279
36,eval_loss,0.548
36,eval_mcc,-0.1459
36,eval_pf,0.4167
36,eval_precision,0.4
36,eval_recall,0.2778
36,eval_time,0.0
37,eval_acc,0.4306
37,eval_auc,0.4306
37,eval_brier,0.5694
37,eval_f1,0.3881
37,eval_loss,0.5524
37,eval_mcc,-0.1402
37,eval_pf,0.5
37,eval_precision,0.4194
37,eval_recall,0.3611
37,eval_time,0.0
38,eval_acc,0.4583
38,eval_auc,0.4583
38,eval_brier,0.5417
38,eval_f1,0.35
38,eval_loss,0.5448
38,eval_mcc,-0.0884
38,eval_pf,0.375
38,eval_precision,0.4375
38,eval_recall,0.2917
38,eval_time,0.0
39,eval_acc,0.4444
39,eval_auc,0.4444
39,eval_brier,0.5556
39,eval_f1,0.4286
39,eval_loss,0.5469
39,eval_mcc,-0.1113
39,eval_pf,0.5278
39,eval_precision,0.4412
39,eval_recall,0.4167
39,eval_time,0.0
40,eval_acc,0.4514
40,eval_auc,0.4514
40,eval_brier,0.5486
40,eval_f1,0.3577
40,eval_loss,0.5524
40,eval_mcc,-0.1016
40,eval_pf,0.4028
40,eval_precision,0.4314
40,eval_recall,0.3056
40,eval_time,0.0
41,eval_acc,0.4375
41,eval_auc,0.4375
41,eval_brier,0.5625
41,eval_f1,0.4088
41,eval_loss,0.5601
41,eval_mcc,-0.1256
41,eval_pf,0.5139
41,eval_precision,0.4308
41,eval_recall,0.3889
41,eval_time,0.0
42,eval_acc,0.4653
42,eval_auc,0.4653
42,eval_brier,0.5347
42,eval_f1,0.4296
42,eval_loss,0.5322
42,eval_mcc,-0.07
42,eval_pf,0.4722
42,eval_precision,0.4603
42,eval_recall,0.4028
42,eval_time,0.0
43,eval_acc,0.4514
43,eval_auc,0.4514
43,eval_brier,0.5486
43,eval_f1,0.4148
43,eval_loss,0.5486
43,eval_mcc,-0.098
43,eval_pf,0.4861
43,eval_precision,0.4444
43,eval_recall,0.3889
43,eval_time,0.0
44,eval_acc,0.4375
44,eval_auc,0.4375
44,eval_brier,0.5625
44,eval_f1,0.3193
44,eval_loss,0.5609
44,eval_mcc,-0.1333
44,eval_pf,0.3889
44,eval_precision,0.4043
44,eval_recall,0.2639
44,eval_time,0.0
45,eval_acc,0.4375
45,eval_auc,0.4375
45,eval_brier,0.5625
45,eval_f1,0.4173
45,eval_loss,0.5447
45,eval_mcc,-0.1253
45,eval_pf,0.5278
45,eval_precision,0.4328
45,eval_recall,0.4028
45,eval_time,0.0
46,eval_acc,0.4097
46,eval_auc,0.4097
46,eval_brier,0.5903
46,eval_f1,0.3307
46,eval_loss,0.5614
46,eval_mcc,-0.1858
46,eval_pf,0.4722
46,eval_precision,0.3818
46,eval_recall,0.2917
46,eval_time,0.0
47,eval_acc,0.4514
47,eval_auc,0.4514
47,eval_brier,0.5486
47,eval_f1,0.3471
47,eval_loss,0.5536
47,eval_mcc,-0.1026
47,eval_pf,0.3889
47,eval_precision,0.4286
47,eval_recall,0.2917
47,eval_time,0.0
48,eval_acc,0.4514
48,eval_auc,0.4514
48,eval_brier,0.5486
48,eval_f1,0.368
48,eval_loss,0.5498
48,eval_mcc,-0.1008
48,eval_pf,0.4167
48,eval_precision,0.434
48,eval_recall,0.3194
48,eval_time,0.0
49,eval_acc,0.4167
49,eval_auc,0.4167
49,eval_brier,0.5833
49,eval_f1,0.3636
49,eval_loss,0.5521
49,eval_mcc,-0.169
49,eval_pf,0.5
49,eval_precision,0.4
49,eval_recall,0.3333
49,eval_time,0.0
50,eval_acc,0.5
50,eval_auc,0.5
50,eval_brier,0.5
50,eval_f1,0.4375
50,eval_loss,0.539
50,eval_mcc,0.0
50,eval_pf,0.3889
50,eval_precision,0.5
50,eval_recall,0.3889
50,eval_time,0.0
51,eval_acc,0.4375
51,eval_auc,0.4375
51,eval_brier,0.5625
51,eval_f1,0.449
51,eval_loss,0.5517
51,eval_mcc,-0.1251
51,eval_pf,0.5833
51,eval_precision,0.44
51,eval_recall,0.4583
51,eval_time,0.0
52,eval_acc,0.4722
52,eval_auc,0.4722
52,eval_brier,0.5278
52,eval_f1,0.3968
52,eval_loss,0.5396
52,eval_mcc,-0.0574
52,eval_pf,0.4028
52,eval_precision,0.463
52,eval_recall,0.3472
52,eval_time,0.0
53,eval_acc,0.4653
53,eval_auc,0.4653
53,eval_brier,0.5347
53,eval_f1,0.3937
53,eval_loss,0.545
53,eval_mcc,-0.0715
53,eval_pf,0.4167
53,eval_precision,0.4545
53,eval_recall,0.3472
53,eval_time,0.0
54,eval_acc,0.4514
54,eval_auc,0.4514
54,eval_brier,0.5486
54,eval_f1,0.3248
54,eval_loss,0.5537
54,eval_mcc,-0.1049
54,eval_pf,0.3611
54,eval_precision,0.4222
54,eval_recall,0.2639
54,eval_time,0.0
55,eval_acc,0.4306
55,eval_auc,0.4306
55,eval_brier,0.5694
55,eval_f1,0.3492
55,eval_loss,0.5595
55,eval_mcc,-0.1434
55,eval_pf,0.4444
55,eval_precision,0.4074
55,eval_recall,0.3056
55,eval_time,0.0
56,eval_acc,0.4444
56,eval_auc,0.4444
56,eval_brier,0.5556
56,eval_f1,0.322
56,eval_loss,0.5619
56,eval_mcc,-0.1192
56,eval_pf,0.375
56,eval_precision,0.413
56,eval_recall,0.2639
56,eval_time,0.0
57,eval_acc,0.4722
57,eval_auc,0.4722
57,eval_brier,0.5278
57,eval_f1,0.3871
57,eval_loss,0.5462
57,eval_mcc,-0.0578
57,eval_pf,0.3889
57,eval_precision,0.4615
57,eval_recall,0.3333
57,eval_time,0.0
58,eval_acc,0.4792
58,eval_auc,0.4792
58,eval_brier,0.5208
58,eval_f1,0.3697
58,eval_loss,0.5549
58,eval_mcc,-0.0444
58,eval_pf,0.3472
58,eval_precision,0.4681
58,eval_recall,0.3056
58,eval_time,0.0
59,eval_acc,0.4375
59,eval_auc,0.4375
59,eval_brier,0.5625
59,eval_f1,0.3721
59,eval_loss,0.5525
59,eval_mcc,-0.1278
59,eval_pf,0.4583
59,eval_precision,0.4211
59,eval_recall,0.3333
59,eval_time,0.0
60,eval_acc,0.4444
60,eval_auc,0.4444
60,eval_brier,0.5556
60,eval_f1,0.3651
60,eval_loss,0.5538
60,eval_mcc,-0.1148
60,eval_pf,0.4306
60,eval_precision,0.4259
60,eval_recall,0.3194
60,eval_time,0.0
61,eval_acc,0.4861
61,eval_auc,0.4861
61,eval_brier,0.5139
61,eval_f1,0.4219
61,eval_loss,0.5359
61,eval_mcc,-0.0285
61,eval_pf,0.4028
61,eval_precision,0.4821
61,eval_recall,0.375
61,eval_time,0.0
62,eval_acc,0.4583
62,eval_auc,0.4583
62,eval_brier,0.5417
62,eval_f1,0.35
62,eval_loss,0.5535
62,eval_mcc,-0.0884
62,eval_pf,0.375
62,eval_precision,0.4375
62,eval_recall,0.2917
62,eval_time,0.0
63,eval_acc,0.4514
63,eval_auc,0.4514
63,eval_brier,0.5486
63,eval_f1,0.368
63,eval_loss,0.5474
63,eval_mcc,-0.1008
63,eval_pf,0.4167
63,eval_precision,0.434
63,eval_recall,0.3194
63,eval_time,0.0
64,eval_acc,0.4514
64,eval_auc,0.4514
64,eval_brier,0.5486
64,eval_f1,0.3876
64,eval_loss,0.5479
64,eval_mcc,-0.0994
64,eval_pf,0.4444
64,eval_precision,0.4386
64,eval_recall,0.3472
64,eval_time,0.0
65,eval_acc,0.4792
65,eval_auc,0.4792
65,eval_brier,0.5208
65,eval_f1,0.4
65,eval_loss,0.541
65,eval_mcc,-0.0432
65,eval_pf,0.3889
65,eval_precision,0.4717
65,eval_recall,0.3472
65,eval_time,0.0
66,eval_acc,0.4653
66,eval_auc,0.4653
66,eval_brier,0.5347
66,eval_f1,0.3937
66,eval_loss,0.5439
66,eval_mcc,-0.0715
66,eval_pf,0.4167
66,eval_precision,0.4545
66,eval_recall,0.3472
66,eval_time,0.0
67,eval_acc,0.4722
67,eval_auc,0.4722
67,eval_brier,0.5278
67,eval_f1,0.3968
67,eval_loss,0.5477
67,eval_mcc,-0.0574
67,eval_pf,0.4028
67,eval_precision,0.463
67,eval_recall,0.3472
67,eval_time,0.0
68,eval_acc,0.4722
68,eval_auc,0.4722
68,eval_brier,0.5278
68,eval_f1,0.377
68,eval_loss,0.5511
68,eval_mcc,-0.0583
68,eval_pf,0.375
68,eval_precision,0.46
68,eval_recall,0.3194
68,eval_time,0.0
69,eval_acc,0.4722
69,eval_auc,0.4722
69,eval_brier,0.5278
69,eval_f1,0.3871
69,eval_loss,0.5529
69,eval_mcc,-0.0578
69,eval_pf,0.3889
69,eval_precision,0.4615
69,eval_recall,0.3333
69,eval_time,0.0
70,eval_acc,0.4653
70,eval_auc,0.4653
70,eval_brier,0.5347
70,eval_f1,0.3636
70,eval_loss,0.5455
70,eval_mcc,-0.0733
70,eval_pf,0.375
70,eval_precision,0.449
70,eval_recall,0.3056
70,eval_time,0.0
71,eval_acc,0.4792
71,eval_auc,0.4792
71,eval_brier,0.5208
71,eval_f1,0.3902
71,eval_loss,0.5477
71,eval_mcc,-0.0436
71,eval_pf,0.375
71,eval_precision,0.4706
71,eval_recall,0.3333
71,eval_time,0.0
72,eval_acc,0.4514
72,eval_auc,0.4514
72,eval_brier,0.5486
72,eval_f1,0.368
72,eval_loss,0.5588
72,eval_mcc,-0.1008
72,eval_pf,0.4167
72,eval_precision,0.434
72,eval_recall,0.3194
72,eval_time,0.0
73,eval_acc,0.4792
73,eval_auc,0.4792
73,eval_brier,0.5208
73,eval_f1,0.3802
73,eval_loss,0.5452
73,eval_mcc,-0.044
73,eval_pf,0.3611
73,eval_precision,0.4694
73,eval_recall,0.3194
73,eval_time,0.0
74,eval_acc,0.4653
74,eval_auc,0.4653
74,eval_brier,0.5347
74,eval_f1,0.3419
74,eval_loss,0.5494
74,eval_mcc,-0.0749
74,eval_pf,0.3472
74,eval_precision,0.4444
74,eval_recall,0.2778
74,eval_time,0.0
75,eval_acc,0.4444
75,eval_auc,0.4444
75,eval_brier,0.5556
75,eval_f1,0.375
75,eval_loss,0.5518
75,eval_mcc,-0.114
75,eval_pf,0.4444
75,eval_precision,0.4286
75,eval_recall,0.3333
75,eval_time,0.0
76,eval_acc,0.4514
76,eval_auc,0.4514
76,eval_brier,0.5486
76,eval_f1,0.3876
76,eval_loss,0.5498
76,eval_mcc,-0.0994
76,eval_pf,0.4444
76,eval_precision,0.4386
76,eval_recall,0.3472
76,eval_time,0.0
77,eval_acc,0.4792
77,eval_auc,0.4792
77,eval_brier,0.5208
77,eval_f1,0.4
77,eval_loss,0.5472
77,eval_mcc,-0.0432
77,eval_pf,0.3889
77,eval_precision,0.4717
77,eval_recall,0.3472
77,eval_time,0.0
78,eval_acc,0.4653
78,eval_auc,0.4653
78,eval_brier,0.5347
78,eval_f1,0.3636
78,eval_loss,0.554
78,eval_mcc,-0.0733
78,eval_pf,0.375
78,eval_precision,0.449
78,eval_recall,0.3056
78,eval_time,0.0
79,eval_acc,0.4722
79,eval_auc,0.4722
79,eval_brier,0.5278
79,eval_f1,0.377
79,eval_loss,0.5513
79,eval_mcc,-0.0583
79,eval_pf,0.375
79,eval_precision,0.46
79,eval_recall,0.3194
79,eval_time,0.0
80,eval_acc,0.4722
80,eval_auc,0.4722
80,eval_brier,0.5278
80,eval_f1,0.3871
80,eval_loss,0.5512
80,eval_mcc,-0.0578
80,eval_pf,0.3889
80,eval_precision,0.4615
80,eval_recall,0.3333
80,eval_time,0.0
81,eval_acc,0.4583
81,eval_auc,0.4583
81,eval_brier,0.5417
81,eval_f1,0.35
81,eval_loss,0.5504
81,eval_mcc,-0.0884
81,eval_pf,0.375
81,eval_precision,0.4375
81,eval_recall,0.2917
81,eval_time,0.0
82,eval_acc,0.4583
82,eval_auc,0.4583
82,eval_brier,0.5417
82,eval_f1,0.371
82,eval_loss,0.5551
82,eval_mcc,-0.0867
82,eval_pf,0.4028
82,eval_precision,0.4423
82,eval_recall,0.3194
82,eval_time,0.0
83,eval_acc,0.4583
83,eval_auc,0.4583
83,eval_brier,0.5417
83,eval_f1,0.371
83,eval_loss,0.5555
83,eval_mcc,-0.0867
83,eval_pf,0.4028
83,eval_precision,0.4423
83,eval_recall,0.3194
83,eval_time,0.0
84,eval_acc,0.4653
84,eval_auc,0.4653
84,eval_brier,0.5347
84,eval_f1,0.3636
84,eval_loss,0.5522
84,eval_mcc,-0.0733
84,eval_pf,0.375
84,eval_precision,0.449
84,eval_recall,0.3056
84,eval_time,0.0
85,eval_acc,0.4722
85,eval_auc,0.4722
85,eval_brier,0.5278
85,eval_f1,0.377
85,eval_loss,0.5556
85,eval_mcc,-0.0583
85,eval_pf,0.375
85,eval_precision,0.46
85,eval_recall,0.3194
85,eval_time,0.0
86,eval_acc,0.4722
86,eval_auc,0.4722
86,eval_brier,0.5278
86,eval_f1,0.3871
86,eval_loss,0.5499
86,eval_mcc,-0.0578
86,eval_pf,0.3889
86,eval_precision,0.4615
86,eval_recall,0.3333
86,eval_time,0.0
87,eval_acc,0.4722
87,eval_auc,0.4722
87,eval_brier,0.5278
87,eval_f1,0.3667
87,eval_loss,0.5529
87,eval_mcc,-0.0589
87,eval_pf,0.3611
87,eval_precision,0.4583
87,eval_recall,0.3056
87,eval_time,0.0
88,eval_acc,0.4861
88,eval_auc,0.4861
88,eval_brier,0.5139
88,eval_f1,0.3833
88,eval_loss,0.5471
88,eval_mcc,-0.0295
88,eval_pf,0.3472
88,eval_precision,0.4792
88,eval_recall,0.3194
88,eval_time,0.0
89,eval_acc,0.4514
89,eval_auc,0.4514
89,eval_brier,0.5486
89,eval_f1,0.368
89,eval_loss,0.5527
89,eval_mcc,-0.1008
89,eval_pf,0.4167
89,eval_precision,0.434
89,eval_recall,0.3194
89,eval_time,0.0
90,eval_acc,0.4653
90,eval_auc,0.4653
90,eval_brier,0.5347
90,eval_f1,0.3636
90,eval_loss,0.5509
90,eval_mcc,-0.0733
90,eval_pf,0.375
90,eval_precision,0.449
90,eval_recall,0.3056
90,eval_time,0.0
91,eval_acc,0.4653
91,eval_auc,0.4653
91,eval_brier,0.5347
91,eval_f1,0.3636
91,eval_loss,0.5513
91,eval_mcc,-0.0733
91,eval_pf,0.375
91,eval_precision,0.449
91,eval_recall,0.3056
91,eval_time,0.0
92,eval_acc,0.4861
92,eval_auc,0.4861
92,eval_brier,0.5139
92,eval_f1,0.4032
92,eval_loss,0.5506
92,eval_mcc,-0.0289
92,eval_pf,0.375
92,eval_precision,0.4808
92,eval_recall,0.3472
92,eval_time,0.0
93,eval_acc,0.4653
93,eval_auc,0.4653
93,eval_brier,0.5347
93,eval_f1,0.384
93,eval_loss,0.5525
93,eval_mcc,-0.072
93,eval_pf,0.4028
93,eval_precision,0.4528
93,eval_recall,0.3333
93,eval_time,0.0
94,eval_acc,0.4583
94,eval_auc,0.4583
94,eval_brier,0.5417
94,eval_f1,0.371
94,eval_loss,0.5553
94,eval_mcc,-0.0867
94,eval_pf,0.4028
94,eval_precision,0.4423
94,eval_recall,0.3194
94,eval_time,0.0
95,eval_acc,0.4583
95,eval_auc,0.4583
95,eval_brier,0.5417
95,eval_f1,0.371
95,eval_loss,0.5536
95,eval_mcc,-0.0867
95,eval_pf,0.4028
95,eval_precision,0.4423
95,eval_recall,0.3194
95,eval_time,0.0
96,eval_acc,0.4653
96,eval_auc,0.4653
96,eval_brier,0.5347
96,eval_f1,0.374
96,eval_loss,0.5521
96,eval_mcc,-0.0726
96,eval_pf,0.3889
96,eval_precision,0.451
96,eval_recall,0.3194
96,eval_time,0.0
97,eval_acc,0.4583
97,eval_auc,0.4583
97,eval_brier,0.5417
97,eval_f1,0.371
97,eval_loss,0.554
97,eval_mcc,-0.0867
97,eval_pf,0.4028
97,eval_precision,0.4423
97,eval_recall,0.3194
97,eval_time,0.0
98,eval_acc,0.4583
98,eval_auc,0.4583
98,eval_brier,0.5417
98,eval_f1,0.371
98,eval_loss,0.5524
98,eval_mcc,-0.0867
98,eval_pf,0.4028
98,eval_precision,0.4423
98,eval_recall,0.3194
98,eval_time,0.0
99,eval_acc,0.4583
99,eval_auc,0.4583
99,eval_brier,0.5417
99,eval_f1,0.371
99,eval_loss,0.5524
99,eval_mcc,-0.0867
99,eval_pf,0.4028
99,eval_precision,0.4423
99,eval_recall,0.3194
99,eval_time,0.0
