Epoch,Metrics,Score
0,eval_acc,0.8759
0,eval_auc,0.5
0,eval_brier,0.1241
0,eval_f1,0.0
0,eval_loss,0.1658
0,eval_mcc,0.0
0,eval_pf,0.0
0,eval_precision,0.0
0,eval_recall,0.0
0,eval_time,0.0
0,___inline___,___inline___
1,eval_acc,0.8759
1,eval_auc,0.5
1,eval_brier,0.1241
1,eval_f1,0.0
1,eval_loss,0.2105
1,eval_mcc,0.0
1,eval_pf,0.0
1,eval_precision,0.0
1,eval_recall,0.0
1,eval_time,0.0
2,eval_acc,0.8759
2,eval_auc,0.5
2,eval_brier,0.1241
2,eval_f1,0.0
2,eval_loss,0.2203
2,eval_mcc,0.0
2,eval_pf,0.0
2,eval_precision,0.0
2,eval_recall,0.0
2,eval_time,0.0
3,eval_acc,0.8759
3,eval_auc,0.5
3,eval_brier,0.1241
3,eval_f1,0.0
3,eval_loss,0.178
3,eval_mcc,0.0
3,eval_pf,0.0
3,eval_precision,0.0
3,eval_recall,0.0
3,eval_time,0.0
4,eval_acc,0.8759
4,eval_auc,0.5
4,eval_brier,0.1241
4,eval_f1,0.0
4,eval_loss,0.2261
4,eval_mcc,0.0
4,eval_pf,0.0
4,eval_precision,0.0
4,eval_recall,0.0
4,eval_time,0.0
5,eval_acc,0.8759
5,eval_auc,0.5
5,eval_brier,0.1241
5,eval_f1,0.0
5,eval_loss,0.2144
5,eval_mcc,0.0
5,eval_pf,0.0
5,eval_precision,0.0
5,eval_recall,0.0
5,eval_time,0.0
6,eval_acc,0.8759
6,eval_auc,0.5
6,eval_brier,0.1241
6,eval_f1,0.0
6,eval_loss,0.2077
6,eval_mcc,0.0
6,eval_pf,0.0
6,eval_precision,0.0
6,eval_recall,0.0
6,eval_time,0.0
7,eval_acc,0.8759
7,eval_auc,0.5035
7,eval_brier,0.1241
7,eval_f1,0.016
7,eval_loss,0.3275
7,eval_mcc,0.0513
7,eval_pf,0.0012
7,eval_precision,0.5
7,eval_recall,0.0081
7,eval_time,0.0
7,___best___,___best___
8,eval_acc,0.8759
8,eval_auc,0.5035
8,eval_brier,0.1241
8,eval_f1,0.016
8,eval_loss,0.263
8,eval_mcc,0.0513
8,eval_pf,0.0012
8,eval_precision,0.5
8,eval_recall,0.0081
8,eval_time,0.0
9,eval_acc,0.8567
9,eval_auc,0.4995
9,eval_brier,0.1433
9,eval_f1,0.0405
9,eval_loss,0.3511
9,eval_mcc,-0.002
9,eval_pf,0.0253
9,eval_precision,0.12
9,eval_recall,0.0244
9,eval_time,0.0
9,___best___,___best___
10,eval_acc,0.8476
10,eval_auc,0.4978
10,eval_brier,0.1524
10,eval_f1,0.0503
10,eval_loss,0.3441
10,eval_mcc,-0.0077
10,eval_pf,0.0369
10,eval_precision,0.1111
10,eval_recall,0.0325
10,eval_time,0.0
10,___best___,___best___
11,eval_acc,0.8214
11,eval_auc,0.5038
11,eval_brier,0.1786
11,eval_f1,0.1015
11,eval_loss,0.3566
11,eval_mcc,0.0095
11,eval_pf,0.0737
11,eval_precision,0.1351
11,eval_recall,0.0813
11,eval_time,0.0
11,___best___,___best___
12,eval_acc,0.7164
12,eval_auc,0.5451
12,eval_brier,0.2836
12,eval_f1,0.2173
12,eval_loss,0.4233
12,eval_mcc,0.0698
12,eval_pf,0.227
12,eval_precision,0.1653
12,eval_recall,0.3171
12,eval_time,0.0
12,___best___,___best___
13,eval_acc,0.7275
13,eval_auc,0.5409
13,eval_brier,0.2725
13,eval_f1,0.2105
13,eval_loss,0.4009
13,eval_mcc,0.065
13,eval_pf,0.2108
13,eval_precision,0.1644
13,eval_recall,0.2927
13,eval_time,0.0
14,eval_acc,0.3724
14,eval_auc,0.551
14,eval_brier,0.6276
14,eval_f1,0.2377
14,eval_loss,0.5425
14,eval_mcc,0.0733
14,eval_pf,0.6866
14,eval_precision,0.14
14,eval_recall,0.7886
14,eval_time,0.0
14,___best___,___best___
15,eval_acc,0.667
15,eval_auc,0.5552
15,eval_brier,0.333
15,eval_f1,0.2326
15,eval_loss,0.414
15,eval_mcc,0.0787
15,eval_pf,0.2961
15,eval_precision,0.1629
15,eval_recall,0.4065
15,eval_time,0.0
16,eval_acc,0.217
16,eval_auc,0.5181
16,eval_brier,0.783
16,eval_f1,0.2255
16,eval_loss,0.6277
16,eval_mcc,0.0377
16,eval_pf,0.8825
16,eval_precision,0.1286
16,eval_recall,0.9187
16,eval_time,0.0
17,eval_acc,0.3734
17,eval_auc,0.5237
17,eval_brier,0.6266
17,eval_f1,0.2228
17,eval_loss,0.5466
17,eval_mcc,0.0335
17,eval_pf,0.6763
17,eval_precision,0.1317
17,eval_recall,0.7236
17,eval_time,0.0
18,eval_acc,0.4692
18,eval_auc,0.5295
18,eval_brier,0.5308
18,eval_f1,0.2219
18,eval_loss,0.4947
18,eval_mcc,0.0392
18,eval_pf,0.5507
18,eval_precision,0.1356
18,eval_recall,0.6098
18,eval_time,0.0
19,eval_acc,0.2593
19,eval_auc,0.5353
19,eval_brier,0.7407
19,eval_f1,0.2322
19,eval_loss,0.6656
19,eval_mcc,0.0636
19,eval_pf,0.8318
19,eval_precision,0.1333
19,eval_recall,0.9024
19,eval_time,0.0
20,eval_acc,0.4117
20,eval_auc,0.5211
20,eval_brier,0.5883
20,eval_f1,0.2195
20,eval_loss,0.5322
20,eval_mcc,0.0288
20,eval_pf,0.6244
20,eval_precision,0.1314
20,eval_recall,0.6667
20,eval_time,0.0
21,eval_acc,0.3683
21,eval_auc,0.5138
21,eval_brier,0.6317
21,eval_f1,0.2175
21,eval_loss,0.5769
21,eval_mcc,0.0196
21,eval_pf,0.6797
21,eval_precision,0.1285
21,eval_recall,0.7073
21,eval_time,0.0
22,eval_acc,0.3219
22,eval_auc,0.5152
22,eval_brier,0.6781
22,eval_f1,0.2204
22,eval_loss,0.5991
22,eval_mcc,0.023
22,eval_pf,0.7419
22,eval_precision,0.1286
22,eval_recall,0.7724
22,eval_time,0.0
23,eval_acc,0.2704
23,eval_auc,0.5207
23,eval_brier,0.7296
23,eval_f1,0.2251
23,eval_loss,0.6321
23,eval_mcc,0.0354
23,eval_pf,0.8122
23,eval_precision,0.1296
23,eval_recall,0.8537
23,eval_time,0.0
24,eval_acc,0.4501
24,eval_auc,0.5291
24,eval_brier,0.5499
24,eval_f1,0.2225
24,eval_loss,0.5152
24,eval_mcc,0.0389
24,eval_pf,0.576
24,eval_precision,0.1349
24,eval_recall,0.6341
24,eval_time,0.0
25,eval_acc,0.2896
25,eval_auc,0.5107
25,eval_brier,0.7104
25,eval_f1,0.2195
25,eval_loss,0.6281
25,eval_mcc,0.0173
25,eval_pf,0.7834
25,eval_precision,0.1271
25,eval_recall,0.8049
25,eval_time,0.0
26,eval_acc,0.2856
26,eval_auc,0.5259
26,eval_brier,0.7144
26,eval_f1,0.2271
26,eval_loss,0.645
26,eval_mcc,0.0427
26,eval_pf,0.7938
26,eval_precision,0.1311
26,eval_recall,0.8455
26,eval_time,0.0
27,eval_acc,0.2977
27,eval_auc,0.5049
27,eval_brier,0.7023
27,eval_f1,0.2162
27,eval_loss,0.6167
27,eval_mcc,0.0077
27,eval_pf,0.7707
27,eval_precision,0.1255
27,eval_recall,0.7805
27,eval_time,0.0
28,eval_acc,0.2624
28,eval_auc,0.5056
28,eval_brier,0.7376
28,eval_f1,0.2182
28,eval_loss,0.6597
28,eval_mcc,0.0097
28,eval_pf,0.818
28,eval_precision,0.1256
28,eval_recall,0.8293
28,eval_time,0.0
29,eval_acc,0.2997
29,eval_auc,0.5025
29,eval_brier,0.7003
29,eval_f1,0.2149
29,eval_loss,0.6157
29,eval_mcc,0.004
29,eval_pf,0.7673
29,eval_precision,0.1248
29,eval_recall,0.7724
29,eval_time,0.0
30,eval_acc,0.3724
30,eval_auc,0.5091
30,eval_brier,0.6276
30,eval_f1,0.2146
30,eval_loss,0.5771
30,eval_mcc,0.0128
30,eval_pf,0.6728
30,eval_precision,0.1271
30,eval_recall,0.6911
30,eval_time,0.0
31,eval_acc,0.2916
31,eval_auc,0.5049
31,eval_brier,0.7084
31,eval_f1,0.2165
31,eval_loss,0.6339
31,eval_mcc,0.0078
31,eval_pf,0.7788
31,eval_precision,0.1255
31,eval_recall,0.7886
31,eval_time,0.0
32,eval_acc,0.3885
32,eval_auc,0.5149
32,eval_brier,0.6115
32,eval_f1,0.2171
32,eval_loss,0.5684
32,eval_mcc,0.0206
32,eval_pf,0.6532
32,eval_precision,0.129
32,eval_recall,0.6829
32,eval_time,0.0
33,eval_acc,0.3653
33,eval_auc,0.5016
33,eval_brier,0.6347
33,eval_f1,0.2108
33,eval_loss,0.5914
33,eval_mcc,0.0023
33,eval_pf,0.6797
33,eval_precision,0.1246
33,eval_recall,0.6829
33,eval_time,0.0
34,eval_acc,0.2856
34,eval_auc,0.498
34,eval_brier,0.7144
34,eval_f1,0.2133
34,eval_loss,0.6407
34,eval_mcc,-0.0033
34,eval_pf,0.7846
34,eval_precision,0.1236
34,eval_recall,0.7805
34,eval_time,0.0
35,eval_acc,0.2886
35,eval_auc,0.5032
35,eval_brier,0.7114
35,eval_f1,0.2158
35,eval_loss,0.6467
35,eval_mcc,0.0051
35,eval_pf,0.7823
35,eval_precision,0.125
35,eval_recall,0.7886
35,eval_time,0.0
36,eval_acc,0.3138
36,eval_auc,0.5001
36,eval_brier,0.6862
36,eval_f1,0.213
36,eval_loss,0.6239
36,eval_mcc,0.0002
36,eval_pf,0.7477
36,eval_precision,0.1242
36,eval_recall,0.748
36,eval_time,0.0
37,eval_acc,0.3562
37,eval_auc,0.5139
37,eval_brier,0.6438
37,eval_f1,0.2181
37,eval_loss,0.5998
37,eval_mcc,0.0199
37,eval_pf,0.6959
37,eval_precision,0.1284
37,eval_recall,0.7236
37,eval_time,0.0
38,eval_acc,0.2079
38,eval_auc,0.5234
38,eval_brier,0.7921
38,eval_f1,0.2281
38,eval_loss,0.7311
38,eval_mcc,0.0519
38,eval_pf,0.8963
38,eval_precision,0.1298
38,eval_recall,0.9431
38,eval_time,0.0
39,eval_acc,0.3138
39,eval_auc,0.5001
39,eval_brier,0.6862
39,eval_f1,0.213
39,eval_loss,0.622
39,eval_mcc,0.0002
39,eval_pf,0.7477
39,eval_precision,0.1242
39,eval_recall,0.748
39,eval_time,0.0
40,eval_acc,0.2714
40,eval_auc,0.5039
40,eval_brier,0.7286
40,eval_f1,0.2169
40,eval_loss,0.6609
40,eval_mcc,0.0064
40,eval_pf,0.8053
40,eval_precision,0.1252
40,eval_recall,0.813
40,eval_time,0.0
41,eval_acc,0.2735
41,eval_auc,0.505
41,eval_brier,0.7265
41,eval_f1,0.2174
41,eval_loss,0.6636
41,eval_mcc,0.0083
41,eval_pf,0.803
41,eval_precision,0.1255
41,eval_recall,0.813
41,eval_time,0.0
42,eval_acc,0.3542
42,eval_auc,0.5022
42,eval_brier,0.6458
42,eval_f1,0.2118
42,eval_loss,0.5886
42,eval_mcc,0.0032
42,eval_pf,0.6947
42,eval_precision,0.1248
42,eval_recall,0.6992
42,eval_time,0.0
43,eval_acc,0.2533
43,eval_auc,0.5074
43,eval_brier,0.7467
43,eval_f1,0.2194
43,eval_loss,0.6703
43,eval_mcc,0.0131
43,eval_pf,0.8306
43,eval_precision,0.1261
43,eval_recall,0.8455
43,eval_time,0.0
44,eval_acc,0.3552
44,eval_auc,0.5098
44,eval_brier,0.6448
44,eval_f1,0.216
44,eval_loss,0.5948
44,eval_mcc,0.0141
44,eval_pf,0.6959
44,eval_precision,0.1272
44,eval_recall,0.7154
44,eval_time,0.0
45,eval_acc,0.2634
45,eval_auc,0.4992
45,eval_brier,0.7366
45,eval_f1,0.2151
45,eval_loss,0.6697
45,eval_mcc,-0.0013
45,eval_pf,0.8145
45,eval_precision,0.1239
45,eval_recall,0.813
45,eval_time,0.0
46,eval_acc,0.3673
46,eval_auc,0.5062
46,eval_brier,0.6327
46,eval_f1,0.2133
46,eval_loss,0.5885
46,eval_mcc,0.0088
46,eval_pf,0.6786
46,eval_precision,0.1261
46,eval_recall,0.6911
46,eval_time,0.0
47,eval_acc,0.2503
47,eval_auc,0.5057
47,eval_brier,0.7497
47,eval_f1,0.2187
47,eval_loss,0.6831
47,eval_mcc,0.0102
47,eval_pf,0.8341
47,eval_precision,0.1256
47,eval_recall,0.8455
47,eval_time,0.0
48,eval_acc,0.3582
48,eval_auc,0.508
48,eval_brier,0.6418
48,eval_f1,0.2148
48,eval_loss,0.5947
48,eval_mcc,0.0115
48,eval_pf,0.6912
48,eval_precision,0.1266
48,eval_recall,0.7073
48,eval_time,0.0
49,eval_acc,0.2281
49,eval_auc,0.5175
49,eval_brier,0.7719
49,eval_f1,0.2249
49,eval_loss,0.7157
49,eval_mcc,0.0345
49,eval_pf,0.8675
49,eval_precision,0.1285
49,eval_recall,0.9024
49,eval_time,0.0
50,eval_acc,0.3037
50,eval_auc,0.5014
50,eval_brier,0.6963
50,eval_f1,0.2141
50,eval_loss,0.6344
50,eval_mcc,0.0021
50,eval_pf,0.7615
50,eval_precision,0.1245
50,eval_recall,0.7642
50,eval_time,0.0
51,eval_acc,0.3845
51,eval_auc,0.4951
51,eval_brier,0.6155
51,eval_f1,0.2057
51,eval_loss,0.5652
51,eval_mcc,-0.0068
51,eval_pf,0.6521
51,eval_precision,0.1225
51,eval_recall,0.6423
51,eval_time,0.0
52,eval_acc,0.2745
52,eval_auc,0.4986
52,eval_brier,0.7255
52,eval_f1,0.2142
52,eval_loss,0.6651
52,eval_mcc,-0.0023
52,eval_pf,0.7995
52,eval_precision,0.1237
52,eval_recall,0.7967
52,eval_time,0.0
53,eval_acc,0.2846
53,eval_auc,0.5044
53,eval_brier,0.7154
53,eval_f1,0.2166
53,eval_loss,0.6549
53,eval_mcc,0.0071
53,eval_pf,0.788
53,eval_precision,0.1253
53,eval_recall,0.7967
53,eval_time,0.0
54,eval_acc,0.2704
54,eval_auc,0.4998
54,eval_brier,0.7296
54,eval_f1,0.215
54,eval_loss,0.658
54,eval_mcc,-0.0004
54,eval_pf,0.8053
54,eval_precision,0.1241
54,eval_recall,0.8049
54,eval_time,0.0
55,eval_acc,0.2916
55,eval_auc,0.5049
55,eval_brier,0.7084
55,eval_f1,0.2165
55,eval_loss,0.6522
55,eval_mcc,0.0078
55,eval_pf,0.7788
55,eval_precision,0.1255
55,eval_recall,0.7886
55,eval_time,0.0
56,eval_acc,0.3007
56,eval_auc,0.5066
56,eval_brier,0.6993
56,eval_f1,0.2169
56,eval_loss,0.6408
56,eval_mcc,0.0103
56,eval_pf,0.7673
56,eval_precision,0.126
56,eval_recall,0.7805
56,eval_time,0.0
57,eval_acc,0.3058
57,eval_auc,0.5025
57,eval_brier,0.6942
57,eval_f1,0.2146
57,eval_loss,0.6348
57,eval_mcc,0.0039
57,eval_pf,0.7592
57,eval_precision,0.1248
57,eval_recall,0.7642
57,eval_time,0.0
58,eval_acc,0.2573
58,eval_auc,0.4993
58,eval_brier,0.7427
58,eval_f1,0.2154
58,eval_loss,0.671
58,eval_mcc,-0.0012
58,eval_pf,0.8226
58,eval_precision,0.1239
58,eval_recall,0.8211
58,eval_time,0.0
59,eval_acc,0.3128
59,eval_auc,0.4961
59,eval_brier,0.6872
59,eval_f1,0.2109
59,eval_loss,0.6308
59,eval_mcc,-0.006
59,eval_pf,0.7477
59,eval_precision,0.123
59,eval_recall,0.7398
59,eval_time,0.0
60,eval_acc,0.2624
60,eval_auc,0.4987
60,eval_brier,0.7376
60,eval_f1,0.2148
60,eval_loss,0.67
60,eval_mcc,-0.0023
60,eval_pf,0.8157
60,eval_precision,0.1238
60,eval_recall,0.813
60,eval_time,0.0
61,eval_acc,0.336
61,eval_auc,0.5058
61,eval_brier,0.664
61,eval_f1,0.2148
61,eval_loss,0.6135
61,eval_mcc,0.0086
61,eval_pf,0.72
61,eval_precision,0.1259
61,eval_recall,0.7317
61,eval_time,0.0
62,eval_acc,0.2694
62,eval_auc,0.4992
62,eval_brier,0.7306
62,eval_f1,0.2148
62,eval_loss,0.6635
62,eval_mcc,-0.0013
62,eval_pf,0.8065
62,eval_precision,0.1239
62,eval_recall,0.8049
62,eval_time,0.0
63,eval_acc,0.2856
63,eval_auc,0.5049
63,eval_brier,0.7144
63,eval_f1,0.2168
63,eval_loss,0.6552
63,eval_mcc,0.008
63,eval_pf,0.7869
63,eval_precision,0.1255
63,eval_recall,0.7967
63,eval_time,0.0
64,eval_acc,0.331
64,eval_auc,0.503
64,eval_brier,0.669
64,eval_f1,0.2135
64,eval_loss,0.6092
64,eval_mcc,0.0044
64,eval_pf,0.7258
64,eval_precision,0.125
64,eval_recall,0.7317
64,eval_time,0.0
65,eval_acc,0.2674
65,eval_auc,0.505
65,eval_brier,0.7326
65,eval_f1,0.2177
65,eval_loss,0.6684
65,eval_mcc,0.0085
65,eval_pf,0.8111
65,eval_precision,0.1255
65,eval_recall,0.8211
65,eval_time,0.0
66,eval_acc,0.3572
66,eval_auc,0.5109
66,eval_brier,0.6428
66,eval_f1,0.2165
66,eval_loss,0.5886
66,eval_mcc,0.0157
66,eval_pf,0.6935
66,eval_precision,0.1275
66,eval_recall,0.7154
66,eval_time,0.0
67,eval_acc,0.2836
67,eval_auc,0.4968
67,eval_brier,0.7164
67,eval_f1,0.2129
67,eval_loss,0.6448
67,eval_mcc,-0.0051
67,eval_pf,0.7869
67,eval_precision,0.1232
67,eval_recall,0.7805
67,eval_time,0.0
68,eval_acc,0.3088
68,eval_auc,0.5042
68,eval_brier,0.6912
68,eval_f1,0.2153
68,eval_loss,0.6268
68,eval_mcc,0.0065
68,eval_pf,0.7558
68,eval_precision,0.1253
68,eval_recall,0.7642
68,eval_time,0.0
69,eval_acc,0.3996
69,eval_auc,0.5142
69,eval_brier,0.6004
69,eval_f1,0.2161
69,eval_loss,0.5561
69,eval_mcc,0.0195
69,eval_pf,0.6382
69,eval_precision,0.1289
69,eval_recall,0.6667
69,eval_time,0.0
70,eval_acc,0.3128
70,eval_auc,0.4961
70,eval_brier,0.6872
70,eval_f1,0.2109
70,eval_loss,0.6262
70,eval_mcc,-0.006
70,eval_pf,0.7477
70,eval_precision,0.123
70,eval_recall,0.7398
70,eval_time,0.0
71,eval_acc,0.2856
71,eval_auc,0.4945
71,eval_brier,0.7144
71,eval_f1,0.2116
71,eval_loss,0.6452
71,eval_mcc,-0.0088
71,eval_pf,0.7834
71,eval_precision,0.1226
71,eval_recall,0.7724
71,eval_time,0.0
72,eval_acc,0.3421
72,eval_auc,0.5093
72,eval_brier,0.6579
72,eval_f1,0.2163
72,eval_loss,0.6027
72,eval_mcc,0.0136
72,eval_pf,0.7131
72,eval_precision,0.1269
72,eval_recall,0.7317
72,eval_time,0.0
73,eval_acc,0.2735
73,eval_auc,0.498
73,eval_brier,0.7265
73,eval_f1,0.214
73,eval_loss,0.6566
73,eval_mcc,-0.0033
73,eval_pf,0.8007
73,eval_precision,0.1236
73,eval_recall,0.7967
73,eval_time,0.0
74,eval_acc,0.334
74,eval_auc,0.5047
74,eval_brier,0.666
74,eval_f1,0.2143
74,eval_loss,0.6101
74,eval_mcc,0.0069
74,eval_pf,0.7224
74,eval_precision,0.1255
74,eval_recall,0.7317
74,eval_time,0.0
75,eval_acc,0.2745
75,eval_auc,0.4986
75,eval_brier,0.7255
75,eval_f1,0.2142
75,eval_loss,0.6558
75,eval_mcc,-0.0023
75,eval_pf,0.7995
75,eval_precision,0.1237
75,eval_recall,0.7967
75,eval_time,0.0
76,eval_acc,0.3179
76,eval_auc,0.5094
76,eval_brier,0.6821
76,eval_f1,0.2176
76,eval_loss,0.6224
76,eval_mcc,0.0143
76,eval_pf,0.7454
76,eval_precision,0.1269
76,eval_recall,0.7642
76,eval_time,0.0
77,eval_acc,0.2755
77,eval_auc,0.4957
77,eval_brier,0.7245
77,eval_f1,0.2127
77,eval_loss,0.6514
77,eval_mcc,-0.0071
77,eval_pf,0.7972
77,eval_precision,0.1229
77,eval_recall,0.7886
77,eval_time,0.0
78,eval_acc,0.3098
78,eval_auc,0.5013
78,eval_brier,0.6902
78,eval_f1,0.2138
78,eval_loss,0.6273
78,eval_mcc,0.002
78,eval_pf,0.7535
78,eval_precision,0.1245
78,eval_recall,0.7561
78,eval_time,0.0
79,eval_acc,0.2694
79,eval_auc,0.4957
79,eval_brier,0.7306
79,eval_f1,0.213
79,eval_loss,0.6526
79,eval_mcc,-0.0071
79,eval_pf,0.8053
79,eval_precision,0.123
79,eval_recall,0.7967
79,eval_time,0.0
80,eval_acc,0.3148
80,eval_auc,0.5042
80,eval_brier,0.6852
80,eval_f1,0.215
80,eval_loss,0.617
80,eval_mcc,0.0064
80,eval_pf,0.7477
80,eval_precision,0.1253
80,eval_recall,0.7561
80,eval_time,0.0
81,eval_acc,0.2987
81,eval_auc,0.4985
81,eval_brier,0.7013
81,eval_f1,0.2129
81,eval_loss,0.6334
81,eval_mcc,-0.0024
81,eval_pf,0.7673
81,eval_precision,0.1237
81,eval_recall,0.7642
81,eval_time,0.0
82,eval_acc,0.2967
82,eval_auc,0.4973
82,eval_brier,0.7033
82,eval_f1,0.2124
82,eval_loss,0.6328
82,eval_mcc,-0.0042
82,eval_pf,0.7696
82,eval_precision,0.1234
82,eval_recall,0.7642
82,eval_time,0.0
83,eval_acc,0.3017
83,eval_auc,0.5002
83,eval_brier,0.6983
83,eval_f1,0.2136
83,eval_loss,0.6297
83,eval_mcc,0.0003
83,eval_pf,0.7638
83,eval_precision,0.1242
83,eval_recall,0.7642
83,eval_time,0.0
84,eval_acc,0.333
84,eval_auc,0.5006
84,eval_brier,0.667
84,eval_f1,0.2122
84,eval_loss,0.6071
84,eval_mcc,0.0009
84,eval_pf,0.7224
84,eval_precision,0.1243
84,eval_recall,0.7236
84,eval_time,0.0
85,eval_acc,0.33
85,eval_auc,0.5024
85,eval_brier,0.67
85,eval_f1,0.2133
85,eval_loss,0.6097
85,eval_mcc,0.0035
85,eval_pf,0.727
85,eval_precision,0.1248
85,eval_recall,0.7317
85,eval_time,0.0
86,eval_acc,0.2846
86,eval_auc,0.4939
86,eval_brier,0.7154
86,eval_f1,0.2113
86,eval_loss,0.6387
86,eval_mcc,-0.0098
86,eval_pf,0.7846
86,eval_precision,0.1224
86,eval_recall,0.7724
86,eval_time,0.0
87,eval_acc,0.3108
87,eval_auc,0.5019
87,eval_brier,0.6892
87,eval_f1,0.214
87,eval_loss,0.621
87,eval_mcc,0.0029
87,eval_pf,0.7523
87,eval_precision,0.1247
87,eval_recall,0.7561
87,eval_time,0.0
88,eval_acc,0.3169
88,eval_auc,0.5088
88,eval_brier,0.6831
88,eval_f1,0.2173
88,eval_loss,0.6226
88,eval_mcc,0.0134
88,eval_pf,0.7465
88,eval_precision,0.1267
88,eval_recall,0.7642
88,eval_time,0.0
89,eval_acc,0.3229
89,eval_auc,0.5088
89,eval_brier,0.6771
89,eval_f1,0.217
89,eval_loss,0.6179
89,eval_mcc,0.0133
89,eval_pf,0.7385
89,eval_precision,0.1267
89,eval_recall,0.7561
89,eval_time,0.0
90,eval_acc,0.3158
90,eval_auc,0.5118
90,eval_brier,0.6842
90,eval_f1,0.2189
90,eval_loss,0.6275
90,eval_mcc,0.0179
90,eval_pf,0.7488
90,eval_precision,0.1275
90,eval_recall,0.7724
90,eval_time,0.0
91,eval_acc,0.3098
91,eval_auc,0.5048
91,eval_brier,0.6902
91,eval_f1,0.2156
91,eval_loss,0.628
91,eval_mcc,0.0074
91,eval_pf,0.7546
91,eval_precision,0.1255
91,eval_recall,0.7642
91,eval_time,0.0
92,eval_acc,0.3108
92,eval_auc,0.5054
92,eval_brier,0.6892
92,eval_f1,0.2158
92,eval_loss,0.626
92,eval_mcc,0.0083
92,eval_pf,0.7535
92,eval_precision,0.1257
92,eval_recall,0.7642
92,eval_time,0.0
93,eval_acc,0.3058
93,eval_auc,0.506
93,eval_brier,0.6942
93,eval_f1,0.2164
93,eval_loss,0.6291
93,eval_mcc,0.0093
93,eval_pf,0.7604
93,eval_precision,0.1258
93,eval_recall,0.7724
93,eval_time,0.0
94,eval_acc,0.3128
94,eval_auc,0.51
94,eval_brier,0.6872
94,eval_f1,0.2181
94,eval_loss,0.6276
94,eval_mcc,0.0154
94,eval_pf,0.7523
94,eval_precision,0.127
94,eval_recall,0.7724
94,eval_time,0.0
95,eval_acc,0.3158
95,eval_auc,0.5013
95,eval_brier,0.6842
95,eval_f1,0.2135
95,eval_loss,0.6224
95,eval_mcc,0.002
95,eval_pf,0.7454
95,eval_precision,0.1245
95,eval_recall,0.748
95,eval_time,0.0
96,eval_acc,0.3169
96,eval_auc,0.5019
96,eval_brier,0.6831
96,eval_f1,0.2137
96,eval_loss,0.621
96,eval_mcc,0.0028
96,eval_pf,0.7442
96,eval_precision,0.1247
96,eval_recall,0.748
96,eval_time,0.0
97,eval_acc,0.3158
97,eval_auc,0.4978
97,eval_brier,0.6842
97,eval_f1,0.2116
97,eval_loss,0.6201
97,eval_mcc,-0.0033
97,eval_pf,0.7442
97,eval_precision,0.1235
97,eval_recall,0.7398
97,eval_time,0.0
98,eval_acc,0.3148
98,eval_auc,0.4972
98,eval_brier,0.6852
98,eval_f1,0.2114
98,eval_loss,0.6218
98,eval_mcc,-0.0042
98,eval_pf,0.7454
98,eval_precision,0.1233
98,eval_recall,0.7398
98,eval_time,0.0
99,eval_acc,0.3148
99,eval_auc,0.4972
99,eval_brier,0.6852
99,eval_f1,0.2114
99,eval_loss,0.622
99,eval_mcc,-0.0042
99,eval_pf,0.7454
99,eval_precision,0.1233
99,eval_recall,0.7398
99,eval_time,0.0
