Epoch,Metrics,Score
0,eval_acc,0.8759
0,eval_auc,0.5
0,eval_brier,0.1241
0,eval_f1,0.0
0,eval_loss,0.1614
0,eval_mcc,0.0
0,eval_pf,0.0
0,eval_precision,0.0
0,eval_recall,0.0
0,eval_time,0.0
0,___best___,___best___
1,eval_acc,0.8759
1,eval_auc,0.5
1,eval_brier,0.1241
1,eval_f1,0.0
1,eval_loss,0.1648
1,eval_mcc,0.0
1,eval_pf,0.0
1,eval_precision,0.0
1,eval_recall,0.0
1,eval_time,0.0
2,eval_acc,0.8759
2,eval_auc,0.5
2,eval_brier,0.1241
2,eval_f1,0.0
2,eval_loss,0.1718
2,eval_mcc,0.0
2,eval_pf,0.0
2,eval_precision,0.0
2,eval_recall,0.0
2,eval_time,0.0
3,eval_acc,0.8759
3,eval_auc,0.5
3,eval_brier,0.1241
3,eval_f1,0.0
3,eval_loss,0.1831
3,eval_mcc,0.0
3,eval_pf,0.0
3,eval_precision,0.0
3,eval_recall,0.0
3,eval_time,0.0
4,eval_acc,0.8759
4,eval_auc,0.5
4,eval_brier,0.1241
4,eval_f1,0.0
4,eval_loss,0.1826
4,eval_mcc,0.0
4,eval_pf,0.0
4,eval_precision,0.0
4,eval_recall,0.0
4,eval_time,0.0
5,eval_acc,0.8759
5,eval_auc,0.5
5,eval_brier,0.1241
5,eval_f1,0.0
5,eval_loss,0.1806
5,eval_mcc,0.0
5,eval_pf,0.0
5,eval_precision,0.0
5,eval_recall,0.0
5,eval_time,0.0
6,eval_acc,0.8759
6,eval_auc,0.5
6,eval_brier,0.1241
6,eval_f1,0.0
6,eval_loss,0.1819
6,eval_mcc,0.0
6,eval_pf,0.0
6,eval_precision,0.0
6,eval_recall,0.0
6,eval_time,0.0
7,eval_acc,0.8759
7,eval_auc,0.5
7,eval_brier,0.1241
7,eval_f1,0.0
7,eval_loss,0.1742
7,eval_mcc,0.0
7,eval_pf,0.0
7,eval_precision,0.0
7,eval_recall,0.0
7,eval_time,0.0
8,eval_acc,0.8759
8,eval_auc,0.5
8,eval_brier,0.1241
8,eval_f1,0.0
8,eval_loss,0.1811
8,eval_mcc,0.0
8,eval_pf,0.0
8,eval_precision,0.0
8,eval_recall,0.0
8,eval_time,0.0
9,eval_acc,0.8759
9,eval_auc,0.5
9,eval_brier,0.1241
9,eval_f1,0.0
9,eval_loss,0.1865
9,eval_mcc,0.0
9,eval_pf,0.0
9,eval_precision,0.0
9,eval_recall,0.0
9,eval_time,0.0
10,eval_acc,0.8759
10,eval_auc,0.5
10,eval_brier,0.1241
10,eval_f1,0.0
10,eval_loss,0.1855
10,eval_mcc,0.0
10,eval_pf,0.0
10,eval_precision,0.0
10,eval_recall,0.0
10,eval_time,0.0
11,eval_acc,0.8759
11,eval_auc,0.5
11,eval_brier,0.1241
11,eval_f1,0.0
11,eval_loss,0.1906
11,eval_mcc,0.0
11,eval_pf,0.0
11,eval_precision,0.0
11,eval_recall,0.0
11,eval_time,0.0
12,eval_acc,0.8759
12,eval_auc,0.5
12,eval_brier,0.1241
12,eval_f1,0.0
12,eval_loss,0.189
12,eval_mcc,0.0
12,eval_pf,0.0
12,eval_precision,0.0
12,eval_recall,0.0
12,eval_time,0.0
13,eval_acc,0.8759
13,eval_auc,0.5
13,eval_brier,0.1241
13,eval_f1,0.0
13,eval_loss,0.1851
13,eval_mcc,0.0
13,eval_pf,0.0
13,eval_precision,0.0
13,eval_recall,0.0
13,eval_time,0.0
14,eval_acc,0.8759
14,eval_auc,0.5
14,eval_brier,0.1241
14,eval_f1,0.0
14,eval_loss,0.1834
14,eval_mcc,0.0
14,eval_pf,0.0
14,eval_precision,0.0
14,eval_recall,0.0
14,eval_time,0.0
15,eval_acc,0.8759
15,eval_auc,0.5
15,eval_brier,0.1241
15,eval_f1,0.0
15,eval_loss,0.1798
15,eval_mcc,0.0
15,eval_pf,0.0
15,eval_precision,0.0
15,eval_recall,0.0
15,eval_time,0.0
16,eval_acc,0.8759
16,eval_auc,0.5
16,eval_brier,0.1241
16,eval_f1,0.0
16,eval_loss,0.1807
16,eval_mcc,0.0
16,eval_pf,0.0
16,eval_precision,0.0
16,eval_recall,0.0
16,eval_time,0.0
17,eval_acc,0.8759
17,eval_auc,0.5
17,eval_brier,0.1241
17,eval_f1,0.0
17,eval_loss,0.1901
17,eval_mcc,0.0
17,eval_pf,0.0
17,eval_precision,0.0
17,eval_recall,0.0
17,eval_time,0.0
18,eval_acc,0.8759
18,eval_auc,0.5
18,eval_brier,0.1241
18,eval_f1,0.0
18,eval_loss,0.1867
18,eval_mcc,0.0
18,eval_pf,0.0
18,eval_precision,0.0
18,eval_recall,0.0
18,eval_time,0.0
19,eval_acc,0.8759
19,eval_auc,0.5
19,eval_brier,0.1241
19,eval_f1,0.0
19,eval_loss,0.1867
19,eval_mcc,0.0
19,eval_pf,0.0
19,eval_precision,0.0
19,eval_recall,0.0
19,eval_time,0.0
20,eval_acc,0.8759
20,eval_auc,0.5
20,eval_brier,0.1241
20,eval_f1,0.0
20,eval_loss,0.187
20,eval_mcc,0.0
20,eval_pf,0.0
20,eval_precision,0.0
20,eval_recall,0.0
20,eval_time,0.0
21,eval_acc,0.8759
21,eval_auc,0.5
21,eval_brier,0.1241
21,eval_f1,0.0
21,eval_loss,0.1854
21,eval_mcc,0.0
21,eval_pf,0.0
21,eval_precision,0.0
21,eval_recall,0.0
21,eval_time,0.0
22,eval_acc,0.8759
22,eval_auc,0.5
22,eval_brier,0.1241
22,eval_f1,0.0
22,eval_loss,0.1839
22,eval_mcc,0.0
22,eval_pf,0.0
22,eval_precision,0.0
22,eval_recall,0.0
22,eval_time,0.0
23,eval_acc,0.8759
23,eval_auc,0.5
23,eval_brier,0.1241
23,eval_f1,0.0
23,eval_loss,0.1857
23,eval_mcc,0.0
23,eval_pf,0.0
23,eval_precision,0.0
23,eval_recall,0.0
23,eval_time,0.0
24,eval_acc,0.8759
24,eval_auc,0.5
24,eval_brier,0.1241
24,eval_f1,0.0
24,eval_loss,0.1856
24,eval_mcc,0.0
24,eval_pf,0.0
24,eval_precision,0.0
24,eval_recall,0.0
24,eval_time,0.0
25,eval_acc,0.8759
25,eval_auc,0.5
25,eval_brier,0.1241
25,eval_f1,0.0
25,eval_loss,0.1877
25,eval_mcc,0.0
25,eval_pf,0.0
25,eval_precision,0.0
25,eval_recall,0.0
25,eval_time,0.0
26,eval_acc,0.8759
26,eval_auc,0.5
26,eval_brier,0.1241
26,eval_f1,0.0
26,eval_loss,0.1856
26,eval_mcc,0.0
26,eval_pf,0.0
26,eval_precision,0.0
26,eval_recall,0.0
26,eval_time,0.0
27,eval_acc,0.8759
27,eval_auc,0.5
27,eval_brier,0.1241
27,eval_f1,0.0
27,eval_loss,0.1912
27,eval_mcc,0.0
27,eval_pf,0.0
27,eval_precision,0.0
27,eval_recall,0.0
27,eval_time,0.0
28,eval_acc,0.8759
28,eval_auc,0.5
28,eval_brier,0.1241
28,eval_f1,0.0
28,eval_loss,0.1922
28,eval_mcc,0.0
28,eval_pf,0.0
28,eval_precision,0.0
28,eval_recall,0.0
28,eval_time,0.0
29,eval_acc,0.8759
29,eval_auc,0.5
29,eval_brier,0.1241
29,eval_f1,0.0
29,eval_loss,0.1939
29,eval_mcc,0.0
29,eval_pf,0.0
29,eval_precision,0.0
29,eval_recall,0.0
29,eval_time,0.0
30,eval_acc,0.8759
30,eval_auc,0.5
30,eval_brier,0.1241
30,eval_f1,0.0
30,eval_loss,0.1966
30,eval_mcc,0.0
30,eval_pf,0.0
30,eval_precision,0.0
30,eval_recall,0.0
30,eval_time,0.0
31,eval_acc,0.8759
31,eval_auc,0.5
31,eval_brier,0.1241
31,eval_f1,0.0
31,eval_loss,0.1964
31,eval_mcc,0.0
31,eval_pf,0.0
31,eval_precision,0.0
31,eval_recall,0.0
31,eval_time,0.0
32,eval_acc,0.8759
32,eval_auc,0.5
32,eval_brier,0.1241
32,eval_f1,0.0
32,eval_loss,0.1977
32,eval_mcc,0.0
32,eval_pf,0.0
32,eval_precision,0.0
32,eval_recall,0.0
32,eval_time,0.0
33,eval_acc,0.8759
33,eval_auc,0.5
33,eval_brier,0.1241
33,eval_f1,0.0
33,eval_loss,0.1931
33,eval_mcc,0.0
33,eval_pf,0.0
33,eval_precision,0.0
33,eval_recall,0.0
33,eval_time,0.0
34,eval_acc,0.8759
34,eval_auc,0.5
34,eval_brier,0.1241
34,eval_f1,0.0
34,eval_loss,0.1964
34,eval_mcc,0.0
34,eval_pf,0.0
34,eval_precision,0.0
34,eval_recall,0.0
34,eval_time,0.0
35,eval_acc,0.8759
35,eval_auc,0.5
35,eval_brier,0.1241
35,eval_f1,0.0
35,eval_loss,0.1972
35,eval_mcc,0.0
35,eval_pf,0.0
35,eval_precision,0.0
35,eval_recall,0.0
35,eval_time,0.0
36,eval_acc,0.8759
36,eval_auc,0.5
36,eval_brier,0.1241
36,eval_f1,0.0
36,eval_loss,0.1984
36,eval_mcc,0.0
36,eval_pf,0.0
36,eval_precision,0.0
36,eval_recall,0.0
36,eval_time,0.0
37,eval_acc,0.8759
37,eval_auc,0.5
37,eval_brier,0.1241
37,eval_f1,0.0
37,eval_loss,0.197
37,eval_mcc,0.0
37,eval_pf,0.0
37,eval_precision,0.0
37,eval_recall,0.0
37,eval_time,0.0
38,eval_acc,0.8759
38,eval_auc,0.5
38,eval_brier,0.1241
38,eval_f1,0.0
38,eval_loss,0.1965
38,eval_mcc,0.0
38,eval_pf,0.0
38,eval_precision,0.0
38,eval_recall,0.0
38,eval_time,0.0
39,eval_acc,0.8759
39,eval_auc,0.5
39,eval_brier,0.1241
39,eval_f1,0.0
39,eval_loss,0.1975
39,eval_mcc,0.0
39,eval_pf,0.0
39,eval_precision,0.0
39,eval_recall,0.0
39,eval_time,0.0
40,eval_acc,0.8759
40,eval_auc,0.5
40,eval_brier,0.1241
40,eval_f1,0.0
40,eval_loss,0.1977
40,eval_mcc,0.0
40,eval_pf,0.0
40,eval_precision,0.0
40,eval_recall,0.0
40,eval_time,0.0
41,eval_acc,0.8759
41,eval_auc,0.5
41,eval_brier,0.1241
41,eval_f1,0.0
41,eval_loss,0.1968
41,eval_mcc,0.0
41,eval_pf,0.0
41,eval_precision,0.0
41,eval_recall,0.0
41,eval_time,0.0
42,eval_acc,0.8759
42,eval_auc,0.5
42,eval_brier,0.1241
42,eval_f1,0.0
42,eval_loss,0.1964
42,eval_mcc,0.0
42,eval_pf,0.0
42,eval_precision,0.0
42,eval_recall,0.0
42,eval_time,0.0
43,eval_acc,0.8759
43,eval_auc,0.5
43,eval_brier,0.1241
43,eval_f1,0.0
43,eval_loss,0.1971
43,eval_mcc,0.0
43,eval_pf,0.0
43,eval_precision,0.0
43,eval_recall,0.0
43,eval_time,0.0
44,eval_acc,0.8759
44,eval_auc,0.5
44,eval_brier,0.1241
44,eval_f1,0.0
44,eval_loss,0.1969
44,eval_mcc,0.0
44,eval_pf,0.0
44,eval_precision,0.0
44,eval_recall,0.0
44,eval_time,0.0
45,eval_acc,0.8759
45,eval_auc,0.5
45,eval_brier,0.1241
45,eval_f1,0.0
45,eval_loss,0.1968
45,eval_mcc,0.0
45,eval_pf,0.0
45,eval_precision,0.0
45,eval_recall,0.0
45,eval_time,0.0
46,eval_acc,0.8759
46,eval_auc,0.5
46,eval_brier,0.1241
46,eval_f1,0.0
46,eval_loss,0.1968
46,eval_mcc,0.0
46,eval_pf,0.0
46,eval_precision,0.0
46,eval_recall,0.0
46,eval_time,0.0
47,eval_acc,0.8759
47,eval_auc,0.5
47,eval_brier,0.1241
47,eval_f1,0.0
47,eval_loss,0.197
47,eval_mcc,0.0
47,eval_pf,0.0
47,eval_precision,0.0
47,eval_recall,0.0
47,eval_time,0.0
48,eval_acc,0.8759
48,eval_auc,0.5
48,eval_brier,0.1241
48,eval_f1,0.0
48,eval_loss,0.1973
48,eval_mcc,0.0
48,eval_pf,0.0
48,eval_precision,0.0
48,eval_recall,0.0
48,eval_time,0.0
49,eval_acc,0.8759
49,eval_auc,0.5
49,eval_brier,0.1241
49,eval_f1,0.0
49,eval_loss,0.1973
49,eval_mcc,0.0
49,eval_pf,0.0
49,eval_precision,0.0
49,eval_recall,0.0
49,eval_time,0.0
