Epoch,Metrics,Score
0,eval_acc,0.8687
0,eval_auc,0.5
0,eval_brier,0.1313
0,eval_f1,0.0
0,eval_loss,0.2647
0,eval_mcc,0.0
0,eval_pf,0.0
0,eval_precision,0.0
0,eval_recall,0.0
0,eval_time,0.0
0,___best___,___best___
1,eval_acc,0.8687
1,eval_auc,0.5
1,eval_brier,0.1313
1,eval_f1,0.0
1,eval_loss,0.2928
1,eval_mcc,0.0
1,eval_pf,0.0
1,eval_precision,0.0
1,eval_recall,0.0
1,eval_time,0.0
2,eval_acc,0.8679
2,eval_auc,0.5096
2,eval_brier,0.1321
2,eval_f1,0.0449
2,eval_loss,0.3074
2,eval_mcc,0.0778
2,eval_pf,0.0045
2,eval_precision,0.4444
2,eval_recall,0.0237
2,eval_time,0.0
2,___best___,___best___
3,eval_acc,0.7032
3,eval_auc,0.5579
3,eval_brier,0.2968
3,eval_f1,0.2421
3,eval_loss,0.4026
3,eval_mcc,0.0892
3,eval_pf,0.2451
3,eval_precision,0.1821
3,eval_recall,0.3609
3,eval_time,0.0
3,___best___,___best___
4,eval_acc,0.4709
4,eval_auc,0.5473
4,eval_brier,0.5291
4,eval_f1,0.2442
4,eval_loss,0.4842
4,eval_mcc,0.0645
4,eval_pf,0.5564
4,eval_precision,0.1503
4,eval_recall,0.6509
4,eval_time,0.0
4,___best___,___best___
5,eval_acc,0.5641
5,eval_auc,0.5356
5,eval_brier,0.4359
5,eval_f1,0.2305
5,eval_loss,0.4419
5,eval_mcc,0.0486
5,eval_pf,0.4258
5,eval_precision,0.15
5,eval_recall,0.497
5,eval_time,0.0
6,eval_acc,0.5315
6,eval_auc,0.5344
6,eval_brier,0.4685
6,eval_f1,0.2318
6,eval_loss,0.4634
6,eval_mcc,0.0466
6,eval_pf,0.4696
6,eval_precision,0.1477
6,eval_recall,0.5385
6,eval_time,0.0
7,eval_acc,0.4281
7,eval_auc,0.5403
7,eval_brier,0.5719
7,eval_f1,0.2412
7,eval_loss,0.5203
7,eval_mcc,0.0561
7,eval_pf,0.6118
7,eval_precision,0.1461
7,eval_recall,0.6923
7,eval_time,0.0
8,eval_acc,0.3792
8,eval_auc,0.5497
8,eval_brier,0.6208
8,eval_f1,0.2484
8,eval_loss,0.5555
8,eval_mcc,0.073
8,eval_pf,0.6816
8,eval_precision,0.1477
8,eval_recall,0.7811
8,eval_time,0.0
8,___best___,___best___
9,eval_acc,0.4957
9,eval_auc,0.5289
9,eval_brier,0.5043
9,eval_f1,0.2301
9,eval_loss,0.4674
9,eval_mcc,0.0391
9,eval_pf,0.5161
9,eval_precision,0.1439
9,eval_recall,0.574
9,eval_time,0.0
10,eval_acc,0.5253
10,eval_auc,0.5535
10,eval_brier,0.4747
10,eval_f1,0.2466
10,eval_loss,0.4593
10,eval_mcc,0.0722
10,eval_pf,0.4848
10,eval_precision,0.1558
10,eval_recall,0.5917
10,eval_time,0.0
11,eval_acc,0.4856
11,eval_auc,0.5507
11,eval_brier,0.5144
11,eval_f1,0.246
11,eval_loss,0.4866
11,eval_mcc,0.0689
11,eval_pf,0.5376
11,eval_precision,0.1523
11,eval_recall,0.6391
11,eval_time,0.0
12,eval_acc,0.4561
12,eval_auc,0.5287
12,eval_brier,0.5439
12,eval_f1,0.2325
12,eval_loss,0.4938
12,eval_mcc,0.0393
12,eval_pf,0.5698
12,eval_precision,0.1427
12,eval_recall,0.6272
12,eval_time,0.0
13,eval_acc,0.5921
13,eval_auc,0.5442
13,eval_brier,0.4079
13,eval_f1,0.2358
13,eval_loss,0.4252
13,eval_mcc,0.0609
13,eval_pf,0.3909
13,eval_precision,0.1564
13,eval_recall,0.4793
13,eval_time,0.0
14,eval_acc,0.5299
14,eval_auc,0.5662
14,eval_brier,0.4701
14,eval_f1,0.2558
14,eval_loss,0.4617
14,eval_mcc,0.0894
14,eval_pf,0.483
14,eval_precision,0.1615
14,eval_recall,0.6154
14,eval_time,0.0
14,___best___,___best___
15,eval_acc,0.5221
15,eval_auc,0.5492
15,eval_brier,0.4779
15,eval_f1,0.2435
15,eval_loss,0.4581
15,eval_mcc,0.0664
15,eval_pf,0.4875
15,eval_precision,0.1537
15,eval_recall,0.5858
15,eval_time,0.0
16,eval_acc,0.5874
16,eval_auc,0.5516
16,eval_brier,0.4126
16,eval_f1,0.2425
16,eval_loss,0.4176
16,eval_mcc,0.0707
16,eval_pf,0.3998
16,eval_precision,0.1598
16,eval_recall,0.503
16,eval_time,0.0
17,eval_acc,0.5633
17,eval_auc,0.5553
17,eval_brier,0.4367
17,eval_f1,0.2466
17,eval_loss,0.4275
17,eval_mcc,0.0751
17,eval_pf,0.4338
17,eval_precision,0.1594
17,eval_recall,0.5444
17,eval_time,0.0
18,eval_acc,0.5307
18,eval_auc,0.5465
18,eval_brier,0.4693
18,eval_f1,0.2412
18,eval_loss,0.4505
18,eval_mcc,0.0629
18,eval_pf,0.475
18,eval_precision,0.1531
18,eval_recall,0.568
18,eval_time,0.0
19,eval_acc,0.533
19,eval_auc,0.5529
19,eval_brier,0.467
19,eval_f1,0.2459
19,eval_loss,0.4469
19,eval_mcc,0.0715
19,eval_pf,0.4741
19,eval_precision,0.1561
19,eval_recall,0.5799
19,eval_time,0.0
20,eval_acc,0.5268
20,eval_auc,0.5518
20,eval_brier,0.4732
20,eval_f1,0.2454
20,eval_loss,0.4495
20,eval_mcc,0.07
20,eval_pf,0.4821
20,eval_precision,0.1552
20,eval_recall,0.5858
20,eval_time,0.0
21,eval_acc,0.46
21,eval_auc,0.5485
21,eval_brier,0.54
21,eval_f1,0.2454
21,eval_loss,0.497
21,eval_mcc,0.0665
21,eval_pf,0.5716
21,eval_precision,0.1503
21,eval_recall,0.6686
21,eval_time,0.0
22,eval_acc,0.4724
22,eval_auc,0.5507
22,eval_brier,0.5276
22,eval_f1,0.2464
22,eval_loss,0.4927
22,eval_mcc,0.0691
22,eval_pf,0.5555
22,eval_precision,0.1516
22,eval_recall,0.6568
22,eval_time,0.0
23,eval_acc,0.5478
23,eval_auc,0.5463
23,eval_brier,0.4522
23,eval_f1,0.2402
23,eval_loss,0.4349
23,eval_mcc,0.0628
23,eval_pf,0.4517
23,eval_precision,0.1541
23,eval_recall,0.5444
23,eval_time,0.0
24,eval_acc,0.5392
24,eval_auc,0.5439
24,eval_brier,0.4608
24,eval_f1,0.2388
24,eval_loss,0.4377
24,eval_mcc,0.0594
24,eval_pf,0.4624
24,eval_precision,0.1525
24,eval_recall,0.5503
24,eval_time,0.0
25,eval_acc,0.547
25,eval_auc,0.5559
25,eval_brier,0.453
25,eval_f1,0.2477
25,eval_loss,0.4423
25,eval_mcc,0.0757
25,eval_pf,0.4562
25,eval_precision,0.1584
25,eval_recall,0.568
25,eval_time,0.0
26,eval_acc,0.4965
26,eval_auc,0.5721
26,eval_brier,0.5035
26,eval_f1,0.2603
26,eval_loss,0.4791
26,eval_mcc,0.0978
26,eval_pf,0.5304
26,eval_precision,0.1612
26,eval_recall,0.6746
26,eval_time,0.0
26,___best___,___best___
27,eval_acc,0.5579
27,eval_auc,0.5622
27,eval_brier,0.4421
27,eval_f1,0.2523
27,eval_loss,0.4302
27,eval_mcc,0.0843
27,eval_pf,0.4436
27,eval_precision,0.1622
27,eval_recall,0.568
27,eval_time,0.0
28,eval_acc,0.4903
28,eval_auc,0.566
28,eval_brier,0.5097
28,eval_f1,0.2562
28,eval_loss,0.4837
28,eval_mcc,0.0897
28,eval_pf,0.5367
28,eval_precision,0.1585
28,eval_recall,0.6686
28,eval_time,0.0
29,eval_acc,0.5509
29,eval_auc,0.5431
29,eval_brier,0.4491
29,eval_f1,0.2375
29,eval_loss,0.4376
29,eval_mcc,0.0584
29,eval_pf,0.4463
29,eval_precision,0.1528
29,eval_recall,0.5325
29,eval_time,0.0
30,eval_acc,0.5556
30,eval_auc,0.5583
30,eval_brier,0.4444
30,eval_f1,0.2493
30,eval_loss,0.4303
30,eval_mcc,0.0791
30,eval_pf,0.4454
30,eval_precision,0.1602
30,eval_recall,0.5621
30,eval_time,0.0
31,eval_acc,0.5587
31,eval_auc,0.5727
31,eval_brier,0.4413
31,eval_f1,0.2604
31,eval_loss,0.4332
31,eval_mcc,0.0984
31,eval_pf,0.4463
31,eval_precision,0.1669
31,eval_recall,0.5917
31,eval_time,0.0
31,___best___,___best___
32,eval_acc,0.4965
32,eval_auc,0.5645
32,eval_brier,0.5035
32,eval_f1,0.2552
32,eval_loss,0.4748
32,eval_mcc,0.0875
32,eval_pf,0.5277
32,eval_precision,0.1583
32,eval_recall,0.6568
32,eval_time,0.0
33,eval_acc,0.5152
33,eval_auc,0.5702
33,eval_brier,0.4848
33,eval_f1,0.2589
33,eval_loss,0.4603
33,eval_mcc,0.095
33,eval_pf,0.5045
33,eval_precision,0.162
33,eval_recall,0.645
33,eval_time,0.0
34,eval_acc,0.5657
34,eval_auc,0.5516
34,eval_brier,0.4343
34,eval_f1,0.2436
34,eval_loss,0.4161
34,eval_mcc,0.0702
34,eval_pf,0.4293
34,eval_precision,0.1579
34,eval_recall,0.5325
34,eval_time,0.0
35,eval_acc,0.5315
35,eval_auc,0.5646
35,eval_brier,0.4685
35,eval_f1,0.2546
35,eval_loss,0.4559
35,eval_mcc,0.0872
35,eval_pf,0.4803
35,eval_precision,0.1609
35,eval_recall,0.6095
35,eval_time,0.0
36,eval_acc,0.5556
36,eval_auc,0.5583
36,eval_brier,0.4444
36,eval_f1,0.2493
36,eval_loss,0.4311
36,eval_mcc,0.0791
36,eval_pf,0.4454
36,eval_precision,0.1602
36,eval_recall,0.5621
36,eval_time,0.0
37,eval_acc,0.5998
37,eval_auc,0.5713
37,eval_brier,0.4002
37,eval_f1,0.259
37,eval_loss,0.4039
37,eval_mcc,0.0979
37,eval_pf,0.39
37,eval_precision,0.1711
37,eval_recall,0.5325
37,eval_time,0.0
38,eval_acc,0.5594
38,eval_auc,0.5757
38,eval_brier,0.4406
38,eval_f1,0.2627
38,eval_loss,0.4329
38,eval_mcc,0.1024
38,eval_pf,0.4463
38,eval_precision,0.1683
38,eval_recall,0.5976
38,eval_time,0.0
38,___best___,___best___
39,eval_acc,0.554
39,eval_auc,0.5625
39,eval_brier,0.446
39,eval_f1,0.2526
39,eval_loss,0.4262
39,eval_mcc,0.0846
39,eval_pf,0.449
39,eval_precision,0.1619
39,eval_recall,0.574
39,eval_time,0.0
40,eval_acc,0.5423
40,eval_auc,0.5759
40,eval_brier,0.4577
40,eval_f1,0.2628
40,eval_loss,0.4472
40,eval_mcc,0.1025
40,eval_pf,0.4696
40,eval_precision,0.1667
40,eval_recall,0.6213
40,eval_time,0.0
40,___best___,___best___
41,eval_acc,0.526
41,eval_auc,0.564
41,eval_brier,0.474
41,eval_f1,0.2543
41,eval_loss,0.4516
41,eval_mcc,0.0864
41,eval_pf,0.4875
41,eval_precision,0.1602
41,eval_recall,0.6154
41,eval_time,0.0
42,eval_acc,0.5719
42,eval_auc,0.5602
42,eval_brier,0.4281
42,eval_f1,0.2503
42,eval_loss,0.4211
42,eval_mcc,0.0819
42,eval_pf,0.424
42,eval_precision,0.1625
42,eval_recall,0.5444
42,eval_time,0.0
43,eval_acc,0.5711
43,eval_auc,0.5673
43,eval_brier,0.4289
43,eval_f1,0.2561
43,eval_loss,0.4196
43,eval_mcc,0.0915
43,eval_pf,0.4275
43,eval_precision,0.1658
43,eval_recall,0.5621
43,eval_time,0.0
44,eval_acc,0.5431
44,eval_auc,0.5637
44,eval_brier,0.4569
44,eval_f1,0.2538
44,eval_loss,0.4365
44,eval_mcc,0.0862
44,eval_pf,0.4642
44,eval_precision,0.1616
44,eval_recall,0.5917
44,eval_time,0.0
45,eval_acc,0.5828
45,eval_auc,0.5589
45,eval_brier,0.4172
45,eval_f1,0.249
45,eval_loss,0.4115
45,eval_mcc,0.0805
45,eval_pf,0.4088
45,eval_precision,0.163
45,eval_recall,0.5266
45,eval_time,0.0
46,eval_acc,0.5524
46,eval_auc,0.5566
46,eval_brier,0.4476
46,eval_f1,0.248
46,eval_loss,0.4352
46,eval_mcc,0.0766
46,eval_pf,0.449
46,eval_precision,0.1591
46,eval_recall,0.5621
46,eval_time,0.0
47,eval_acc,0.5571
47,eval_auc,0.5743
47,eval_brier,0.4429
47,eval_f1,0.2617
47,eval_loss,0.4341
47,eval_mcc,0.1006
47,eval_pf,0.449
47,eval_precision,0.1675
47,eval_recall,0.5976
47,eval_time,0.0
48,eval_acc,0.5587
48,eval_auc,0.5551
48,eval_brier,0.4413
48,eval_f1,0.2467
48,eval_loss,0.4269
48,eval_mcc,0.0748
48,eval_pf,0.4401
48,eval_precision,0.159
48,eval_recall,0.5503
48,eval_time,0.0
49,eval_acc,0.5633
49,eval_auc,0.5578
49,eval_brier,0.4367
49,eval_f1,0.2487
49,eval_loss,0.4272
49,eval_mcc,0.0785
49,eval_pf,0.4347
49,eval_precision,0.1606
49,eval_recall,0.5503
49,eval_time,0.0
50,eval_acc,0.5828
50,eval_auc,0.5715
50,eval_brier,0.4172
50,eval_f1,0.2593
50,eval_loss,0.412
50,eval_mcc,0.0975
50,eval_pf,0.4132
50,eval_precision,0.1691
50,eval_recall,0.5562
50,eval_time,0.0
51,eval_acc,0.5423
51,eval_auc,0.5658
51,eval_brier,0.4577
51,eval_f1,0.2554
51,eval_loss,0.438
51,eval_mcc,0.089
51,eval_pf,0.466
51,eval_precision,0.1624
51,eval_recall,0.5976
51,eval_time,0.0
52,eval_acc,0.5828
52,eval_auc,0.5589
52,eval_brier,0.4172
52,eval_f1,0.249
52,eval_loss,0.4039
52,eval_mcc,0.0805
52,eval_pf,0.4088
52,eval_precision,0.163
52,eval_recall,0.5266
52,eval_time,0.0
53,eval_acc,0.5828
53,eval_auc,0.564
53,eval_brier,0.4172
53,eval_f1,0.2531
53,eval_loss,0.4068
53,eval_mcc,0.0873
53,eval_pf,0.4106
53,eval_precision,0.1655
53,eval_recall,0.5385
53,eval_time,0.0
54,eval_acc,0.5688
54,eval_auc,0.581
54,eval_brier,0.4312
54,eval_f1,0.2668
54,eval_loss,0.4195
54,eval_mcc,0.1099
54,eval_pf,0.4356
54,eval_precision,0.1718
54,eval_recall,0.5976
54,eval_time,0.0
54,___best___,___best___
55,eval_acc,0.5804
55,eval_auc,0.5626
55,eval_brier,0.4196
55,eval_f1,0.2521
55,eval_loss,0.414
55,eval_mcc,0.0854
55,eval_pf,0.4132
55,eval_precision,0.1646
55,eval_recall,0.5385
55,eval_time,0.0
56,eval_acc,0.5695
56,eval_auc,0.5714
56,eval_brier,0.4305
56,eval_f1,0.2594
56,eval_loss,0.4246
56,eval_mcc,0.097
56,eval_pf,0.4311
56,eval_precision,0.1675
56,eval_recall,0.574
56,eval_time,0.0
57,eval_acc,0.6177
57,eval_auc,0.574
57,eval_brier,0.3823
57,eval_f1,0.2613
57,eval_loss,0.3917
57,eval_mcc,0.1027
57,eval_pf,0.3667
57,eval_precision,0.1751
57,eval_recall,0.5148
57,eval_time,0.0
58,eval_acc,0.5641
58,eval_auc,0.5733
58,eval_brier,0.4359
58,eval_f1,0.2609
58,eval_loss,0.4281
58,eval_mcc,0.0994
58,eval_pf,0.4392
58,eval_precision,0.1678
58,eval_recall,0.5858
58,eval_time,0.0
59,eval_acc,0.5773
59,eval_auc,0.5734
59,eval_brier,0.4227
59,eval_f1,0.2609
59,eval_loss,0.4187
59,eval_mcc,0.0998
59,eval_pf,0.4213
59,eval_precision,0.1693
59,eval_recall,0.568
59,eval_time,0.0
60,eval_acc,0.5921
60,eval_auc,0.5819
60,eval_brier,0.4079
60,eval_f1,0.2678
60,eval_loss,0.4151
60,eval_mcc,0.1119
60,eval_pf,0.4043
60,eval_precision,0.1752
60,eval_recall,0.568
60,eval_time,0.0
60,___best___,___best___
61,eval_acc,0.5641
61,eval_auc,0.5733
61,eval_brier,0.4359
61,eval_f1,0.2609
61,eval_loss,0.428
61,eval_mcc,0.0994
61,eval_pf,0.4392
61,eval_precision,0.1678
61,eval_recall,0.5858
61,eval_time,0.0
62,eval_acc,0.6022
62,eval_auc,0.5701
62,eval_brier,0.3978
62,eval_f1,0.258
62,eval_loss,0.4023
62,eval_mcc,0.0965
62,eval_pf,0.3864
62,eval_precision,0.1708
62,eval_recall,0.5266
62,eval_time,0.0
63,eval_acc,0.5641
63,eval_auc,0.5683
63,eval_brier,0.4359
63,eval_f1,0.257
63,eval_loss,0.4219
63,eval_mcc,0.0926
63,eval_pf,0.4374
63,eval_precision,0.1655
63,eval_recall,0.574
63,eval_time,0.0
64,eval_acc,0.5672
64,eval_auc,0.5726
64,eval_brier,0.4328
64,eval_f1,0.2603
64,eval_loss,0.4233
64,eval_mcc,0.0985
64,eval_pf,0.4347
64,eval_precision,0.1678
64,eval_recall,0.5799
64,eval_time,0.0
65,eval_acc,0.5905
65,eval_auc,0.576
65,eval_brier,0.4095
65,eval_f1,0.2629
65,eval_loss,0.4084
65,eval_mcc,0.1038
65,eval_pf,0.4043
65,eval_precision,0.1722
65,eval_recall,0.5562
65,eval_time,0.0
66,eval_acc,0.5874
66,eval_auc,0.5767
66,eval_brier,0.4126
66,eval_f1,0.2635
66,eval_loss,0.4065
66,eval_mcc,0.1047
66,eval_pf,0.4088
66,eval_precision,0.1721
66,eval_recall,0.5621
66,eval_time,0.0
67,eval_acc,0.6006
67,eval_auc,0.5742
67,eval_brier,0.3994
67,eval_f1,0.2615
67,eval_loss,0.4034
67,eval_mcc,0.102
67,eval_pf,0.39
67,eval_precision,0.1727
67,eval_recall,0.5385
67,eval_time,0.0
68,eval_acc,0.5998
68,eval_auc,0.5788
68,eval_brier,0.4002
68,eval_f1,0.2653
68,eval_loss,0.401
68,eval_mcc,0.1081
68,eval_pf,0.3927
68,eval_precision,0.1748
68,eval_recall,0.5503
68,eval_time,0.0
69,eval_acc,0.5952
69,eval_auc,0.5761
69,eval_brier,0.4048
69,eval_f1,0.2631
69,eval_loss,0.4016
69,eval_mcc,0.1043
69,eval_pf,0.398
69,eval_precision,0.1729
69,eval_recall,0.5503
69,eval_time,0.0
70,eval_acc,0.5882
70,eval_auc,0.5847
70,eval_brier,0.4118
70,eval_f1,0.27
70,eval_loss,0.4153
70,eval_mcc,0.1154
70,eval_pf,0.4106
70,eval_precision,0.1759
70,eval_recall,0.5799
70,eval_time,0.0
70,___best___,___best___
71,eval_acc,0.6099
71,eval_auc,0.5721
71,eval_brier,0.3901
71,eval_f1,0.2596
71,eval_loss,0.3923
71,eval_mcc,0.0996
71,eval_pf,0.3766
71,eval_precision,0.1729
71,eval_recall,0.5207
71,eval_time,0.0
72,eval_acc,0.6045
72,eval_auc,0.5715
72,eval_brier,0.3955
72,eval_f1,0.2591
72,eval_loss,0.3962
72,eval_mcc,0.0984
72,eval_pf,0.3837
72,eval_precision,0.1718
72,eval_recall,0.5266
72,eval_time,0.0
73,eval_acc,0.5998
73,eval_auc,0.5838
73,eval_brier,0.4002
73,eval_f1,0.2695
73,eval_loss,0.3986
73,eval_mcc,0.1149
73,eval_pf,0.3945
73,eval_precision,0.1772
73,eval_recall,0.5621
73,eval_time,0.0
74,eval_acc,0.5796
74,eval_auc,0.5747
74,eval_brier,0.4204
74,eval_f1,0.2619
74,eval_loss,0.411
74,eval_mcc,0.1017
74,eval_pf,0.4186
74,eval_precision,0.1702
74,eval_recall,0.568
74,eval_time,0.0
75,eval_acc,0.5866
75,eval_auc,0.5838
75,eval_brier,0.4134
75,eval_f1,0.2692
75,eval_loss,0.4084
75,eval_mcc,0.1142
75,eval_pf,0.4123
75,eval_precision,0.1753
75,eval_recall,0.5799
75,eval_time,0.0
76,eval_acc,0.6162
76,eval_auc,0.5882
76,eval_brier,0.3838
76,eval_f1,0.2735
76,eval_loss,0.389
76,eval_mcc,0.1218
76,eval_pf,0.3739
76,eval_precision,0.182
76,eval_recall,0.5503
76,eval_time,0.0
76,___best___,___best___
77,eval_acc,0.6123
77,eval_auc,0.5885
77,eval_brier,0.3877
77,eval_f1,0.2737
77,eval_loss,0.3924
77,eval_mcc,0.1219
77,eval_pf,0.3792
77,eval_precision,0.1815
77,eval_recall,0.5562
77,eval_time,0.0
77,___best___,___best___
78,eval_acc,0.5967
78,eval_auc,0.5896
78,eval_brier,0.4033
78,eval_f1,0.2741
78,eval_loss,0.4017
78,eval_mcc,0.1224
78,eval_pf,0.4007
78,eval_precision,0.1795
78,eval_recall,0.5799
78,eval_time,0.0
78,___best___,___best___
79,eval_acc,0.5952
79,eval_auc,0.5912
79,eval_brier,0.4048
79,eval_f1,0.2754
79,eval_loss,0.4063
79,eval_mcc,0.1245
79,eval_pf,0.4034
79,eval_precision,0.18
79,eval_recall,0.5858
79,eval_time,0.0
79,___best___,___best___
80,eval_acc,0.589
80,eval_auc,0.5876
80,eval_brier,0.411
80,eval_f1,0.2724
80,eval_loss,0.4033
80,eval_mcc,0.1194
80,eval_pf,0.4106
80,eval_precision,0.1774
80,eval_recall,0.5858
80,eval_time,0.0
81,eval_acc,0.5991
81,eval_auc,0.5834
81,eval_brier,0.4009
81,eval_f1,0.2691
81,eval_loss,0.3963
81,eval_mcc,0.1142
81,eval_pf,0.3953
81,eval_precision,0.1769
81,eval_recall,0.5621
81,eval_time,0.0
82,eval_acc,0.6037
82,eval_auc,0.5861
82,eval_brier,0.3963
82,eval_f1,0.2714
82,eval_loss,0.3931
82,eval_mcc,0.1181
82,eval_pf,0.39
82,eval_precision,0.1789
82,eval_recall,0.5621
82,eval_time,0.0
83,eval_acc,0.5835
83,eval_auc,0.5845
83,eval_brier,0.4165
83,eval_f1,0.2698
83,eval_loss,0.4129
83,eval_mcc,0.115
83,eval_pf,0.4168
83,eval_precision,0.1752
83,eval_recall,0.5858
83,eval_time,0.0
84,eval_acc,0.5998
84,eval_auc,0.5889
84,eval_brier,0.4002
84,eval_f1,0.2736
84,eval_loss,0.3964
84,eval_mcc,0.1216
84,eval_pf,0.3962
84,eval_precision,0.1796
84,eval_recall,0.574
84,eval_time,0.0
85,eval_acc,0.596
85,eval_auc,0.5916
85,eval_brier,0.404
85,eval_f1,0.2758
85,eval_loss,0.4011
85,eval_mcc,0.1252
85,eval_pf,0.4025
85,eval_precision,0.1803
85,eval_recall,0.5858
85,eval_time,0.0
85,___best___,___best___
86,eval_acc,0.6022
86,eval_auc,0.5927
86,eval_brier,0.3978
86,eval_f1,0.2768
86,eval_loss,0.3946
86,eval_mcc,0.1269
86,eval_pf,0.3945
86,eval_precision,0.1818
86,eval_recall,0.5799
86,eval_time,0.0
86,___best___,___best___
87,eval_acc,0.603
87,eval_auc,0.5881
87,eval_brier,0.397
87,eval_f1,0.2731
87,eval_loss,0.3941
87,eval_mcc,0.1208
87,eval_pf,0.3918
87,eval_precision,0.1798
87,eval_recall,0.568
87,eval_time,0.0
88,eval_acc,0.6107
88,eval_auc,0.5876
88,eval_brier,0.3893
88,eval_f1,0.2729
88,eval_loss,0.3873
88,eval_mcc,0.1206
88,eval_pf,0.381
88,eval_precision,0.1808
88,eval_recall,0.5562
88,eval_time,0.0
89,eval_acc,0.6053
89,eval_auc,0.5945
89,eval_brier,0.3947
89,eval_f1,0.2784
89,eval_loss,0.3958
89,eval_mcc,0.1295
89,eval_pf,0.3909
89,eval_precision,0.1832
89,eval_recall,0.5799
89,eval_time,0.0
89,___best___,___best___
90,eval_acc,0.6084
90,eval_auc,0.5913
90,eval_brier,0.3916
90,eval_f1,0.2759
90,eval_loss,0.3915
90,eval_mcc,0.1254
90,eval_pf,0.3855
90,eval_precision,0.1822
90,eval_recall,0.568
90,eval_time,0.0
91,eval_acc,0.603
91,eval_auc,0.5957
91,eval_brier,0.397
91,eval_f1,0.2793
91,eval_loss,0.3966
91,eval_mcc,0.131
91,eval_pf,0.3945
91,eval_precision,0.1833
91,eval_recall,0.5858
91,eval_time,0.0
91,___best___,___best___
92,eval_acc,0.6053
92,eval_auc,0.5945
92,eval_brier,0.3947
92,eval_f1,0.2784
92,eval_loss,0.3948
92,eval_mcc,0.1295
92,eval_pf,0.3909
92,eval_precision,0.1832
92,eval_recall,0.5799
92,eval_time,0.0
93,eval_acc,0.6061
93,eval_auc,0.5924
93,eval_brier,0.3939
93,eval_f1,0.2767
93,eval_loss,0.3915
93,eval_mcc,0.1268
93,eval_pf,0.3891
93,eval_precision,0.1823
93,eval_recall,0.574
93,eval_time,0.0
94,eval_acc,0.6131
94,eval_auc,0.594
94,eval_brier,0.3869
94,eval_f1,0.2783
94,eval_loss,0.39
94,eval_mcc,0.1293
94,eval_pf,0.3801
94,eval_precision,0.1843
94,eval_recall,0.568
94,eval_time,0.0
95,eval_acc,0.6022
95,eval_auc,0.5927
95,eval_brier,0.3978
95,eval_f1,0.2768
95,eval_loss,0.3976
95,eval_mcc,0.1269
95,eval_pf,0.3945
95,eval_precision,0.1818
95,eval_recall,0.5799
95,eval_time,0.0
96,eval_acc,0.6061
96,eval_auc,0.5949
96,eval_brier,0.3939
96,eval_f1,0.2788
96,eval_loss,0.3933
96,eval_mcc,0.1302
96,eval_pf,0.39
96,eval_precision,0.1835
96,eval_recall,0.5799
96,eval_time,0.0
97,eval_acc,0.6045
97,eval_auc,0.5915
97,eval_brier,0.3955
97,eval_f1,0.276
97,eval_loss,0.3925
97,eval_mcc,0.1255
97,eval_pf,0.3909
97,eval_precision,0.1816
97,eval_recall,0.574
97,eval_time,0.0
98,eval_acc,0.6061
98,eval_auc,0.5924
98,eval_brier,0.3939
98,eval_f1,0.2767
98,eval_loss,0.3924
98,eval_mcc,0.1268
98,eval_pf,0.3891
98,eval_precision,0.1823
98,eval_recall,0.574
98,eval_time,0.0
99,eval_acc,0.6068
99,eval_auc,0.5929
99,eval_brier,0.3932
99,eval_f1,0.2771
99,eval_loss,0.3932
99,eval_mcc,0.1274
99,eval_pf,0.3882
99,eval_precision,0.1827
99,eval_recall,0.574
99,eval_time,0.0
