Epoch,Metrics,Score
0,eval_acc,0.7778
0,eval_auc,0.8272
0,eval_brier,0.2222
0,eval_f1,0.5342
0,eval_loss,0.9979
0,eval_mcc,0.4842
0,eval_pf,0.2418
0,eval_precision,0.3805
0,eval_recall,0.8962
0,eval_time,69.0
0,___inline___,___inline___
1,eval_acc,0.8757
1,eval_auc,0.8706
1,eval_brier,0.1243
1,eval_f1,0.6639
1,eval_loss,0.6251
1,eval_mcc,0.6173
1,eval_pf,0.1223
1,eval_precision,0.5392
1,eval_recall,0.8634
1,eval_time,68.0
1,___inline___,___inline___
2,eval_acc,0.9277
2,eval_auc,0.8713
2,eval_brier,0.0723
2,eval_f1,0.7572
2,eval_loss,0.3322
2,eval_mcc,0.7158
2,eval_pf,0.0498
2,eval_precision,0.725
2,eval_recall,0.7923
2,eval_time,69.0
2,___inline___,___inline___
3,eval_acc,0.8936
3,eval_auc,0.8832
3,eval_brier,0.1064
3,eval_f1,0.6989
3,eval_loss,0.6009
3,eval_mcc,0.6557
3,eval_pf,0.1024
3,eval_precision,0.5846
3,eval_recall,0.8689
3,eval_time,69.0
4,eval_acc,0.9044
4,eval_auc,0.8919
4,eval_brier,0.0956
4,eval_f1,0.7223
4,eval_loss,0.5791
4,eval_mcc,0.6817
4,eval_pf,0.0906
4,eval_precision,0.6154
4,eval_recall,0.8743
4,eval_time,69.0
5,eval_acc,0.8819
5,eval_auc,0.8765
5,eval_brier,0.1181
5,eval_f1,0.6766
5,eval_loss,0.6969
5,eval_mcc,0.6317
5,eval_pf,0.1159
5,eval_precision,0.554
5,eval_recall,0.8689
5,eval_time,69.0
6,eval_acc,0.8329
6,eval_auc,0.8639
6,eval_brier,0.1671
6,eval_f1,0.6069
6,eval_loss,1.057
6,eval_mcc,0.5643
6,eval_pf,0.1793
6,eval_precision,0.456
6,eval_recall,0.9071
6,eval_time,69.0
7,eval_acc,0.9044
7,eval_auc,0.8873
7,eval_brier,0.0956
7,eval_f1,0.7198
7,eval_loss,0.6246
7,eval_mcc,0.6777
7,eval_pf,0.0888
7,eval_precision,0.6172
7,eval_recall,0.8634
7,eval_time,69.0
8,eval_acc,0.8345
8,eval_auc,0.8602
8,eval_brier,0.1655
8,eval_f1,0.6063
8,eval_loss,1.0875
8,eval_mcc,0.5615
8,eval_pf,0.1757
8,eval_precision,0.4581
8,eval_recall,0.8962
8,eval_time,69.0
9,eval_acc,0.85
9,eval_auc,0.867
9,eval_brier,0.15
9,eval_f1,0.6281
9,eval_loss,0.9736
9,eval_mcc,0.5836
9,eval_pf,0.1567
9,eval_precision,0.4851
9,eval_recall,0.8907
9,eval_time,68.0
