Epoch,Metrics,Score
0,eval_acc,0.8935
0,eval_auc,0.913
0,eval_brier,0.1065
0,eval_f1,0.599
0,eval_loss,0.3644
0,eval_mcc,0.5986
0,eval_pf,0.1105
0,eval_precision,0.4403
0,eval_recall,0.9365
0,eval_time,42.0
0,___inline___,___inline___
1,eval_acc,0.9313
1,eval_auc,0.9408
1,eval_brier,0.0687
1,eval_f1,0.7018
1,eval_loss,0.2481
1,eval_mcc,0.6969
1,eval_pf,0.0707
1,eval_precision,0.5556
1,eval_recall,0.9524
1,eval_time,42.0
1,___inline___,___inline___
2,eval_acc,0.9016
2,eval_auc,0.9174
2,eval_brier,0.0984
2,eval_f1,0.6178
2,eval_loss,0.4148
2,eval_mcc,0.6159
2,eval_pf,0.1016
2,eval_precision,0.4609
2,eval_recall,0.9365
2,eval_time,42.0
3,eval_acc,0.8962
3,eval_auc,0.9145
3,eval_brier,0.1038
3,eval_f1,0.6051
3,eval_loss,0.443
3,eval_mcc,0.6042
3,eval_pf,0.1075
3,eval_precision,0.447
3,eval_recall,0.9365
3,eval_time,42.0
4,eval_acc,0.8706
4,eval_auc,0.9005
4,eval_brier,0.1294
4,eval_f1,0.5514
4,eval_loss,0.7682
4,eval_mcc,0.5546
4,eval_pf,0.1355
4,eval_precision,0.3907
4,eval_recall,0.9365
4,eval_time,42.0
5,eval_acc,0.8518
5,eval_auc,0.8902
5,eval_brier,0.1482
5,eval_f1,0.5175
5,eval_loss,0.965
5,eval_mcc,0.5231
5,eval_pf,0.1561
5,eval_precision,0.3576
5,eval_recall,0.9365
5,eval_time,42.0
6,eval_acc,0.8693
6,eval_auc,0.8998
6,eval_brier,0.1307
6,eval_f1,0.5488
6,eval_loss,0.8991
6,eval_mcc,0.5522
6,eval_pf,0.137
6,eval_precision,0.3882
6,eval_recall,0.9365
6,eval_time,42.0
7,eval_acc,0.8396
7,eval_auc,0.8836
7,eval_brier,0.1604
7,eval_f1,0.4979
7,eval_loss,1.1886
7,eval_mcc,0.5047
7,eval_pf,0.1694
7,eval_precision,0.3391
7,eval_recall,0.9365
7,eval_time,42.0
8,eval_acc,0.8113
8,eval_auc,0.8681
8,eval_brier,0.1887
8,eval_f1,0.4574
8,eval_loss,1.4018
8,eval_mcc,0.4662
8,eval_pf,0.2003
8,eval_precision,0.3026
8,eval_recall,0.9365
8,eval_time,42.0
9,eval_acc,0.8235
9,eval_auc,0.8747
9,eval_brier,0.1765
9,eval_f1,0.4739
9,eval_loss,1.3206
9,eval_mcc,0.482
9,eval_pf,0.187
9,eval_precision,0.3172
9,eval_recall,0.9365
9,eval_time,42.0
