Epoch,Metrics,Score
0,eval_acc,0.9286
0,eval_auc,0.9106
0,eval_brier,0.0714
0,eval_f1,0.6788
0,eval_loss,0.2177
0,eval_mcc,0.6647
0,eval_pf,0.0677
0,eval_precision,0.549
0,eval_recall,0.8889
0,eval_time,42.0
0,___best___,___best___
1,eval_acc,0.9299
1,eval_auc,0.8969
1,eval_brier,0.0701
1,eval_f1,0.675
1,eval_loss,0.2116
1,eval_mcc,0.6564
1,eval_pf,0.0633
1,eval_precision,0.5567
1,eval_recall,0.8571
1,eval_time,42.0
2,eval_acc,0.969
2,eval_auc,0.8823
2,eval_brier,0.031
2,eval_f1,0.8099
2,eval_loss,0.1328
2,eval_mcc,0.7939
2,eval_pf,0.0133
2,eval_precision,0.8448
2,eval_recall,0.7778
2,eval_time,42.0
2,___best___,___best___
3,eval_acc,0.9623
3,eval_auc,0.9002
3,eval_brier,0.0377
3,eval_f1,0.7879
3,eval_loss,0.1363
3,eval_mcc,0.7682
3,eval_pf,0.025
3,eval_precision,0.7536
3,eval_recall,0.8254
3,eval_time,42.0
4,eval_acc,0.9582
4,eval_auc,0.9124
4,eval_brier,0.0418
4,eval_f1,0.777
4,eval_loss,0.1506
4,eval_mcc,0.7582
4,eval_pf,0.0324
4,eval_precision,0.7105
4,eval_recall,0.8571
4,eval_time,42.0
5,eval_acc,0.9205
5,eval_auc,0.899
5,eval_brier,0.0795
5,eval_f1,0.6509
5,eval_loss,0.2782
5,eval_mcc,0.6356
5,eval_pf,0.0751
5,eval_precision,0.5189
5,eval_recall,0.873
5,eval_time,42.0
6,eval_acc,0.9474
6,eval_auc,0.9065
6,eval_brier,0.0526
6,eval_f1,0.7347
6,eval_loss,0.1868
6,eval_mcc,0.7152
6,eval_pf,0.0442
6,eval_precision,0.6429
6,eval_recall,0.8571
6,eval_time,42.0
7,eval_acc,0.9542
7,eval_auc,0.903
7,eval_brier,0.0458
7,eval_f1,0.7571
7,eval_loss,0.1922
7,eval_mcc,0.7366
7,eval_pf,0.0353
7,eval_precision,0.6883
7,eval_recall,0.8413
7,eval_time,42.0
8,eval_acc,0.9407
8,eval_auc,0.9028
8,eval_brier,0.0593
8,eval_f1,0.7105
8,eval_loss,0.2227
8,eval_mcc,0.6911
8,eval_pf,0.0515
8,eval_precision,0.6067
8,eval_recall,0.8571
8,eval_time,42.0
9,eval_acc,0.9394
9,eval_auc,0.8949
9,eval_brier,0.0606
9,eval_f1,0.702
9,eval_loss,0.2244
9,eval_mcc,0.6808
9,eval_pf,0.0515
9,eval_precision,0.6023
9,eval_recall,0.8413
9,eval_time,42.0
