Epoch,Metrics,Score
0,eval_acc,0.8989
0,eval_auc,0.9088
0,eval_brier,0.1011
0,eval_f1,0.6073
0,eval_loss,0.4289
0,eval_mcc,0.6032
0,eval_pf,0.1031
0,eval_precision,0.4531
0,eval_recall,0.9206
0,eval_time,41.0
0,___inline___,___inline___
1,eval_acc,0.9865
1,eval_auc,0.935
1,eval_brier,0.0135
1,eval_f1,0.9167
1,eval_loss,0.0678
1,eval_mcc,0.9107
1,eval_pf,0.0029
1,eval_precision,0.9649
1,eval_recall,0.873
1,eval_time,41.0
1,___best___,___best___
2,eval_acc,0.9677
2,eval_auc,0.9463
2,eval_brier,0.0323
2,eval_f1,0.8286
2,eval_loss,0.1527
2,eval_mcc,0.8159
2,eval_pf,0.028
2,eval_precision,0.7532
2,eval_recall,0.9206
2,eval_time,41.0
3,eval_acc,0.9798
3,eval_auc,0.9314
3,eval_brier,0.0202
3,eval_f1,0.88
3,eval_loss,0.0956
3,eval_mcc,0.869
3,eval_pf,0.0103
3,eval_precision,0.8871
3,eval_recall,0.873
3,eval_time,41.0
4,eval_acc,0.8949
4,eval_auc,0.9282
4,eval_brier,0.1051
4,eval_f1,0.61
4,eval_loss,0.5503
4,eval_mcc,0.6152
4,eval_pf,0.1119
4,eval_precision,0.4453
4,eval_recall,0.9683
4,eval_time,41.0
5,eval_acc,0.9515
5,eval_auc,0.9519
5,eval_brier,0.0485
5,eval_f1,0.7692
5,eval_loss,0.2708
5,eval_mcc,0.7609
5,eval_pf,0.0486
5,eval_precision,0.6452
5,eval_recall,0.9524
5,eval_time,41.0
6,eval_acc,0.9488
6,eval_auc,0.9504
6,eval_brier,0.0512
6,eval_f1,0.7595
6,eval_loss,0.2955
6,eval_mcc,0.7515
6,eval_pf,0.0515
6,eval_precision,0.6316
6,eval_recall,0.9524
6,eval_time,41.0
7,eval_acc,0.9501
7,eval_auc,0.9368
7,eval_brier,0.0499
7,eval_f1,0.7582
7,eval_loss,0.259
7,eval_mcc,0.7458
7,eval_pf,0.0471
7,eval_precision,0.6444
7,eval_recall,0.9206
7,eval_time,41.0
8,eval_acc,0.9528
8,eval_auc,0.9382
8,eval_brier,0.0472
8,eval_f1,0.7682
8,eval_loss,0.2527
8,eval_mcc,0.7556
8,eval_pf,0.0442
8,eval_precision,0.6591
8,eval_recall,0.9206
8,eval_time,41.0
9,eval_acc,0.9596
9,eval_auc,0.9419
9,eval_brier,0.0404
9,eval_f1,0.7945
9,eval_loss,0.2417
9,eval_mcc,0.7816
9,eval_pf,0.0368
9,eval_precision,0.6988
9,eval_recall,0.9206
9,eval_time,41.0
