Epoch,Metrics,Score
0,eval_acc,0.7049
0,eval_auc,0.8099
0,eval_brier,0.2951
0,eval_f1,0.3501
0,eval_loss,0.6154
0,eval_mcc,0.358
0,eval_pf,0.3166
0,eval_precision,0.2153
0,eval_recall,0.9365
0,eval_time,42.0
0,___best___,___best___
1,eval_acc,0.5836
1,eval_auc,0.7509
1,eval_brier,0.4164
1,eval_f1,0.2797
1,eval_loss,1.1139
1,eval_mcc,0.2797
1,eval_pf,0.4507
1,eval_precision,0.1639
1,eval_recall,0.9524
1,eval_time,42.0
2,eval_acc,0.6442
2,eval_auc,0.784
2,eval_brier,0.3558
2,eval_f1,0.3125
2,eval_loss,1.5419
2,eval_mcc,0.3196
2,eval_pf,0.3844
2,eval_precision,0.1869
2,eval_recall,0.9524
2,eval_time,42.0
3,eval_acc,0.7116
3,eval_auc,0.8208
3,eval_brier,0.2884
3,eval_f1,0.3593
3,eval_loss,1.5421
3,eval_mcc,0.3714
3,eval_pf,0.3108
3,eval_precision,0.2214
3,eval_recall,0.9524
3,eval_time,42.0
3,___best___,___best___
4,eval_acc,0.6658
4,eval_auc,0.7958
4,eval_brier,0.3342
4,eval_f1,0.3261
4,eval_loss,1.9122
4,eval_mcc,0.3351
4,eval_pf,0.3608
4,eval_precision,0.1967
4,eval_recall,0.9524
4,eval_time,42.0
5,eval_acc,0.717
5,eval_auc,0.8238
5,eval_brier,0.283
5,eval_f1,0.3636
5,eval_loss,1.6855
5,eval_mcc,0.3761
5,eval_pf,0.3049
5,eval_precision,0.2247
5,eval_recall,0.9524
5,eval_time,42.0
5,___best___,___best___
6,eval_acc,0.7264
6,eval_auc,0.8289
6,eval_brier,0.2736
6,eval_f1,0.3715
6,eval_loss,1.6834
6,eval_mcc,0.3843
6,eval_pf,0.2946
6,eval_precision,0.2308
6,eval_recall,0.9524
6,eval_time,42.0
6,___best___,___best___
7,eval_acc,0.6146
7,eval_auc,0.7678
7,eval_brier,0.3854
7,eval_f1,0.2956
7,eval_loss,2.4646
7,eval_mcc,0.2994
7,eval_pf,0.4168
7,eval_precision,0.1749
7,eval_recall,0.9524
7,eval_time,42.0
8,eval_acc,0.6604
8,eval_auc,0.7928
8,eval_brier,0.3396
8,eval_f1,0.3226
8,eval_loss,2.1517
8,eval_mcc,0.3312
8,eval_pf,0.3667
8,eval_precision,0.1942
8,eval_recall,0.9524
8,eval_time,42.0
9,eval_acc,0.6011
9,eval_auc,0.7604
9,eval_brier,0.3989
9,eval_f1,0.2885
9,eval_loss,2.6
9,eval_mcc,0.2907
9,eval_pf,0.4315
9,eval_precision,0.17
9,eval_recall,0.9524
9,eval_time,42.0
