Epoch,Metrics,Score
0,eval_acc,0.8002
0,eval_auc,0.7822
0,eval_brier,0.1998
0,eval_f1,0.4706
0,eval_loss,0.4411
0,eval_mcc,0.4134
0,eval_pf,0.1943
0,eval_precision,0.3411
0,eval_recall,0.7586
0,eval_time,52.0
0,___best___,___best___
1,eval_acc,0.9374
1,eval_auc,0.901
1,eval_brier,0.0626
1,eval_f1,0.7615
1,eval_loss,0.2391
1,eval_mcc,0.7316
1,eval_pf,0.0514
1,eval_precision,0.6875
1,eval_recall,0.8534
1,eval_time,52.0
1,___best___,___best___
2,eval_acc,0.9132
2,eval_auc,0.8948
2,eval_brier,0.0868
2,eval_f1,0.7014
2,eval_loss,0.2724
2,eval_mcc,0.6702
2,eval_pf,0.0811
2,eval_precision,0.5872
2,eval_recall,0.8707
2,eval_time,52.0
3,eval_acc,0.8517
3,eval_auc,0.8749
3,eval_brier,0.1483
3,eval_f1,0.5882
3,eval_loss,0.4758
3,eval_mcc,0.5618
3,eval_pf,0.1554
3,eval_precision,0.4357
3,eval_recall,0.9052
3,eval_time,52.0
4,eval_acc,0.9284
4,eval_auc,0.8884
4,eval_brier,0.0716
4,eval_f1,0.7321
4,eval_loss,0.3675
4,eval_mcc,0.6987
4,eval_pf,0.0594
4,eval_precision,0.651
4,eval_recall,0.8362
4,eval_time,52.0
5,eval_acc,0.8163
5,eval_auc,0.8698
5,eval_brier,0.1837
5,eval_f1,0.545
5,eval_loss,0.9408
5,eval_mcc,0.5259
5,eval_pf,0.2
5,eval_precision,0.3838
5,eval_recall,0.9397
5,eval_time,52.0
6,eval_acc,0.8607
6,eval_auc,0.8688
6,eval_brier,0.1393
6,eval_f1,0.5965
6,eval_loss,0.7181
6,eval_mcc,0.5652
6,eval_pf,0.1417
6,eval_precision,0.4513
6,eval_recall,0.8793
6,eval_time,52.0
7,eval_acc,0.887
7,eval_auc,0.8911
7,eval_brier,0.113
7,eval_f1,0.65
7,eval_loss,0.7004
7,eval_mcc,0.622
7,eval_pf,0.1143
7,eval_precision,0.5098
7,eval_recall,0.8966
7,eval_time,52.0
8,eval_acc,0.9102
8,eval_auc,0.8893
8,eval_brier,0.0898
8,eval_f1,0.692
8,eval_loss,0.5572
8,eval_mcc,0.6594
8,eval_pf,0.0834
8,eval_precision,0.578
8,eval_recall,0.8621
8,eval_time,52.0
9,eval_acc,0.891
9,eval_auc,0.8934
9,eval_brier,0.109
9,eval_f1,0.6582
9,eval_loss,0.726
9,eval_mcc,0.6303
9,eval_pf,0.1097
9,eval_precision,0.52
9,eval_recall,0.8966
9,eval_time,52.0
