Epoch,Metrics,Score
0,eval_acc,0.8396
0,eval_auc,0.8466
0,eval_brier,0.1604
0,eval_f1,0.7463
0,eval_loss,0.458
0,eval_mcc,0.6444
0,eval_pf,0.1688
0,eval_precision,0.6579
0,eval_recall,0.8621
0,eval_time,7.0
0,___best___,___best___
1,eval_acc,0.8962
1,eval_auc,0.8963
1,eval_brier,0.1038
1,eval_f1,0.8254
1,eval_loss,0.3058
1,eval_mcc,0.757
1,eval_pf,0.1039
1,eval_precision,0.7647
1,eval_recall,0.8966
1,eval_time,7.0
1,___best___,___best___
2,eval_acc,0.8302
2,eval_auc,0.8509
2,eval_brier,0.1698
2,eval_f1,0.7429
2,eval_loss,0.6699
2,eval_mcc,0.6424
2,eval_pf,0.1948
2,eval_precision,0.6341
2,eval_recall,0.8966
2,eval_time,7.0
3,eval_acc,0.9057
3,eval_auc,0.8921
3,eval_brier,0.0943
3,eval_f1,0.8333
3,eval_loss,0.3496
3,eval_mcc,0.7685
3,eval_pf,0.0779
3,eval_precision,0.8065
3,eval_recall,0.8621
3,eval_time,7.0
3,___best___,___best___
4,eval_acc,0.8962
4,eval_auc,0.8963
4,eval_brier,0.1038
4,eval_f1,0.8254
4,eval_loss,0.4758
4,eval_mcc,0.757
4,eval_pf,0.1039
4,eval_precision,0.7647
4,eval_recall,0.8966
4,eval_time,7.0
5,eval_acc,0.8962
5,eval_auc,0.8963
5,eval_brier,0.1038
5,eval_f1,0.8254
5,eval_loss,0.5028
5,eval_mcc,0.757
5,eval_pf,0.1039
5,eval_precision,0.7647
5,eval_recall,0.8966
5,eval_time,7.0
6,eval_acc,0.9057
6,eval_auc,0.8921
6,eval_brier,0.0943
6,eval_f1,0.8333
6,eval_loss,0.4561
6,eval_mcc,0.7685
6,eval_pf,0.0779
6,eval_precision,0.8065
6,eval_recall,0.8621
6,eval_time,7.0
7,eval_acc,0.9057
7,eval_auc,0.9028
7,eval_brier,0.0943
7,eval_f1,0.8387
7,eval_loss,0.5382
7,eval_mcc,0.7757
7,eval_pf,0.0909
7,eval_precision,0.7879
7,eval_recall,0.8966
7,eval_time,7.0
7,___best___,___best___
8,eval_acc,0.9057
8,eval_auc,0.9028
8,eval_brier,0.0943
8,eval_f1,0.8387
8,eval_loss,0.5198
8,eval_mcc,0.7757
8,eval_pf,0.0909
8,eval_precision,0.7879
8,eval_recall,0.8966
8,eval_time,7.0
9,eval_acc,0.9057
9,eval_auc,0.9028
9,eval_brier,0.0943
9,eval_f1,0.8387
9,eval_loss,0.5276
9,eval_mcc,0.7757
9,eval_pf,0.0909
9,eval_precision,0.7879
9,eval_recall,0.8966
9,eval_time,7.0
