Epoch,Metrics,Score
0,eval_acc,0.8019
0,eval_auc,0.8314
0,eval_brier,0.1981
0,eval_f1,0.7123
0,eval_loss,0.4254
0,eval_mcc,0.5996
0,eval_pf,0.2338
0,eval_precision,0.5909
0,eval_recall,0.8966
0,eval_time,7.0
0,___inline___,___inline___
1,eval_acc,0.8962
1,eval_auc,0.8748
1,eval_brier,0.1038
1,eval_f1,0.8136
1,eval_loss,0.3194
1,eval_mcc,0.7419
1,eval_pf,0.0779
1,eval_precision,0.8
1,eval_recall,0.8276
1,eval_time,7.0
1,___inline___,___inline___
2,eval_acc,0.7642
2,eval_auc,0.7947
2,eval_brier,0.2358
2,eval_f1,0.6667
2,eval_loss,1.0839
2,eval_mcc,0.5301
2,eval_pf,0.2727
2,eval_precision,0.5435
2,eval_recall,0.8621
2,eval_time,8.0
3,eval_acc,0.7925
3,eval_auc,0.8249
3,eval_brier,0.2075
3,eval_f1,0.7027
3,eval_loss,0.9475
3,eval_mcc,0.5861
3,eval_pf,0.2468
3,eval_precision,0.5778
3,eval_recall,0.8966
3,eval_time,7.0
4,eval_acc,0.8302
4,eval_auc,0.8401
4,eval_brier,0.1698
4,eval_f1,0.7353
4,eval_loss,0.8982
4,eval_mcc,0.6288
4,eval_pf,0.1818
4,eval_precision,0.641
4,eval_recall,0.8621
4,eval_time,7.0
5,eval_acc,0.8019
5,eval_auc,0.8206
5,eval_brier,0.1981
5,eval_f1,0.7042
5,eval_loss,1.1355
5,eval_mcc,0.5845
5,eval_pf,0.2208
5,eval_precision,0.5952
5,eval_recall,0.8621
5,eval_time,8.0
6,eval_acc,0.8113
6,eval_auc,0.8271
6,eval_brier,0.1887
6,eval_f1,0.7143
6,eval_loss,1.3005
6,eval_mcc,0.5989
6,eval_pf,0.2078
6,eval_precision,0.6098
6,eval_recall,0.8621
6,eval_time,7.0
7,eval_acc,0.8019
7,eval_auc,0.8099
7,eval_brier,0.1981
7,eval_f1,0.6957
7,eval_loss,1.3695
7,eval_mcc,0.57
7,eval_pf,0.2078
7,eval_precision,0.6
7,eval_recall,0.8276
7,eval_time,7.0
8,eval_acc,0.8113
8,eval_auc,0.8271
8,eval_brier,0.1887
8,eval_f1,0.7143
8,eval_loss,1.361
8,eval_mcc,0.5989
8,eval_pf,0.2078
8,eval_precision,0.6098
8,eval_recall,0.8621
8,eval_time,7.0
9,eval_acc,0.8019
9,eval_auc,0.8206
9,eval_brier,0.1981
9,eval_f1,0.7042
9,eval_loss,1.4348
9,eval_mcc,0.5845
9,eval_pf,0.2208
9,eval_precision,0.5952
9,eval_recall,0.8621
9,eval_time,7.0
