Epoch,Metrics,Score
0,eval_acc,0.7264
0,eval_auc,0.7687
0,eval_brier,0.2736
0,eval_f1,0.6329
0,eval_loss,0.7313
0,eval_mcc,0.4799
0,eval_pf,0.3247
0,eval_precision,0.5
0,eval_recall,0.8621
0,eval_time,7.0
0,___inline___,___inline___
1,eval_acc,0.8962
1,eval_auc,0.8318
1,eval_brier,0.1038
1,eval_f1,0.7843
1,eval_loss,0.4354
1,eval_mcc,0.7295
1,eval_pf,0.026
1,eval_precision,0.9091
1,eval_recall,0.6897
1,eval_time,7.0
1,___inline___,___inline___
2,eval_acc,0.8962
2,eval_auc,0.8641
2,eval_brier,0.1038
2,eval_f1,0.807
2,eval_loss,0.3925
2,eval_mcc,0.7363
2,eval_pf,0.0649
2,eval_precision,0.8214
2,eval_recall,0.7931
2,eval_time,7.0
2,___inline___,___inline___
3,eval_acc,0.8962
3,eval_auc,0.8211
3,eval_brier,0.1038
3,eval_f1,0.7755
3,eval_loss,0.3986
3,eval_mcc,0.7317
3,eval_pf,0.013
3,eval_precision,0.95
3,eval_recall,0.6552
3,eval_time,7.0
4,eval_acc,0.8962
4,eval_auc,0.8318
4,eval_brier,0.1038
4,eval_f1,0.7843
4,eval_loss,0.4982
4,eval_mcc,0.7295
4,eval_pf,0.026
4,eval_precision,0.9091
4,eval_recall,0.6897
4,eval_time,8.0
5,eval_acc,0.9057
5,eval_auc,0.8706
5,eval_brier,0.0943
5,eval_f1,0.8214
5,eval_loss,0.44
5,eval_mcc,0.7583
5,eval_pf,0.0519
5,eval_precision,0.8519
5,eval_recall,0.7931
5,eval_time,7.0
5,___inline___,___inline___
6,eval_acc,0.8962
6,eval_auc,0.8533
6,eval_brier,0.1038
6,eval_f1,0.8
6,eval_loss,0.4482
6,eval_mcc,0.7322
6,eval_pf,0.0519
6,eval_precision,0.8462
6,eval_recall,0.7586
6,eval_time,8.0
7,eval_acc,0.9057
7,eval_auc,0.8598
7,eval_brier,0.0943
7,eval_f1,0.8148
7,eval_loss,0.4424
7,eval_mcc,0.7557
7,eval_pf,0.039
7,eval_precision,0.88
7,eval_recall,0.7586
7,eval_time,7.0
8,eval_acc,0.8962
8,eval_auc,0.8641
8,eval_brier,0.1038
8,eval_f1,0.807
8,eval_loss,0.4381
8,eval_mcc,0.7363
8,eval_pf,0.0649
8,eval_precision,0.8214
8,eval_recall,0.7931
8,eval_time,7.0
9,eval_acc,0.8962
9,eval_auc,0.8641
9,eval_brier,0.1038
9,eval_f1,0.807
9,eval_loss,0.4288
9,eval_mcc,0.7363
9,eval_pf,0.0649
9,eval_precision,0.8214
9,eval_recall,0.7931
9,eval_time,7.0
