Epoch,Metrics,Score
0,eval_acc,0.886
0,eval_auc,0.8345
0,eval_brier,0.114
0,eval_f1,0.6117
0,eval_loss,0.2885
0,eval_mcc,0.564
0,eval_pf,0.0983
0,eval_precision,0.5086
0,eval_recall,0.7672
0,eval_time,52.0
0,___inline___,___inline___
1,eval_acc,0.9092
1,eval_auc,0.9074
1,eval_brier,0.0908
1,eval_f1,0.7
1,eval_loss,0.2587
1,eval_mcc,0.6737
1,eval_pf,0.0903
1,eval_precision,0.5707
1,eval_recall,0.9052
1,eval_time,52.0
1,___best___,___best___
2,eval_acc,0.9062
2,eval_auc,0.9057
2,eval_brier,0.0938
2,eval_f1,0.6931
2,eval_loss,0.3742
2,eval_mcc,0.6667
2,eval_pf,0.0937
2,eval_precision,0.5615
2,eval_recall,0.9052
2,eval_time,52.0
3,eval_acc,0.89
3,eval_auc,0.9003
3,eval_brier,0.11
3,eval_f1,0.6604
3,eval_loss,0.563
3,eval_mcc,0.6355
3,eval_pf,0.1131
3,eval_precision,0.5171
3,eval_recall,0.9138
3,eval_time,52.0
4,eval_acc,0.8557
4,eval_auc,0.8884
4,eval_brier,0.1443
4,eval_f1,0.6017
4,eval_loss,0.6564
4,eval_mcc,0.5804
4,eval_pf,0.1543
4,eval_precision,0.4444
4,eval_recall,0.931
4,eval_time,52.0
5,eval_acc,0.8718
5,eval_auc,0.8975
5,eval_brier,0.1282
5,eval_f1,0.6297
5,eval_loss,0.6806
5,eval_mcc,0.6082
5,eval_pf,0.136
5,eval_precision,0.4758
5,eval_recall,0.931
5,eval_time,52.0
6,eval_acc,0.8799
6,eval_auc,0.9021
6,eval_brier,0.1201
6,eval_f1,0.6448
6,eval_loss,0.6022
6,eval_mcc,0.6231
6,eval_pf,0.1269
6,eval_precision,0.4932
6,eval_recall,0.931
6,eval_time,52.0
7,eval_acc,0.888
7,eval_auc,0.9104
7,eval_brier,0.112
7,eval_f1,0.6626
7,eval_loss,0.6461
7,eval_mcc,0.6424
7,eval_pf,0.1189
7,eval_precision,0.5117
7,eval_recall,0.9397
7,eval_time,52.0
8,eval_acc,0.8971
8,eval_auc,0.9155
8,eval_brier,0.1029
8,eval_f1,0.6813
8,eval_loss,0.6282
8,eval_mcc,0.6608
8,eval_pf,0.1086
8,eval_precision,0.5343
8,eval_recall,0.9397
8,eval_time,52.0
9,eval_acc,0.8951
9,eval_auc,0.9144
9,eval_brier,0.1049
9,eval_f1,0.677
9,eval_loss,0.6563
9,eval_mcc,0.6566
9,eval_pf,0.1109
9,eval_precision,0.5291
9,eval_recall,0.9397
9,eval_time,52.0
