Epoch,Metrics,Score
0,eval_acc,0.9122
0,eval_auc,0.8119
0,eval_brier,0.0878
0,eval_f1,0.6449
0,eval_loss,0.3421
0,eval_mcc,0.5961
0,eval_pf,0.0571
0,eval_precision,0.6124
0,eval_recall,0.681
0,eval_time,53.0
0,___best___,___best___
1,eval_acc,0.9243
1,eval_auc,0.8001
1,eval_brier,0.0757
1,eval_f1,0.6637
1,eval_loss,0.3123
1,eval_mcc,0.6218
1,eval_pf,0.0377
1,eval_precision,0.6916
1,eval_recall,0.6379
1,eval_time,53.0
1,___best___,___best___
2,eval_acc,0.9314
2,eval_auc,0.8004
2,eval_brier,0.0686
2,eval_f1,0.6822
2,eval_loss,0.294
2,eval_mcc,0.647
2,eval_pf,0.0286
2,eval_precision,0.7449
2,eval_recall,0.6293
2,eval_time,53.0
2,___best___,___best___
3,eval_acc,0.9213
3,eval_auc,0.7909
3,eval_brier,0.0787
3,eval_f1,0.6486
3,eval_loss,0.3594
3,eval_mcc,0.6052
3,eval_pf,0.0389
3,eval_precision,0.6792
3,eval_recall,0.6207
3,eval_time,53.0
4,eval_acc,0.9233
4,eval_auc,0.8033
4,eval_brier,0.0767
4,eval_f1,0.6637
4,eval_loss,0.3316
4,eval_mcc,0.6207
4,eval_pf,0.04
4,eval_precision,0.6818
4,eval_recall,0.6466
4,eval_time,53.0
5,eval_acc,0.9273
5,eval_auc,0.8056
5,eval_brier,0.0727
5,eval_f1,0.6757
5,eval_loss,0.3258
5,eval_mcc,0.6357
5,eval_pf,0.0354
5,eval_precision,0.7075
5,eval_recall,0.6466
5,eval_time,53.0
6,eval_acc,0.9374
6,eval_auc,0.7851
6,eval_brier,0.0626
6,eval_f1,0.6869
6,eval_loss,0.3253
6,eval_mcc,0.6654
6,eval_pf,0.016
6,eval_precision,0.8293
6,eval_recall,0.5862
6,eval_time,53.0
6,___best___,___best___
7,eval_acc,0.9324
7,eval_auc,0.8047
7,eval_brier,0.0676
7,eval_f1,0.6884
7,eval_loss,0.3267
7,eval_mcc,0.6533
7,eval_pf,0.0286
7,eval_precision,0.7475
7,eval_recall,0.6379
7,eval_time,53.0
7,___best___,___best___
8,eval_acc,0.9183
8,eval_auc,0.8042
8,eval_brier,0.0817
8,eval_f1,0.6524
8,eval_loss,0.3696
8,eval_mcc,0.6061
8,eval_pf,0.0469
8,eval_precision,0.6496
8,eval_recall,0.6552
8,eval_time,53.0
9,eval_acc,0.9223
9,eval_auc,0.8064
9,eval_brier,0.0777
9,eval_f1,0.6638
9,eval_loss,0.3614
9,eval_mcc,0.6199
9,eval_pf,0.0423
9,eval_precision,0.6726
9,eval_recall,0.6552
9,eval_time,53.0
