Epoch,Metrics,Score
0,eval_acc,0.9097
0,eval_auc,0.9097
0,eval_brier,0.0903
0,eval_f1,0.9078
0,eval_loss,0.4246
0,eval_mcc,0.8202
0,eval_pf,0.0694
0,eval_precision,0.9275
0,eval_recall,0.8889
0,eval_time,7.0
0,___inline___,___inline___
1,eval_acc,0.9306
1,eval_auc,0.9306
1,eval_brier,0.0694
1,eval_f1,0.9315
1,eval_loss,0.2421
1,eval_mcc,0.8614
1,eval_pf,0.0833
1,eval_precision,0.9189
1,eval_recall,0.9444
1,eval_time,7.0
1,___best___,___best___
2,eval_acc,0.9444
2,eval_auc,0.9444
2,eval_brier,0.0556
2,eval_f1,0.9444
2,eval_loss,0.2417
2,eval_mcc,0.8889
2,eval_pf,0.0556
2,eval_precision,0.9444
2,eval_recall,0.9444
2,eval_time,7.0
2,___best___,___best___
3,eval_acc,0.9167
3,eval_auc,0.9167
3,eval_brier,0.0833
3,eval_f1,0.9211
3,eval_loss,0.3052
3,eval_mcc,0.8385
3,eval_pf,0.1389
3,eval_precision,0.875
3,eval_recall,0.9722
3,eval_time,7.0
4,eval_acc,0.9167
4,eval_auc,0.9167
4,eval_brier,0.0833
4,eval_f1,0.9189
4,eval_loss,0.3113
4,eval_mcc,0.8346
4,eval_pf,0.1111
4,eval_precision,0.8947
4,eval_recall,0.9444
4,eval_time,7.0
5,eval_acc,0.9236
5,eval_auc,0.9236
5,eval_brier,0.0764
5,eval_f1,0.9262
5,eval_loss,0.3928
5,eval_mcc,0.8493
5,eval_pf,0.1111
5,eval_precision,0.8961
5,eval_recall,0.9583
5,eval_time,7.0
6,eval_acc,0.9375
6,eval_auc,0.9375
6,eval_brier,0.0625
6,eval_f1,0.9396
6,eval_loss,0.357
6,eval_mcc,0.8771
6,eval_pf,0.0972
6,eval_precision,0.9091
6,eval_recall,0.9722
6,eval_time,7.0
7,eval_acc,0.9375
7,eval_auc,0.9375
7,eval_brier,0.0625
7,eval_f1,0.9404
7,eval_loss,0.3772
7,eval_mcc,0.8792
7,eval_pf,0.1111
7,eval_precision,0.8987
7,eval_recall,0.9861
7,eval_time,7.0
8,eval_acc,0.9236
8,eval_auc,0.9236
8,eval_brier,0.0764
8,eval_f1,0.9262
8,eval_loss,0.3882
8,eval_mcc,0.8493
8,eval_pf,0.1111
8,eval_precision,0.8961
8,eval_recall,0.9583
8,eval_time,7.0
9,eval_acc,0.9306
9,eval_auc,0.9306
9,eval_brier,0.0694
9,eval_f1,0.9324
9,eval_loss,0.4107
9,eval_mcc,0.8624
9,eval_pf,0.0972
9,eval_precision,0.9079
9,eval_recall,0.9583
9,eval_time,7.0
