Epoch,Metrics,Score
0,eval_acc,0.8542
0,eval_auc,0.8542
0,eval_brier,0.1458
0,eval_f1,0.8645
0,eval_loss,0.4374
0,eval_mcc,0.7167
0,eval_pf,0.2222
0,eval_precision,0.8072
0,eval_recall,0.9306
0,eval_time,7.0
0,___best___,___best___
1,eval_acc,0.8403
1,eval_auc,0.8403
1,eval_brier,0.1597
1,eval_f1,0.8571
1,eval_loss,0.4717
1,eval_mcc,0.7004
1,eval_pf,0.2778
1,eval_precision,0.7753
1,eval_recall,0.9583
1,eval_time,7.0
2,eval_acc,0.8472
2,eval_auc,0.8472
2,eval_brier,0.1528
2,eval_f1,0.8625
2,eval_loss,0.63
2,eval_mcc,0.7123
2,eval_pf,0.2639
2,eval_precision,0.7841
2,eval_recall,0.9583
2,eval_time,7.0
3,eval_acc,0.8542
3,eval_auc,0.8542
3,eval_brier,0.1458
3,eval_f1,0.8627
3,eval_loss,0.7069
3,eval_mcc,0.7139
3,eval_pf,0.2083
3,eval_precision,0.8148
3,eval_recall,0.9167
3,eval_time,7.0
4,eval_acc,0.7986
4,eval_auc,0.7986
4,eval_brier,0.2014
4,eval_f1,0.8304
4,eval_loss,1.1642
4,eval_mcc,0.6442
4,eval_pf,0.3889
4,eval_precision,0.7172
4,eval_recall,0.9861
4,eval_time,7.0
5,eval_acc,0.8264
5,eval_auc,0.8264
5,eval_brier,0.1736
5,eval_f1,0.8408
5,eval_loss,0.8964
5,eval_mcc,0.6637
5,eval_pf,0.2639
5,eval_precision,0.7765
5,eval_recall,0.9167
5,eval_time,7.0
6,eval_acc,0.8611
6,eval_auc,0.8611
6,eval_brier,0.1389
6,eval_f1,0.8684
6,eval_loss,0.7844
6,eval_mcc,0.7267
6,eval_pf,0.1944
6,eval_precision,0.825
6,eval_recall,0.9167
6,eval_time,7.0
6,___best___,___best___
7,eval_acc,0.7986
7,eval_auc,0.7986
7,eval_brier,0.2014
7,eval_f1,0.8284
7,eval_loss,1.1989
7,eval_mcc,0.6368
7,eval_pf,0.375
7,eval_precision,0.7216
7,eval_recall,0.9722
7,eval_time,7.0
8,eval_acc,0.7986
8,eval_auc,0.7986
8,eval_brier,0.2014
8,eval_f1,0.8284
8,eval_loss,1.2163
8,eval_mcc,0.6368
8,eval_pf,0.375
8,eval_precision,0.7216
8,eval_recall,0.9722
8,eval_time,7.0
9,eval_acc,0.7986
9,eval_auc,0.7986
9,eval_brier,0.2014
9,eval_f1,0.8284
9,eval_loss,1.2053
9,eval_mcc,0.6368
9,eval_pf,0.375
9,eval_precision,0.7216
9,eval_recall,0.9722
9,eval_time,7.0
