Epoch,Metrics,Score
0,eval_acc,0.8333
0,eval_auc,0.8333
0,eval_brier,0.1667
0,eval_f1,0.8519
0,eval_loss,0.4222
0,eval_mcc,0.6885
0,eval_pf,0.2917
0,eval_precision,0.7667
0,eval_recall,0.9583
0,eval_time,7.0
0,___best___,___best___
1,eval_acc,0.6875
1,eval_auc,0.6875
1,eval_brier,0.3125
1,eval_f1,0.7594
1,eval_loss,0.8585
1,eval_mcc,0.4675
1,eval_pf,0.6111
1,eval_precision,0.6174
1,eval_recall,0.9861
1,eval_time,7.0
2,eval_acc,0.7222
2,eval_auc,0.7222
2,eval_brier,0.2778
2,eval_f1,0.7826
2,eval_loss,1.1632
2,eval_mcc,0.5345
2,eval_pf,0.5556
2,eval_precision,0.6429
2,eval_recall,1.0
2,eval_time,7.0
3,eval_acc,0.7569
3,eval_auc,0.7569
3,eval_brier,0.2431
3,eval_f1,0.8023
3,eval_loss,1.089
3,eval_mcc,0.5782
3,eval_pf,0.4722
3,eval_precision,0.6762
3,eval_recall,0.9861
3,eval_time,7.0
4,eval_acc,0.6667
4,eval_auc,0.6667
4,eval_brier,0.3333
4,eval_f1,0.75
4,eval_loss,1.6903
4,eval_mcc,0.4472
4,eval_pf,0.6667
4,eval_precision,0.6
4,eval_recall,1.0
4,eval_time,7.0
5,eval_acc,0.7153
5,eval_auc,0.7153
5,eval_brier,0.2847
5,eval_f1,0.7784
5,eval_loss,1.5411
5,eval_mcc,0.5238
5,eval_pf,0.5694
5,eval_precision,0.6372
5,eval_recall,1.0
5,eval_time,7.0
6,eval_acc,0.7222
6,eval_auc,0.7222
6,eval_brier,0.2778
6,eval_f1,0.7826
6,eval_loss,1.6496
6,eval_mcc,0.5345
6,eval_pf,0.5556
6,eval_precision,0.6429
6,eval_recall,1.0
6,eval_time,7.0
7,eval_acc,0.6875
7,eval_auc,0.6875
7,eval_brier,0.3125
7,eval_f1,0.7619
7,eval_loss,1.8146
7,eval_mcc,0.4804
7,eval_pf,0.625
7,eval_precision,0.6154
7,eval_recall,1.0
7,eval_time,7.0
8,eval_acc,0.7222
8,eval_auc,0.7222
8,eval_brier,0.2778
8,eval_f1,0.7826
8,eval_loss,1.7657
8,eval_mcc,0.5345
8,eval_pf,0.5556
8,eval_precision,0.6429
8,eval_recall,1.0
8,eval_time,7.0
9,eval_acc,0.7222
9,eval_auc,0.7222
9,eval_brier,0.2778
9,eval_f1,0.7826
9,eval_loss,1.7451
9,eval_mcc,0.5345
9,eval_pf,0.5556
9,eval_precision,0.6429
9,eval_recall,1.0
9,eval_time,7.0
