Epoch,Metrics,Score
0,eval_acc,0.8491
0,eval_auc,0.8531
0,eval_brier,0.1509
0,eval_f1,0.7576
0,eval_loss,0.5546
0,eval_mcc,0.6605
0,eval_pf,0.1558
0,eval_precision,0.6757
0,eval_recall,0.8621
0,eval_time,8.0
0,___best___,___best___
1,eval_acc,0.9151
1,eval_auc,0.8771
1,eval_brier,0.0849
1,eval_f1,0.8364
1,eval_loss,0.3258
1,eval_mcc,0.7814
1,eval_pf,0.039
1,eval_precision,0.8846
1,eval_recall,0.7931
1,eval_time,7.0
1,___best___,___best___
2,eval_acc,0.8585
2,eval_auc,0.8596
2,eval_brier,0.1415
2,eval_f1,0.7692
2,eval_loss,0.5926
2,eval_mcc,0.677
2,eval_pf,0.1429
2,eval_precision,0.6944
2,eval_recall,0.8621
2,eval_time,7.0
3,eval_acc,0.8491
3,eval_auc,0.8531
3,eval_brier,0.1509
3,eval_f1,0.7576
3,eval_loss,0.8008
3,eval_mcc,0.6605
3,eval_pf,0.1558
3,eval_precision,0.6757
3,eval_recall,0.8621
3,eval_time,7.0
4,eval_acc,0.8302
4,eval_auc,0.8401
4,eval_brier,0.1698
4,eval_f1,0.7353
4,eval_loss,1.0051
4,eval_mcc,0.6288
4,eval_pf,0.1818
4,eval_precision,0.641
4,eval_recall,0.8621
4,eval_time,7.0
5,eval_acc,0.8868
5,eval_auc,0.8361
5,eval_brier,0.1132
5,eval_f1,0.7778
5,eval_loss,0.649
5,eval_mcc,0.7059
5,eval_pf,0.0519
5,eval_precision,0.84
5,eval_recall,0.7241
5,eval_time,7.0
6,eval_acc,0.8585
6,eval_auc,0.8704
6,eval_brier,0.1415
6,eval_f1,0.7761
6,eval_loss,0.9987
6,eval_mcc,0.6886
6,eval_pf,0.1558
6,eval_precision,0.6842
6,eval_recall,0.8966
6,eval_time,7.0
7,eval_acc,0.8868
7,eval_auc,0.8791
7,eval_brier,0.1132
7,eval_f1,0.8065
7,eval_loss,0.7786
7,eval_mcc,0.73
7,eval_pf,0.1039
7,eval_precision,0.7576
7,eval_recall,0.8621
7,eval_time,7.0
8,eval_acc,0.8868
8,eval_auc,0.8683
8,eval_brier,0.1132
8,eval_f1,0.8
8,eval_loss,0.739
8,eval_mcc,0.722
8,eval_pf,0.0909
8,eval_precision,0.7742
8,eval_recall,0.8276
8,eval_time,7.0
9,eval_acc,0.8868
9,eval_auc,0.8791
9,eval_brier,0.1132
9,eval_f1,0.8065
9,eval_loss,0.7644
9,eval_mcc,0.73
9,eval_pf,0.1039
9,eval_precision,0.7576
9,eval_recall,0.8621
9,eval_time,7.0
