Epoch,Metrics,Score
0,eval_acc,0.4724
0,eval_auc,0.6834
0,eval_brier,0.5276
0,eval_f1,0.3452
0,eval_loss,0.9164
0,eval_mcc,0.2711
0,eval_pf,0.6114
0,eval_precision,0.2096
0,eval_recall,0.9781
0,eval_time,68.0
0,___best___,___best___
1,eval_acc,0.9549
1,eval_auc,0.9122
1,eval_brier,0.0451
1,eval_f1,0.8432
1,eval_loss,0.1657
1,eval_mcc,0.817
1,eval_pf,0.0281
1,eval_precision,0.8342
1,eval_recall,0.8525
1,eval_time,68.0
1,___best___,___best___
2,eval_acc,0.8897
2,eval_auc,0.9152
2,eval_brier,0.1103
2,eval_f1,0.7102
2,eval_loss,0.4298
2,eval_mcc,0.6804
2,eval_pf,0.1205
2,eval_precision,0.5668
2,eval_recall,0.9508
2,eval_time,68.0
3,eval_acc,0.9363
3,eval_auc,0.931
3,eval_brier,0.0637
3,eval_f1,0.8048
3,eval_loss,0.3406
3,eval_mcc,0.7766
3,eval_pf,0.0616
3,eval_precision,0.7131
3,eval_recall,0.9235
3,eval_time,68.0
4,eval_acc,0.9293
4,eval_auc,0.9269
4,eval_brier,0.0707
4,eval_f1,0.7879
4,eval_loss,0.3761
4,eval_mcc,0.7583
4,eval_pf,0.0697
4,eval_precision,0.687
4,eval_recall,0.9235
4,eval_time,68.0
5,eval_acc,0.8928
5,eval_auc,0.9238
5,eval_brier,0.1072
5,eval_f1,0.7195
5,eval_loss,0.7237
5,eval_mcc,0.6931
5,eval_pf,0.1196
5,eval_precision,0.5728
5,eval_recall,0.9672
5,eval_time,76.0
6,eval_acc,0.9161
6,eval_auc,0.926
6,eval_brier,0.0839
6,eval_f1,0.7611
6,eval_loss,0.5536
6,eval_mcc,0.7318
6,eval_pf,0.0879
6,eval_precision,0.6394
6,eval_recall,0.9399
6,eval_time,68.0
7,eval_acc,0.9114
7,eval_auc,0.921
7,eval_brier,0.0886
7,eval_f1,0.75
7,eval_loss,0.6558
7,eval_mcc,0.7193
7,eval_pf,0.0924
7,eval_precision,0.6264
7,eval_recall,0.9344
7,eval_time,68.0
8,eval_acc,0.9083
8,eval_auc,0.9215
8,eval_brier,0.0917
8,eval_f1,0.7446
8,eval_loss,0.68
8,eval_mcc,0.7145
8,eval_pf,0.0969
8,eval_precision,0.6165
8,eval_recall,0.9399
8,eval_time,68.0
9,eval_acc,0.9083
9,eval_auc,0.9215
9,eval_brier,0.0917
9,eval_f1,0.7446
9,eval_loss,0.6868
9,eval_mcc,0.7145
9,eval_pf,0.0969
9,eval_precision,0.6165
9,eval_recall,0.9399
9,eval_time,68.0
