Epoch,Metrics,Score
0,eval_acc,0.9636
0,eval_auc,0.9328
0,eval_brier,0.0364
0,eval_f1,0.8475
0,eval_loss,0.1947
0,eval_mcc,0.8282
0,eval_pf,0.0274
0,eval_precision,0.8065
0,eval_recall,0.8929
0,eval_time,42.0
0,___best___,___best___
1,eval_acc,0.9218
1,eval_auc,0.6755
1,eval_brier,0.0782
1,eval_f1,0.5085
1,eval_loss,0.2576
1,eval_mcc,0.532
1,eval_pf,0.0061
1,eval_precision,0.8824
1,eval_recall,0.3571
1,eval_time,42.0
2,eval_acc,0.9663
2,eval_auc,0.9395
2,eval_brier,0.0337
2,eval_f1,0.8588
2,eval_loss,0.1909
2,eval_mcc,0.8411
2,eval_pf,0.0258
2,eval_precision,0.8172
2,eval_recall,0.9048
2,eval_time,42.0
2,___best___,___best___
3,eval_acc,0.9704
3,eval_auc,0.9366
3,eval_brier,0.0296
3,eval_f1,0.8721
3,eval_loss,0.1807
3,eval_mcc,0.8556
3,eval_pf,0.0198
3,eval_precision,0.8523
3,eval_recall,0.8929
3,eval_time,42.0
3,___best___,___best___
4,eval_acc,0.9798
4,eval_auc,0.9315
4,eval_brier,0.0202
4,eval_f1,0.9068
4,eval_loss,0.1593
4,eval_mcc,0.8966
4,eval_pf,0.0061
4,eval_precision,0.9481
4,eval_recall,0.869
4,eval_time,42.0
4,___best___,___best___
5,eval_acc,0.9623
5,eval_auc,0.932
5,eval_brier,0.0377
5,eval_f1,0.8427
5,eval_loss,0.1944
5,eval_mcc,0.823
5,eval_pf,0.0289
5,eval_precision,0.7979
5,eval_recall,0.8929
5,eval_time,42.0
6,eval_acc,0.9757
6,eval_auc,0.9344
6,eval_brier,0.0243
6,eval_f1,0.8916
6,eval_loss,0.1675
6,eval_mcc,0.878
6,eval_pf,0.0122
6,eval_precision,0.9024
6,eval_recall,0.881
6,eval_time,42.0
7,eval_acc,0.9542
7,eval_auc,0.943
7,eval_brier,0.0458
7,eval_f1,0.8211
7,eval_loss,0.2124
7,eval_mcc,0.8023
7,eval_pf,0.0426
7,eval_precision,0.7358
7,eval_recall,0.9286
7,eval_time,42.0
