Epoch,Metrics,Score
0,eval_acc,0.6389
0,eval_auc,0.6389
0,eval_brier,0.3611
0,eval_f1,0.7347
0,eval_loss,0.6575
0,eval_mcc,0.4016
0,eval_pf,0.7222
0,eval_precision,0.5806
0,eval_recall,1.0
0,eval_time,5.0
0,___best___,___best___
1,eval_acc,0.9097
1,eval_auc,0.9097
1,eval_brier,0.0903
1,eval_f1,0.915
1,eval_loss,0.278
1,eval_mcc,0.8259
1,eval_pf,0.1528
1,eval_precision,0.8642
1,eval_recall,0.9722
1,eval_time,5.0
1,___best___,___best___
2,eval_acc,0.9444
2,eval_auc,0.9444
2,eval_brier,0.0556
2,eval_f1,0.9452
2,eval_loss,0.2401
2,eval_mcc,0.8892
2,eval_pf,0.0694
2,eval_precision,0.9324
2,eval_recall,0.9583
2,eval_time,5.0
2,___best___,___best___
3,eval_acc,0.9236
3,eval_auc,0.9236
3,eval_brier,0.0764
3,eval_f1,0.9231
3,eval_loss,0.2687
3,eval_mcc,0.8473
3,eval_pf,0.0694
3,eval_precision,0.9296
3,eval_recall,0.9167
3,eval_time,5.0
4,eval_acc,0.9306
4,eval_auc,0.9306
4,eval_brier,0.0694
4,eval_f1,0.9315
4,eval_loss,0.2568
4,eval_mcc,0.8614
4,eval_pf,0.0833
4,eval_precision,0.9189
4,eval_recall,0.9444
4,eval_time,5.0
5,eval_acc,0.9167
5,eval_auc,0.9167
5,eval_brier,0.0833
5,eval_f1,0.9178
5,eval_loss,0.2724
5,eval_mcc,0.8337
5,eval_pf,0.0972
5,eval_precision,0.9054
5,eval_recall,0.9306
5,eval_time,5.0
6,eval_acc,0.9167
6,eval_auc,0.9167
6,eval_brier,0.0833
6,eval_f1,0.9178
6,eval_loss,0.287
6,eval_mcc,0.8337
6,eval_pf,0.0972
6,eval_precision,0.9054
6,eval_recall,0.9306
6,eval_time,5.0
7,eval_acc,0.9167
7,eval_auc,0.9167
7,eval_brier,0.0833
7,eval_f1,0.9178
7,eval_loss,0.2692
7,eval_mcc,0.8337
7,eval_pf,0.0972
7,eval_precision,0.9054
7,eval_recall,0.9306
7,eval_time,5.0
8,eval_acc,0.9236
8,eval_auc,0.9236
8,eval_brier,0.0764
8,eval_f1,0.9241
8,eval_loss,0.2733
8,eval_mcc,0.8473
8,eval_pf,0.0833
8,eval_precision,0.9178
8,eval_recall,0.9306
8,eval_time,5.0
9,eval_acc,0.9167
9,eval_auc,0.9167
9,eval_brier,0.0833
9,eval_f1,0.9178
9,eval_loss,0.2763
9,eval_mcc,0.8337
9,eval_pf,0.0972
9,eval_precision,0.9054
9,eval_recall,0.9306
9,eval_time,5.0
