Epoch,Metrics,Score
0,eval_acc,0.9097
0,eval_auc,0.9097
0,eval_brier,0.0903
0,eval_f1,0.9139
0,eval_loss,0.2988
0,eval_mcc,0.8233
0,eval_pf,0.1389
0,eval_precision,0.8734
0,eval_recall,0.9583
0,eval_time,5.0
0,___best___,___best___
1,eval_acc,0.9167
1,eval_auc,0.9167
1,eval_brier,0.0833
1,eval_f1,0.9211
1,eval_loss,0.3003
1,eval_mcc,0.8385
1,eval_pf,0.1389
1,eval_precision,0.875
1,eval_recall,0.9722
1,eval_time,5.0
1,___best___,___best___
2,eval_acc,0.9444
2,eval_auc,0.9444
2,eval_brier,0.0556
2,eval_f1,0.9452
2,eval_loss,0.2309
2,eval_mcc,0.8892
2,eval_pf,0.0694
2,eval_precision,0.9324
2,eval_recall,0.9583
2,eval_time,5.0
2,___best___,___best___
3,eval_acc,0.9375
3,eval_auc,0.9375
3,eval_brier,0.0625
3,eval_f1,0.9371
3,eval_loss,0.2516
3,eval_mcc,0.8751
3,eval_pf,0.0556
3,eval_precision,0.9437
3,eval_recall,0.9306
3,eval_time,5.0
4,eval_acc,0.9236
4,eval_auc,0.9236
4,eval_brier,0.0764
4,eval_f1,0.9241
4,eval_loss,0.2825
4,eval_mcc,0.8473
4,eval_pf,0.0833
4,eval_precision,0.9178
4,eval_recall,0.9306
4,eval_time,5.0
5,eval_acc,0.9306
5,eval_auc,0.9306
5,eval_brier,0.0694
5,eval_f1,0.9306
5,eval_loss,0.2633
5,eval_mcc,0.8611
5,eval_pf,0.0694
5,eval_precision,0.9306
5,eval_recall,0.9306
5,eval_time,5.0
6,eval_acc,0.9306
6,eval_auc,0.9306
6,eval_brier,0.0694
6,eval_f1,0.9306
6,eval_loss,0.2649
6,eval_mcc,0.8611
6,eval_pf,0.0694
6,eval_precision,0.9306
6,eval_recall,0.9306
6,eval_time,5.0
7,eval_acc,0.9236
7,eval_auc,0.9236
7,eval_brier,0.0764
7,eval_f1,0.9241
7,eval_loss,0.2747
7,eval_mcc,0.8473
7,eval_pf,0.0833
7,eval_precision,0.9178
7,eval_recall,0.9306
7,eval_time,5.0
8,eval_acc,0.9236
8,eval_auc,0.9236
8,eval_brier,0.0764
8,eval_f1,0.9241
8,eval_loss,0.2675
8,eval_mcc,0.8473
8,eval_pf,0.0833
8,eval_precision,0.9178
8,eval_recall,0.9306
8,eval_time,5.0
9,eval_acc,0.9236
9,eval_auc,0.9236
9,eval_brier,0.0764
9,eval_f1,0.9241
9,eval_loss,0.2743
9,eval_mcc,0.8473
9,eval_pf,0.0833
9,eval_precision,0.9178
9,eval_recall,0.9306
9,eval_time,5.0
