Epoch,Metrics,Score
0,eval_acc,0.9097
0,eval_auc,0.9097
0,eval_brier,0.0903
0,eval_f1,0.9139
0,eval_loss,0.2988
0,eval_mcc,0.8233
0,eval_pf,0.1389
0,eval_precision,0.8734
0,eval_recall,0.9583
0,eval_time,5.0
0,___best___,___best___
1,eval_acc,0.9167
1,eval_auc,0.9167
1,eval_brier,0.0833
1,eval_f1,0.9211
1,eval_loss,0.3003
1,eval_mcc,0.8385
1,eval_pf,0.1389
1,eval_precision,0.875
1,eval_recall,0.9722
1,eval_time,5.0
1,___best___,___best___
2,eval_acc,0.9444
2,eval_auc,0.9444
2,eval_brier,0.0556
2,eval_f1,0.9452
2,eval_loss,0.2309
2,eval_mcc,0.8892
2,eval_pf,0.0694
2,eval_precision,0.9324
2,eval_recall,0.9583
2,eval_time,5.0
2,___best___,___best___
