Epoch,Metrics,Score
0,eval_acc,0.7264
0,eval_auc,0.5
0,eval_brier,0.2736
0,eval_f1,0.0
0,eval_loss,0.4974
0,eval_mcc,0.0
0,eval_pf,0.0
0,eval_precision,0.0
0,eval_recall,0.0
0,eval_time,4.0
0,___best___,___best___
1,eval_acc,0.7453
1,eval_auc,0.7279
1,eval_brier,0.2547
1,eval_f1,0.597
1,eval_loss,0.5248
1,eval_mcc,0.4238
1,eval_pf,0.2338
1,eval_precision,0.5263
1,eval_recall,0.6897
1,eval_time,4.0
1,___best___,___best___
2,eval_acc,0.7736
2,eval_auc,0.6722
2,eval_brier,0.2264
2,eval_f1,0.52
2,eval_loss,0.4645
2,eval_mcc,0.3852
2,eval_pf,0.1039
2,eval_precision,0.619
2,eval_recall,0.4483
2,eval_time,4.0
3,eval_acc,0.6698
3,eval_auc,0.7297
3,eval_brier,0.3302
3,eval_f1,0.5882
3,eval_loss,0.4924
3,eval_mcc,0.4103
3,eval_pf,0.4026
3,eval_precision,0.4464
3,eval_recall,0.8621
3,eval_time,4.0
4,eval_acc,0.5283
4,eval_auc,0.6646
4,eval_brier,0.4717
4,eval_f1,0.5283
4,eval_loss,0.7872
4,eval_mcc,0.3292
4,eval_pf,0.6364
4,eval_precision,0.3636
4,eval_recall,0.9655
4,eval_time,4.0
5,eval_acc,0.8585
5,eval_auc,0.8489
5,eval_brier,0.1415
5,eval_f1,0.7619
5,eval_loss,0.3333
5,eval_mcc,0.6664
5,eval_pf,0.1299
5,eval_precision,0.7059
5,eval_recall,0.8276
5,eval_time,4.0
5,___best___,___best___
6,eval_acc,0.9057
6,eval_auc,0.9028
6,eval_brier,0.0943
6,eval_f1,0.8387
6,eval_loss,0.3017
6,eval_mcc,0.7757
6,eval_pf,0.0909
6,eval_precision,0.7879
6,eval_recall,0.8966
6,eval_time,4.0
6,___best___,___best___
7,eval_acc,0.7925
7,eval_auc,0.8464
7,eval_brier,0.2075
7,eval_f1,0.7179
7,eval_loss,0.5144
7,eval_mcc,0.6195
7,eval_pf,0.2727
7,eval_precision,0.5714
7,eval_recall,0.9655
7,eval_time,4.0
8,eval_acc,0.8962
8,eval_auc,0.9071
8,eval_brier,0.1038
8,eval_f1,0.8308
8,eval_loss,0.3088
8,eval_mcc,0.7664
8,eval_pf,0.1169
8,eval_precision,0.75
8,eval_recall,0.931
8,eval_time,4.0
9,eval_acc,0.8774
9,eval_auc,0.8941
9,eval_brier,0.1226
9,eval_f1,0.806
9,eval_loss,0.3335
9,eval_mcc,0.7327
9,eval_pf,0.1429
9,eval_precision,0.7105
9,eval_recall,0.931
9,eval_time,4.0
