Epoch,Metrics,Score
0,eval_acc,0.7264
0,eval_auc,0.5
0,eval_brier,0.2736
0,eval_f1,0.0
0,eval_loss,0.5133
0,eval_mcc,0.0
0,eval_pf,0.0
0,eval_precision,0.0
0,eval_recall,0.0
0,eval_time,4.0
0,___best___,___best___
1,eval_acc,0.3019
1,eval_auc,0.5195
1,eval_brier,0.6981
1,eval_f1,0.4394
1,eval_loss,0.6821
1,eval_mcc,0.1047
1,eval_pf,0.961
1,eval_precision,0.2816
1,eval_recall,1.0
1,eval_time,4.0
1,___best___,___best___
2,eval_acc,0.566
2,eval_auc,0.6583
2,eval_brier,0.434
2,eval_f1,0.5208
2,eval_loss,0.5717
2,eval_mcc,0.2927
2,eval_pf,0.5455
2,eval_precision,0.3731
2,eval_recall,0.8621
2,eval_time,4.0
2,___best___,___best___
3,eval_acc,0.8113
3,eval_auc,0.8594
3,eval_brier,0.1887
3,eval_f1,0.7368
3,eval_loss,0.3882
3,eval_mcc,0.645
3,eval_pf,0.2468
3,eval_precision,0.5957
3,eval_recall,0.9655
3,eval_time,4.0
3,___best___,___best___
4,eval_acc,0.8585
4,eval_auc,0.8811
4,eval_brier,0.1415
4,eval_f1,0.7826
4,eval_loss,0.4355
4,eval_mcc,0.701
4,eval_pf,0.1688
4,eval_precision,0.675
4,eval_recall,0.931
4,eval_time,4.0
4,___best___,___best___
5,eval_acc,0.8113
5,eval_auc,0.8486
5,eval_brier,0.1887
5,eval_f1,0.7297
5,eval_loss,0.3655
5,eval_mcc,0.6289
5,eval_pf,0.2338
5,eval_precision,0.6
5,eval_recall,0.931
5,eval_time,4.0
6,eval_acc,0.8962
6,eval_auc,0.8641
6,eval_brier,0.1038
6,eval_f1,0.807
6,eval_loss,0.2986
6,eval_mcc,0.7363
6,eval_pf,0.0649
6,eval_precision,0.8214
6,eval_recall,0.7931
6,eval_time,4.0
6,___best___,___best___
7,eval_acc,0.8774
7,eval_auc,0.8618
7,eval_brier,0.1226
7,eval_f1,0.7869
7,eval_loss,0.3269
7,eval_mcc,0.7028
7,eval_pf,0.1039
7,eval_precision,0.75
7,eval_recall,0.8276
7,eval_time,4.0
8,eval_acc,0.8774
8,eval_auc,0.8511
8,eval_brier,0.1226
8,eval_f1,0.7797
8,eval_loss,0.329
8,eval_mcc,0.6949
8,eval_pf,0.0909
8,eval_precision,0.7667
8,eval_recall,0.7931
8,eval_time,4.0
9,eval_acc,0.8774
9,eval_auc,0.8511
9,eval_brier,0.1226
9,eval_f1,0.7797
9,eval_loss,0.3437
9,eval_mcc,0.6949
9,eval_pf,0.0909
9,eval_precision,0.7667
9,eval_recall,0.7931
9,eval_time,4.0
