Epoch,Metrics,Score
0,eval_acc,0.7264
0,eval_auc,0.5
0,eval_brier,0.2736
0,eval_f1,0.0
0,eval_loss,0.4767
0,eval_mcc,0.0
0,eval_pf,0.0
0,eval_precision,0.0
0,eval_recall,0.0
0,eval_time,6.0
0,___best___,___best___
1,eval_acc,0.2925
1,eval_auc,0.513
1,eval_brier,0.7075
1,eval_f1,0.4361
1,eval_loss,0.7159
1,eval_mcc,0.0851
1,eval_pf,0.974
1,eval_precision,0.2788
1,eval_recall,1.0
1,eval_time,6.0
1,___best___,___best___
2,eval_acc,0.5
2,eval_auc,0.6343
2,eval_brier,0.5
2,eval_f1,0.5047
2,eval_loss,0.5802
2,eval_mcc,0.2717
2,eval_pf,0.6623
2,eval_precision,0.3462
2,eval_recall,0.931
2,eval_time,6.0
2,___best___,___best___
3,eval_acc,0.7264
3,eval_auc,0.5645
3,eval_brier,0.2736
3,eval_f1,0.2927
3,eval_loss,0.46
3,eval_mcc,0.1815
3,eval_pf,0.0779
3,eval_precision,0.5
3,eval_recall,0.2069
3,eval_time,6.0
4,eval_acc,0.4717
4,eval_auc,0.6364
4,eval_brier,0.5283
4,eval_f1,0.5088
4,eval_loss,0.9463
4,eval_mcc,0.305
4,eval_pf,0.7273
4,eval_precision,0.3412
4,eval_recall,1.0
4,eval_time,6.0
4,___best___,___best___
5,eval_acc,0.717
5,eval_auc,0.773
5,eval_brier,0.283
5,eval_f1,0.6341
5,eval_loss,0.5758
5,eval_mcc,0.4867
5,eval_pf,0.3506
5,eval_precision,0.4906
5,eval_recall,0.8966
5,eval_time,6.0
5,___best___,___best___
6,eval_acc,0.717
6,eval_auc,0.7837
6,eval_brier,0.283
6,eval_f1,0.6429
6,eval_loss,0.6073
6,eval_mcc,0.5063
6,eval_pf,0.3636
6,eval_precision,0.4909
6,eval_recall,0.931
6,eval_time,6.0
6,___best___,___best___
7,eval_acc,0.7925
7,eval_auc,0.8249
7,eval_brier,0.2075
7,eval_f1,0.7027
7,eval_loss,0.5019
7,eval_mcc,0.5861
7,eval_pf,0.2468
7,eval_precision,0.5778
7,eval_recall,0.8966
7,eval_time,6.0
7,___best___,___best___
8,eval_acc,0.783
8,eval_auc,0.8184
8,eval_brier,0.217
8,eval_f1,0.6933
8,eval_loss,0.5201
8,eval_mcc,0.5728
8,eval_pf,0.2597
8,eval_precision,0.5652
8,eval_recall,0.8966
8,eval_time,6.0
9,eval_acc,0.7736
9,eval_auc,0.8227
9,eval_brier,0.2264
9,eval_f1,0.6923
9,eval_loss,0.5593
9,eval_mcc,0.577
9,eval_pf,0.2857
9,eval_precision,0.551
9,eval_recall,0.931
9,eval_time,6.0
