Epoch,Metrics,Score
0,eval_acc,0.8889
0,eval_auc,0.8532
0,eval_brier,0.1111
0,eval_f1,0.6554
0,eval_loss,0.288
0,eval_mcc,0.6067
0,eval_pf,0.0984
0,eval_precision,0.5528
0,eval_recall,0.8047
0,eval_time,73.0
0,___best___,___best___
1,eval_acc,0.8112
1,eval_auc,0.8386
1,eval_brier,0.1888
1,eval_f1,0.5492
1,eval_loss,0.4419
1,eval_mcc,0.5053
1,eval_pf,0.1986
1,eval_precision,0.4
1,eval_recall,0.8757
1,eval_time,73.0
2,eval_acc,0.8842
2,eval_auc,0.8706
2,eval_brier,0.1158
2,eval_f1,0.659
2,eval_loss,0.3398
2,eval_mcc,0.6165
2,eval_pf,0.1109
2,eval_precision,0.5373
2,eval_recall,0.8521
2,eval_time,73.0
2,___best___,___best___
3,eval_acc,0.927
3,eval_auc,0.8851
3,eval_brier,0.073
3,eval_f1,0.7487
3,eval_loss,0.2482
3,eval_mcc,0.7109
3,eval_pf,0.0581
3,eval_precision,0.6829
3,eval_recall,0.8284
3,eval_time,73.0
3,___best___,___best___
4,eval_acc,0.8609
4,eval_auc,0.8798
4,eval_brier,0.1391
4,eval_f1,0.6309
4,eval_loss,0.3741
4,eval_mcc,0.596
4,eval_pf,0.1458
4,eval_precision,0.4842
4,eval_recall,0.9053
4,eval_time,73.0
5,eval_acc,0.9138
5,eval_auc,0.8826
5,eval_brier,0.0862
5,eval_f1,0.719
5,eval_loss,0.2804
5,eval_mcc,0.6792
5,eval_pf,0.0751
5,eval_precision,0.6283
5,eval_recall,0.8402
5,eval_time,73.0
6,eval_acc,0.9215
6,eval_auc,0.8694
6,eval_brier,0.0785
6,eval_f1,0.7278
6,eval_loss,0.2764
6,eval_mcc,0.686
6,eval_pf,0.0599
6,eval_precision,0.6683
6,eval_recall,0.7988
6,eval_time,73.0
7,eval_acc,0.8819
7,eval_auc,0.8818
7,eval_brier,0.1181
7,eval_f1,0.6622
7,eval_loss,0.3498
7,eval_mcc,0.6243
7,eval_pf,0.1181
7,eval_precision,0.5302
7,eval_recall,0.8817
7,eval_time,73.0
8,eval_acc,0.8889
8,eval_auc,0.8833
8,eval_brier,0.1111
8,eval_f1,0.6743
8,eval_loss,0.3371
8,eval_mcc,0.6359
8,eval_pf,0.1091
8,eval_precision,0.5481
8,eval_recall,0.8757
8,eval_time,73.0
9,eval_acc,0.8881
9,eval_auc,0.8778
9,eval_brier,0.1119
9,eval_f1,0.6697
9,eval_loss,0.337
9,eval_mcc,0.6294
9,eval_pf,0.1082
9,eval_precision,0.5468
9,eval_recall,0.8639
9,eval_time,73.0
