Epoch,Metrics,Score
0,eval_acc,0.8873
0,eval_auc,0.8623
0,eval_brier,0.1127
0,eval_f1,0.6588
0,eval_loss,0.3186
0,eval_mcc,0.6131
0,eval_pf,0.1038
0,eval_precision,0.5469
0,eval_recall,0.8284
0,eval_time,40.0
0,___best___,___best___
1,eval_acc,0.9363
1,eval_auc,0.8754
1,eval_brier,0.0637
1,eval_f1,0.7657
1,eval_loss,0.2281
1,eval_mcc,0.7295
1,eval_pf,0.042
1,eval_precision,0.7403
1,eval_recall,0.7929
1,eval_time,40.0
1,___best___,___best___
2,eval_acc,0.8889
2,eval_auc,0.8733
2,eval_brier,0.1111
2,eval_f1,0.6682
2,eval_loss,0.2849
2,eval_mcc,0.6262
2,eval_pf,0.1055
2,eval_precision,0.5496
2,eval_recall,0.8521
2,eval_time,40.0
3,eval_acc,0.9308
3,eval_auc,0.8798
3,eval_brier,0.0692
3,eval_f1,0.7548
3,eval_loss,0.2369
3,eval_mcc,0.7171
3,eval_pf,0.051
3,eval_precision,0.7062
3,eval_recall,0.8107
3,eval_time,40.0
4,eval_acc,0.8741
4,eval_auc,0.8773
4,eval_brier,0.1259
4,eval_f1,0.6478
4,eval_loss,0.3254
4,eval_mcc,0.6093
4,eval_pf,0.127
4,eval_precision,0.512
4,eval_recall,0.8817
4,eval_time,41.0
5,eval_acc,0.8811
5,eval_auc,0.8813
5,eval_brier,0.1189
5,eval_f1,0.6608
5,eval_loss,0.3226
5,eval_mcc,0.6227
5,eval_pf,0.119
5,eval_precision,0.5284
5,eval_recall,0.8817
5,eval_time,40.0
6,eval_acc,0.8974
6,eval_auc,0.8882
6,eval_brier,0.1026
6,eval_f1,0.6916
6,eval_loss,0.3131
6,eval_mcc,0.6541
6,eval_pf,0.0993
6,eval_precision,0.5714
6,eval_recall,0.8757
6,eval_time,41.0
7,eval_acc,0.9068
7,eval_auc,0.8936
7,eval_brier,0.0932
7,eval_f1,0.7115
7,eval_loss,0.2977
7,eval_mcc,0.6751
7,eval_pf,0.0886
7,eval_precision,0.5992
7,eval_recall,0.8757
7,eval_time,40.0
