Epoch,Metrics,Score
0,eval_acc,0.8
0,eval_auc,0.5369
0,eval_brier,0.2
0,eval_f1,0.1942
0,eval_loss,0.1023
0,eval_mcc,0.0851
0,eval_pf,0.093
0,eval_precision,0.2326
0,eval_recall,0.1667
0,eval_time,109.0
0,___best___,___best___
1,eval_acc,0.8108
1,eval_auc,0.8306
1,eval_brier,0.1892
1,eval_f1,0.5675
1,eval_loss,0.0895
1,eval_mcc,0.511
1,eval_pf,0.1972
1,eval_precision,0.4239
1,eval_recall,0.8583
1,eval_time,110.0
1,___best___,___best___
2,eval_acc,0.9313
2,eval_auc,0.8594
2,eval_brier,0.0687
2,eval_f1,0.7615
2,eval_loss,0.0298
2,eval_mcc,0.7214
2,eval_pf,0.0394
2,eval_precision,0.7647
2,eval_recall,0.7583
2,eval_time,114.0
2,___best___,___best___
3,eval_acc,0.9
3,eval_auc,0.8688
3,eval_brier,0.1
3,eval_f1,0.7046
3,eval_loss,0.0372
3,eval_mcc,0.6561
3,eval_pf,0.0873
3,eval_precision,0.6149
3,eval_recall,0.825
3,eval_time,115.0
4,eval_acc,0.9181
4,eval_auc,0.8725
4,eval_brier,0.0819
4,eval_f1,0.7405
4,eval_loss,0.0352
4,eval_mcc,0.6957
4,eval_pf,0.0634
4,eval_precision,0.6831
4,eval_recall,0.8083
4,eval_time,115.0
5,eval_acc,0.9241
5,eval_auc,0.8691
5,eval_brier,0.0759
5,eval_f1,0.751
5,eval_loss,0.0317
5,eval_mcc,0.7077
5,eval_pf,0.0535
5,eval_precision,0.7143
5,eval_recall,0.7917
5,eval_time,114.0
6,eval_acc,0.9012
6,eval_auc,0.8557
6,eval_brier,0.0988
6,eval_f1,0.6985
6,eval_loss,0.0405
6,eval_mcc,0.6468
6,eval_pf,0.0803
6,eval_precision,0.625
6,eval_recall,0.7917
6,eval_time,114.0
7,eval_acc,0.8928
7,eval_auc,0.875
7,eval_brier,0.1072
7,eval_f1,0.6962
7,eval_loss,0.0469
7,eval_mcc,0.6493
7,eval_pf,0.1
7,eval_precision,0.5896
7,eval_recall,0.85
7,eval_time,110.0
8,eval_acc,0.9024
8,eval_auc,0.8702
8,eval_brier,0.0976
8,eval_f1,0.7097
8,eval_loss,0.0418
8,eval_mcc,0.6617
8,eval_pf,0.0845
8,eval_precision,0.6226
8,eval_recall,0.825
8,eval_time,110.0
9,eval_acc,0.9012
9,eval_auc,0.8695
9,eval_brier,0.0988
9,eval_f1,0.7071
9,eval_loss,0.0425
9,eval_mcc,0.6589
9,eval_pf,0.0859
9,eval_precision,0.6188
9,eval_recall,0.825
9,eval_time,110.0
