Epoch,Metrics,Score
0,eval_acc,0.7763
0,eval_auc,0.8544
0,eval_brier,0.2237
0,eval_f1,0.4498
0,eval_loss,0.094
0,eval_mcc,0.4516
0,eval_pf,0.2423
0,eval_precision,0.2946
0,eval_recall,0.951
0,eval_time,262.0
0,___best___,___best___
1,eval_acc,0.9356
1,eval_auc,0.9206
1,eval_brier,0.0644
1,eval_f1,0.7294
1,eval_loss,0.0313
1,eval_mcc,0.7112
1,eval_pf,0.0608
1,eval_precision,0.6122
1,eval_recall,0.902
1,eval_time,262.0
1,___best___,___best___
2,eval_acc,0.9525
2,eval_auc,0.9154
2,eval_brier,0.0475
2,eval_f1,0.7788
2,eval_loss,0.0226
2,eval_mcc,0.7577
2,eval_pf,0.0386
2,eval_precision,0.7053
2,eval_recall,0.8694
2,eval_time,262.0
2,___best___,___best___
3,eval_acc,0.8885
3,eval_auc,0.9092
3,eval_brier,0.1115
3,eval_f1,0.6173
3,eval_loss,0.0427
3,eval_mcc,0.6088
3,eval_pf,0.1164
3,eval_precision,0.4608
3,eval_recall,0.9347
3,eval_time,262.0
4,eval_acc,0.9451
4,eval_auc,0.9313
4,eval_brier,0.0549
4,eval_f1,0.7619
4,eval_loss,0.0221
4,eval_mcc,0.7451
4,eval_pf,0.0517
4,eval_precision,0.6531
4,eval_recall,0.9143
4,eval_time,262.0
5,eval_acc,0.9317
5,eval_auc,0.9385
5,eval_brier,0.0683
5,eval_f1,0.7273
5,eval_loss,0.0282
5,eval_mcc,0.7159
5,eval_pf,0.0699
5,eval_precision,0.5903
5,eval_recall,0.9469
5,eval_time,261.0
6,eval_acc,0.9517
6,eval_auc,0.9368
6,eval_brier,0.0483
6,eval_f1,0.7853
6,eval_loss,0.0204
6,eval_mcc,0.769
6,eval_pf,0.0447
6,eval_precision,0.686
6,eval_recall,0.9184
6,eval_time,262.0
6,___best___,___best___
7,eval_acc,0.9611
7,eval_auc,0.9293
7,eval_brier,0.0389
7,eval_f1,0.815
7,eval_loss,0.0172
7,eval_mcc,0.7969
7,eval_pf,0.0313
7,eval_precision,0.7517
7,eval_recall,0.8898
7,eval_time,262.0
7,___best___,___best___
8,eval_acc,0.9584
8,eval_auc,0.935
8,eval_brier,0.0416
8,eval_f1,0.8073
8,eval_loss,0.0183
8,eval_mcc,0.7902
8,eval_pf,0.036
8,eval_precision,0.7279
8,eval_recall,0.9061
8,eval_time,262.0
9,eval_acc,0.9517
9,eval_auc,0.9368
9,eval_brier,0.0483
9,eval_f1,0.7853
9,eval_loss,0.0214
9,eval_mcc,0.769
9,eval_pf,0.0447
9,eval_precision,0.686
9,eval_recall,0.9184
9,eval_time,262.0
