Epoch,Metrics,Score
0,eval_acc,0.8609
0,eval_auc,0.8517
0,eval_brier,0.1391
0,eval_f1,0.5701
0,eval_loss,0.0586
0,eval_mcc,0.5365
0,eval_pf,0.1365
0,eval_precision,0.4315
0,eval_recall,0.84
0,eval_time,71.0
0,___best___,___best___
1,eval_acc,0.7877
1,eval_auc,0.8691
1,eval_brier,0.2123
1,eval_f1,0.5017
1,eval_loss,0.0861
1,eval_mcc,0.4963
1,eval_pf,0.2352
1,eval_precision,0.338
1,eval_recall,0.9733
1,eval_time,67.0
2,eval_acc,0.9268
2,eval_auc,0.918
2,eval_brier,0.0732
2,eval_f1,0.7312
2,eval_loss,0.0356
2,eval_mcc,0.7084
2,eval_pf,0.0707
2,eval_precision,0.6126
2,eval_recall,0.9067
2,eval_time,67.0
2,___best___,___best___
3,eval_acc,0.8975
3,eval_auc,0.9074
3,eval_brier,0.1025
3,eval_f1,0.6635
3,eval_loss,0.0408
3,eval_mcc,0.6433
3,eval_pf,0.1053
3,eval_precision,0.5188
3,eval_recall,0.92
3,eval_time,67.0
4,eval_acc,0.94
4,eval_auc,0.9312
4,eval_brier,0.06
4,eval_f1,0.7709
4,eval_loss,0.0235
4,eval_mcc,0.7505
4,eval_pf,0.0576
4,eval_precision,0.6635
4,eval_recall,0.92
4,eval_time,67.0
4,___best___,___best___
5,eval_acc,0.9165
5,eval_auc,0.9356
5,eval_brier,0.0835
5,eval_f1,0.7164
5,eval_loss,0.0375
5,eval_mcc,0.7022
5,eval_pf,0.0888
5,eval_precision,0.5714
5,eval_recall,0.96
5,eval_time,67.0
6,eval_acc,0.937
6,eval_auc,0.9354
6,eval_brier,0.063
6,eval_f1,0.765
6,eval_loss,0.0257
6,eval_mcc,0.7462
6,eval_pf,0.0625
6,eval_precision,0.6481
6,eval_recall,0.9333
6,eval_time,67.0
7,eval_acc,0.9327
7,eval_auc,0.9329
7,eval_brier,0.0673
7,eval_f1,0.7527
7,eval_loss,0.0283
7,eval_mcc,0.7338
7,eval_pf,0.0674
7,eval_precision,0.6306
7,eval_recall,0.9333
7,eval_time,67.0
8,eval_acc,0.9063
8,eval_auc,0.924
8,eval_brier,0.0937
8,eval_f1,0.6893
8,eval_loss,0.0368
8,eval_mcc,0.6734
8,eval_pf,0.0987
8,eval_precision,0.542
8,eval_recall,0.9467
8,eval_time,67.0
9,eval_acc,0.9078
9,eval_auc,0.9365
9,eval_brier,0.0922
9,eval_f1,0.6986
9,eval_loss,0.0382
9,eval_mcc,0.6873
9,eval_pf,0.1003
9,eval_precision,0.5448
9,eval_recall,0.9733
9,eval_time,67.0
