Epoch,Metrics,Score
0,eval_acc,0.7035
0,eval_auc,0.7804
0,eval_brier,0.2965
0,eval_f1,0.3333
0,eval_loss,0.1135
0,eval_mcc,0.3257
0,eval_pf,0.3122
0,eval_precision,0.206
0,eval_recall,0.873
0,eval_time,76.0
0,___best___,___best___
1,eval_acc,0.9865
1,eval_auc,0.971
1,eval_brier,0.0135
1,eval_f1,0.9231
1,eval_loss,0.0062
1,eval_mcc,0.9162
1,eval_pf,0.0103
1,eval_precision,0.8955
1,eval_recall,0.9524
1,eval_time,77.0
1,___best___,___best___
2,eval_acc,0.9461
2,eval_auc,0.9489
2,eval_brier,0.0539
2,eval_f1,0.75
2,eval_loss,0.0255
2,eval_mcc,0.7424
2,eval_pf,0.0545
2,eval_precision,0.6186
2,eval_recall,0.9524
2,eval_time,76.0
3,eval_acc,0.9838
3,eval_auc,0.9696
3,eval_brier,0.0162
3,eval_f1,0.9091
3,eval_loss,0.0085
3,eval_mcc,0.9014
3,eval_pf,0.0133
3,eval_precision,0.8696
3,eval_recall,0.9524
3,eval_time,77.0
4,eval_acc,0.9677
4,eval_auc,0.9607
4,eval_brier,0.0323
4,eval_f1,0.8333
4,eval_loss,0.0136
4,eval_mcc,0.8236
4,eval_pf,0.0309
4,eval_precision,0.7407
4,eval_recall,0.9524
4,eval_time,76.0
5,eval_acc,0.9717
5,eval_auc,0.9629
5,eval_brier,0.0283
5,eval_f1,0.8511
5,eval_loss,0.0131
5,eval_mcc,0.8414
5,eval_pf,0.0265
5,eval_precision,0.7692
5,eval_recall,0.9524
5,eval_time,77.0
6,eval_acc,0.9663
6,eval_auc,0.96
6,eval_brier,0.0337
6,eval_f1,0.8276
6,eval_loss,0.0138
6,eval_mcc,0.8179
6,eval_pf,0.0324
6,eval_precision,0.7317
6,eval_recall,0.9524
6,eval_time,76.0
7,eval_acc,0.9623
7,eval_auc,0.9578
7,eval_brier,0.0377
7,eval_f1,0.8108
7,eval_loss,0.016
7,eval_mcc,0.8013
7,eval_pf,0.0368
7,eval_precision,0.7059
7,eval_recall,0.9524
7,eval_time,76.0
8,eval_acc,0.973
8,eval_auc,0.9637
8,eval_brier,0.027
8,eval_f1,0.8571
8,eval_loss,0.0104
8,eval_mcc,0.8476
8,eval_pf,0.025
8,eval_precision,0.7792
8,eval_recall,0.9524
8,eval_time,76.0
9,eval_acc,0.9704
9,eval_auc,0.9622
9,eval_brier,0.0296
9,eval_f1,0.8451
9,eval_loss,0.0123
9,eval_mcc,0.8354
9,eval_pf,0.028
9,eval_precision,0.7595
9,eval_recall,0.9524
9,eval_time,76.0
