Epoch,Metrics,Score
0,eval_acc,0.8789
0,eval_auc,0.8629
0,eval_brier,0.1211
0,eval_f1,0.5764
0,eval_loss,0.0952
0,eval_mcc,0.5514
0,eval_pf,0.1172
0,eval_precision,0.4379
0,eval_recall,0.843
0,eval_time,1197.0
0,___best___,___best___
1,eval_acc,0.9334
1,eval_auc,0.9006
1,eval_brier,0.0666
1,eval_f1,0.7162
1,eval_loss,0.0292
1,eval_mcc,0.6921
1,eval_pf,0.0586
1,eval_precision,0.6137
1,eval_recall,0.8598
1,eval_time,1199.0
1,___best___,___best___
2,eval_acc,0.8941
2,eval_auc,0.9034
2,eval_brier,0.1059
2,eval_f1,0.6282
2,eval_loss,0.043
2,eval_mcc,0.6145
2,eval_pf,0.1081
2,eval_precision,0.4783
2,eval_recall,0.915
2,eval_time,1193.0
3,eval_acc,0.9117
3,eval_auc,0.9065
3,eval_brier,0.0883
3,eval_f1,0.6657
3,eval_loss,0.037
3,eval_mcc,0.648
3,eval_pf,0.0871
3,eval_precision,0.5283
3,eval_recall,0.9
3,eval_time,1197.0
4,eval_acc,0.9214
4,eval_auc,0.916
4,eval_brier,0.0786
4,eval_f1,0.6933
4,eval_loss,0.0331
4,eval_mcc,0.6762
4,eval_pf,0.0773
4,eval_precision,0.5602
4,eval_recall,0.9093
4,eval_time,1200.0
5,eval_acc,0.9232
5,eval_auc,0.9166
5,eval_brier,0.0768
5,eval_f1,0.698
5,eval_loss,0.0321
5,eval_mcc,0.6807
5,eval_pf,0.0752
5,eval_precision,0.5668
5,eval_recall,0.9084
5,eval_time,1216.0
6,eval_acc,0.9288
6,eval_auc,0.9214
6,eval_brier,0.0712
6,eval_f1,0.7148
6,eval_loss,0.0292
6,eval_mcc,0.6976
6,eval_pf,0.0693
6,eval_precision,0.5876
6,eval_recall,0.9121
6,eval_time,1197.0
7,eval_acc,0.9309
7,eval_auc,0.9196
7,eval_brier,0.0691
7,eval_f1,0.7191
7,eval_loss,0.03
7,eval_mcc,0.7009
7,eval_pf,0.0664
7,eval_precision,0.5963
7,eval_recall,0.9056
7,eval_time,1196.0
7,___best___,___best___
8,eval_acc,0.9474
8,eval_auc,0.9213
8,eval_brier,0.0526
8,eval_f1,0.7676
8,eval_loss,0.0233
8,eval_mcc,0.7474
8,eval_pf,0.0463
8,eval_precision,0.6754
8,eval_recall,0.8888
8,eval_time,1197.0
8,___best___,___best___
9,eval_acc,0.9409
9,eval_auc,0.9214
9,eval_brier,0.0591
9,eval_f1,0.748
9,eval_loss,0.026
9,eval_mcc,0.7285
9,eval_pf,0.0544
9,eval_precision,0.6413
9,eval_recall,0.8972
9,eval_time,1197.0
