Epoch,Metrics,Score
0,eval_acc,0.7083
0,eval_auc,0.7083
0,eval_brier,0.2917
0,eval_f1,0.6613
0,eval_loss,0.1087
0,eval_mcc,0.4337
0,eval_pf,0.1528
0,eval_precision,0.7885
0,eval_recall,0.5694
0,eval_time,13.0
0,___best___,___best___
1,eval_acc,0.9097
1,eval_auc,0.9097
1,eval_brier,0.0903
1,eval_f1,0.9103
1,eval_loss,0.039
1,eval_mcc,0.8195
1,eval_pf,0.0972
1,eval_precision,0.9041
1,eval_recall,0.9167
1,eval_time,13.0
1,___best___,___best___
2,eval_acc,0.9306
2,eval_auc,0.9306
2,eval_brier,0.0694
2,eval_f1,0.9333
2,eval_loss,0.0314
2,eval_mcc,0.8641
2,eval_pf,0.1111
2,eval_precision,0.8974
2,eval_recall,0.9722
2,eval_time,13.0
2,___best___,___best___
3,eval_acc,0.9375
3,eval_auc,0.9375
3,eval_brier,0.0625
3,eval_f1,0.9396
3,eval_loss,0.0266
3,eval_mcc,0.8771
3,eval_pf,0.0972
3,eval_precision,0.9091
3,eval_recall,0.9722
3,eval_time,13.0
3,___best___,___best___
4,eval_acc,0.9375
4,eval_auc,0.9375
4,eval_brier,0.0625
4,eval_f1,0.9404
4,eval_loss,0.0277
4,eval_mcc,0.8792
4,eval_pf,0.1111
4,eval_precision,0.8987
4,eval_recall,0.9861
4,eval_time,13.0
4,___best___,___best___
5,eval_acc,0.9375
5,eval_auc,0.9375
5,eval_brier,0.0625
5,eval_f1,0.9404
5,eval_loss,0.0285
5,eval_mcc,0.8792
5,eval_pf,0.1111
5,eval_precision,0.8987
5,eval_recall,0.9861
5,eval_time,13.0
5,___best___,___best___
6,eval_acc,0.9375
6,eval_auc,0.9375
6,eval_brier,0.0625
6,eval_f1,0.9404
6,eval_loss,0.0277
6,eval_mcc,0.8792
6,eval_pf,0.1111
6,eval_precision,0.8987
6,eval_recall,0.9861
6,eval_time,13.0
6,___best___,___best___
7,eval_acc,0.9306
7,eval_auc,0.9306
7,eval_brier,0.0694
7,eval_f1,0.9333
7,eval_loss,0.0274
7,eval_mcc,0.8641
7,eval_pf,0.1111
7,eval_precision,0.8974
7,eval_recall,0.9722
7,eval_time,13.0
8,eval_acc,0.9444
8,eval_auc,0.9444
8,eval_brier,0.0556
8,eval_f1,0.9467
8,eval_loss,0.0277
8,eval_mcc,0.892
8,eval_pf,0.0972
8,eval_precision,0.9103
8,eval_recall,0.9861
8,eval_time,13.0
8,___best___,___best___
9,eval_acc,0.9444
9,eval_auc,0.9444
9,eval_brier,0.0556
9,eval_f1,0.9467
9,eval_loss,0.0278
9,eval_mcc,0.892
9,eval_pf,0.0972
9,eval_precision,0.9103
9,eval_recall,0.9861
9,eval_time,13.0
9,___best___,___best___
