Epoch,Metrics,Score
0,eval_acc,0.2736
0,eval_auc,0.5
0,eval_brier,0.7264
0,eval_f1,0.4296
0,eval_loss,0.1614
0,eval_mcc,0.0
0,eval_pf,1.0
0,eval_precision,0.2736
0,eval_recall,1.0
0,eval_time,15.0
0,___best___,___best___
1,eval_acc,0.2736
1,eval_auc,0.5
1,eval_brier,0.7264
1,eval_f1,0.4296
1,eval_loss,0.1601
1,eval_mcc,0.0
1,eval_pf,1.0
1,eval_precision,0.2736
1,eval_recall,1.0
1,eval_time,15.0
1,___best___,___best___
2,eval_acc,0.2925
2,eval_auc,0.513
2,eval_brier,0.7075
2,eval_f1,0.4361
2,eval_loss,0.1472
2,eval_mcc,0.0851
2,eval_pf,0.974
2,eval_precision,0.2788
2,eval_recall,1.0
2,eval_time,15.0
2,___best___,___best___
3,eval_acc,0.6038
3,eval_auc,0.7058
3,eval_brier,0.3962
3,eval_f1,0.5625
3,eval_loss,0.1322
3,eval_mcc,0.3805
3,eval_pf,0.5195
3,eval_precision,0.403
3,eval_recall,0.931
3,eval_time,15.0
3,___best___,___best___
4,eval_acc,0.7264
4,eval_auc,0.7472
4,eval_brier,0.2736
4,eval_f1,0.6133
4,eval_loss,0.101
4,eval_mcc,0.4447
4,eval_pf,0.2987
4,eval_precision,0.5
4,eval_recall,0.7931
4,eval_time,15.0
4,___best___,___best___
5,eval_acc,0.7925
5,eval_auc,0.7819
5,eval_brier,0.2075
5,eval_f1,0.6667
5,eval_loss,0.0736
5,eval_mcc,0.5273
5,eval_pf,0.1948
5,eval_precision,0.5946
5,eval_recall,0.7586
5,eval_time,15.0
5,___best___,___best___
6,eval_acc,0.783
6,eval_auc,0.7647
6,eval_brier,0.217
6,eval_f1,0.6462
6,eval_loss,0.0656
6,eval_mcc,0.4983
6,eval_pf,0.1948
6,eval_precision,0.5833
6,eval_recall,0.7241
6,eval_time,15.0
7,eval_acc,0.783
7,eval_auc,0.7862
7,eval_brier,0.217
7,eval_f1,0.6667
7,eval_loss,0.0664
7,eval_mcc,0.5264
7,eval_pf,0.2208
7,eval_precision,0.575
7,eval_recall,0.7931
7,eval_time,15.0
7,___best___,___best___
8,eval_acc,0.8019
8,eval_auc,0.8099
8,eval_brier,0.1981
8,eval_f1,0.6957
8,eval_loss,0.0639
8,eval_mcc,0.57
8,eval_pf,0.2078
8,eval_precision,0.6
8,eval_recall,0.8276
8,eval_time,15.0
8,___best___,___best___
9,eval_acc,0.8019
9,eval_auc,0.8099
9,eval_brier,0.1981
9,eval_f1,0.6957
9,eval_loss,0.0618
9,eval_mcc,0.57
9,eval_pf,0.2078
9,eval_precision,0.6
9,eval_recall,0.8276
9,eval_time,15.0
9,___best___,___best___
