Epoch,Metrics,Score
0,eval_acc,0.9534
0,eval_auc,0.8703
0,eval_brier,0.0466
0,eval_f1,0.8214
0,eval_loss,0.0376
0,eval_mcc,0.7991
0,eval_pf,0.0136
0,eval_precision,0.902
0,eval_recall,0.7541
0,eval_time,129.0
0,___best___,___best___
1,eval_acc,0.9433
1,eval_auc,0.9031
1,eval_brier,0.0567
1,eval_f1,0.8094
1,eval_loss,0.0333
1,eval_mcc,0.7772
1,eval_pf,0.0408
1,eval_precision,0.775
1,eval_recall,0.847
1,eval_time,129.0
2,eval_acc,0.9138
2,eval_auc,0.9064
2,eval_brier,0.0862
2,eval_f1,0.7472
2,eval_loss,0.0384
2,eval_mcc,0.7112
2,eval_pf,0.0833
2,eval_precision,0.6406
2,eval_recall,0.8962
2,eval_time,129.0
3,eval_acc,0.9231
3,eval_auc,0.9187
3,eval_brier,0.0769
3,eval_f1,0.7714
3,eval_loss,0.0294
3,eval_mcc,0.7392
3,eval_pf,0.0752
3,eval_precision,0.668
3,eval_recall,0.9126
3,eval_time,129.0
4,eval_acc,0.9308
4,eval_auc,0.9255
4,eval_brier,0.0692
4,eval_f1,0.7906
4,eval_loss,0.0317
4,eval_mcc,0.7606
4,eval_pf,0.067
4,eval_precision,0.6942
4,eval_recall,0.918
4,eval_time,129.0
5,eval_acc,0.9091
5,eval_auc,0.9151
5,eval_brier,0.0909
5,eval_f1,0.7429
5,eval_loss,0.0404
5,eval_mcc,0.7102
5,eval_pf,0.0933
5,eval_precision,0.6213
5,eval_recall,0.9235
5,eval_time,129.0
6,eval_acc,0.9394
6,eval_auc,0.9214
6,eval_brier,0.0606
6,eval_f1,0.8079
6,eval_loss,0.0254
6,eval_mcc,0.7776
6,eval_pf,0.0534
6,eval_precision,0.7354
6,eval_recall,0.8962
6,eval_time,129.0
7,eval_acc,0.9285
7,eval_auc,0.915
7,eval_brier,0.0715
7,eval_f1,0.781
7,eval_loss,0.0303
7,eval_mcc,0.7479
7,eval_pf,0.0661
7,eval_precision,0.692
7,eval_recall,0.8962
7,eval_time,129.0
8,eval_acc,0.9239
8,eval_auc,0.9237
8,eval_brier,0.0761
8,eval_f1,0.7752
8,eval_loss,0.0319
8,eval_mcc,0.7447
8,eval_pf,0.0761
8,eval_precision,0.668
8,eval_recall,0.9235
8,eval_time,129.0
9,eval_acc,0.9285
9,eval_auc,0.9219
9,eval_brier,0.0715
9,eval_f1,0.784
9,eval_loss,0.0298
9,eval_mcc,0.7529
9,eval_pf,0.0688
9,eval_precision,0.6872
9,eval_recall,0.9126
9,eval_time,129.0
