Epoch,Metrics,Score
0,eval_acc,0.6963
0,eval_auc,0.7495
0,eval_brier,0.3037
0,eval_f1,0.387
0,eval_loss,0.1215
0,eval_mcc,0.3307
0,eval_pf,0.32
0,eval_precision,0.2533
0,eval_recall,0.819
0,eval_time,96.0
0,___best___,___best___
1,eval_acc,0.9152
1,eval_auc,0.9071
1,eval_brier,0.0848
1,eval_f1,0.7123
1,eval_loss,0.0378
1,eval_mcc,0.685
1,eval_pf,0.0823
1,eval_precision,0.5909
1,eval_recall,0.8966
1,eval_time,95.0
1,___best___,___best___
2,eval_acc,0.892
2,eval_auc,0.9015
2,eval_brier,0.108
2,eval_f1,0.6646
2,eval_loss,0.0387
2,eval_mcc,0.6396
2,eval_pf,0.1109
2,eval_precision,0.5222
2,eval_recall,0.9138
2,eval_time,96.0
3,eval_acc,0.894
3,eval_auc,0.9138
3,eval_brier,0.106
3,eval_f1,0.6749
3,eval_loss,0.0373
3,eval_mcc,0.6545
3,eval_pf,0.112
3,eval_precision,0.5266
3,eval_recall,0.9397
3,eval_time,95.0
4,eval_acc,0.9173
4,eval_auc,0.927
4,eval_brier,0.0827
4,eval_f1,0.7267
4,eval_loss,0.0287
4,eval_mcc,0.706
4,eval_pf,0.0857
4,eval_precision,0.5924
4,eval_recall,0.9397
4,eval_time,95.0
4,___best___,___best___
5,eval_acc,0.9041
5,eval_auc,0.9233
5,eval_brier,0.0959
5,eval_f1,0.6984
5,eval_loss,0.0375
5,eval_mcc,0.6794
5,eval_pf,0.1017
5,eval_precision,0.5528
5,eval_recall,0.9483
5,eval_time,95.0
6,eval_acc,0.9092
6,eval_auc,0.9224
6,eval_brier,0.0908
6,eval_f1,0.7078
6,eval_loss,0.0377
6,eval_mcc,0.6872
6,eval_pf,0.0949
6,eval_precision,0.5677
6,eval_recall,0.9397
6,eval_time,95.0
7,eval_acc,0.9082
7,eval_auc,0.9218
7,eval_brier,0.0918
7,eval_f1,0.7055
7,eval_loss,0.0368
7,eval_mcc,0.6849
7,eval_pf,0.096
7,eval_precision,0.5648
7,eval_recall,0.9397
7,eval_time,95.0
8,eval_acc,0.8567
8,eval_auc,0.8964
8,eval_brier,0.1433
8,eval_f1,0.6077
8,eval_loss,0.0576
8,eval_mcc,0.59
8,eval_pf,0.1554
8,eval_precision,0.4472
8,eval_recall,0.9483
8,eval_time,96.0
9,eval_acc,0.885
9,eval_auc,0.9124
9,eval_brier,0.115
9,eval_f1,0.6587
9,eval_loss,0.0457
9,eval_mcc,0.6402
9,eval_pf,0.1234
9,eval_precision,0.5046
9,eval_recall,0.9483
9,eval_time,96.0
