Epoch,Metrics,Score
0,eval_acc,0.9582
0,eval_auc,0.9318
0,eval_brier,0.0418
0,eval_f1,0.6641
0,eval_loss,0.023
0,eval_mcc,0.6704
0,eval_pf,0.0392
0,eval_precision,0.5253
0,eval_recall,0.9028
0,eval_time,595.0
0,___best___,___best___
1,eval_acc,0.8836
1,eval_auc,0.9208
1,eval_brier,0.1164
1,eval_f1,0.4308
1,eval_loss,0.0405
1,eval_mcc,0.4815
1,eval_pf,0.1201
1,eval_precision,0.2776
1,eval_recall,0.9618
1,eval_time,596.0
2,eval_acc,0.9666
2,eval_auc,0.9561
2,eval_brier,0.0334
2,eval_f1,0.7215
2,eval_loss,0.0173
2,eval_mcc,0.7279
2,eval_pf,0.0323
2,eval_precision,0.5837
2,eval_recall,0.9444
2,eval_time,595.0
2,___best___,___best___
3,eval_acc,0.9841
3,eval_auc,0.9636
3,eval_brier,0.0159
3,eval_f1,0.8442
3,eval_loss,0.009
3,eval_mcc,0.8409
3,eval_pf,0.0138
3,eval_precision,0.7655
3,eval_recall,0.941
3,eval_time,596.0
3,___best___,___best___
4,eval_acc,0.9801
4,eval_auc,0.9648
4,eval_brier,0.0199
4,eval_f1,0.8137
4,eval_loss,0.0076
4,eval_mcc,0.8126
4,eval_pf,0.0183
4,eval_precision,0.7128
4,eval_recall,0.9479
4,eval_time,594.0
5,eval_acc,0.9846
5,eval_auc,0.9688
5,eval_brier,0.0154
5,eval_f1,0.8496
5,eval_loss,0.006
5,eval_mcc,0.847
5,eval_pf,0.0138
5,eval_precision,0.7675
5,eval_recall,0.9514
5,eval_time,595.0
5,___best___,___best___
6,eval_acc,0.9776
6,eval_auc,0.9651
6,eval_brier,0.0224
6,eval_f1,0.7954
6,eval_loss,0.009
6,eval_mcc,0.7959
6,eval_pf,0.0212
6,eval_precision,0.6833
6,eval_recall,0.9514
6,eval_time,596.0
7,eval_acc,0.9793
7,eval_auc,0.9627
7,eval_brier,0.0207
7,eval_f1,0.8071
7,eval_loss,0.0092
7,eval_mcc,0.806
7,eval_pf,0.019
7,eval_precision,0.7047
7,eval_recall,0.9444
7,eval_time,595.0
8,eval_acc,0.9793
8,eval_auc,0.9644
8,eval_brier,0.0207
8,eval_f1,0.8077
8,eval_loss,0.009
8,eval_mcc,0.8069
8,eval_pf,0.0192
8,eval_precision,0.7036
8,eval_recall,0.9479
8,eval_time,595.0
9,eval_acc,0.9798
9,eval_auc,0.963
9,eval_brier,0.0202
9,eval_f1,0.8107
9,eval_loss,0.009
9,eval_mcc,0.8094
9,eval_pf,0.0185
9,eval_precision,0.7102
9,eval_recall,0.9444
9,eval_time,595.0
