Epoch,Metrics,Score
0,eval_acc,0.8815
0,eval_auc,0.8393
0,eval_brier,0.1185
0,eval_f1,0.5743
0,eval_loss,0.0549
0,eval_mcc,0.5376
0,eval_pf,0.1077
0,eval_precision,0.4522
0,eval_recall,0.7864
0,eval_time,292.0
0,___best___,___best___
1,eval_acc,0.886
1,eval_auc,0.8614
1,eval_brier,0.114
1,eval_f1,0.5968
1,eval_loss,0.0576
1,eval_mcc,0.567
1,eval_pf,0.1077
1,eval_precision,0.4658
1,eval_recall,0.8305
1,eval_time,292.0
1,___best___,___best___
2,eval_acc,0.9073
2,eval_auc,0.8673
2,eval_brier,0.0927
2,eval_f1,0.6418
2,eval_loss,0.0448
2,eval_mcc,0.6099
2,eval_pf,0.0824
2,eval_precision,0.5285
2,eval_recall,0.8169
2,eval_time,292.0
2,___best___,___best___
3,eval_acc,0.8739
3,eval_auc,0.8727
3,eval_brier,0.1261
3,eval_f1,0.5841
3,eval_loss,0.0498
3,eval_mcc,0.5615
3,eval_pf,0.1258
3,eval_precision,0.4393
3,eval_recall,0.8712
3,eval_time,290.0
4,eval_acc,0.8774
4,eval_auc,0.8716
4,eval_brier,0.1226
4,eval_f1,0.5889
4,eval_loss,0.0499
4,eval_mcc,0.565
4,eval_pf,0.1212
4,eval_precision,0.4466
4,eval_recall,0.8644
4,eval_time,291.0
5,eval_acc,0.8781
5,eval_auc,0.875
5,eval_brier,0.1219
5,eval_f1,0.5922
5,eval_loss,0.0456
5,eval_mcc,0.5694
5,eval_pf,0.1212
5,eval_precision,0.4485
5,eval_recall,0.8712
5,eval_time,291.0
6,eval_acc,0.8743
6,eval_auc,0.8699
6,eval_brier,0.1257
6,eval_f1,0.5829
6,eval_loss,0.0472
6,eval_mcc,0.559
6,eval_pf,0.1246
6,eval_precision,0.4397
6,eval_recall,0.8644
6,eval_time,291.0
7,eval_acc,0.8787
7,eval_auc,0.8664
7,eval_brier,0.1213
7,eval_f1,0.5878
7,eval_loss,0.0405
7,eval_mcc,0.5615
7,eval_pf,0.1181
7,eval_precision,0.449
7,eval_recall,0.8508
7,eval_time,292.0
8,eval_acc,0.9032
8,eval_auc,0.8815
8,eval_brier,0.0968
8,eval_f1,0.642
8,eval_loss,0.0387
8,eval_mcc,0.6155
8,eval_pf,0.0913
8,eval_precision,0.5143
8,eval_recall,0.8542
8,eval_time,290.0
8,___best___,___best___
9,eval_acc,0.9018
9,eval_auc,0.8777
9,eval_brier,0.0982
9,eval_f1,0.6369
9,eval_loss,0.0381
9,eval_mcc,0.6094
9,eval_pf,0.092
9,eval_precision,0.5102
9,eval_recall,0.8475
9,eval_time,290.0
