Epoch,Metrics,Score
0,eval_acc,0.9102
0,eval_auc,0.8371
0,eval_brier,0.0898
0,eval_f1,0.6716
0,eval_loss,0.1253
0,eval_mcc,0.6236
0,eval_pf,0.0657
0,eval_precision,0.6149
0,eval_recall,0.7398
0,eval_time,56.0
0,___best___,___best___
1,eval_acc,0.7437
1,eval_auc,0.7909
1,eval_brier,0.2563
1,eval_f1,0.4526
1,eval_loss,0.3088
1,eval_mcc,0.4038
1,eval_pf,0.2719
1,eval_precision,0.3079
1,eval_recall,0.8537
1,eval_time,56.0
2,eval_acc,0.8961
2,eval_auc,0.8569
2,eval_brier,0.1039
2,eval_f1,0.6578
2,eval_loss,0.1454
2,eval_mcc,0.6132
2,eval_pf,0.091
2,eval_precision,0.5562
2,eval_recall,0.8049
2,eval_time,56.0
3,eval_acc,0.9001
3,eval_auc,0.8837
3,eval_brier,0.0999
3,eval_f1,0.6817
3,eval_loss,0.1514
3,eval_mcc,0.6453
3,eval_pf,0.0945
3,eval_precision,0.5638
3,eval_recall,0.8618
3,eval_time,56.0
3,___best___,___best___
4,eval_acc,0.8971
4,eval_auc,0.8715
4,eval_brier,0.1029
4,eval_f1,0.6688
4,eval_loss,0.1335
4,eval_mcc,0.6286
4,eval_pf,0.0945
4,eval_precision,0.5568
4,eval_recall,0.8374
4,eval_time,56.0
5,eval_acc,0.9455
5,eval_auc,0.8991
5,eval_brier,0.0545
5,eval_f1,0.7923
5,eval_loss,0.0795
5,eval_mcc,0.7625
5,eval_pf,0.0392
5,eval_precision,0.7518
5,eval_recall,0.8374
5,eval_time,56.0
5,___best___,___best___
6,eval_acc,0.9294
6,eval_auc,0.9004
6,eval_brier,0.0706
6,eval_f1,0.7518
6,eval_loss,0.1008
6,eval_mcc,0.7193
6,eval_pf,0.0611
6,eval_precision,0.6667
6,eval_recall,0.8618
6,eval_time,56.0
7,eval_acc,0.9273
7,eval_auc,0.8957
7,eval_brier,0.0727
7,eval_f1,0.7447
7,eval_loss,0.0915
7,eval_mcc,0.711
7,eval_pf,0.0622
7,eval_precision,0.6604
7,eval_recall,0.8537
7,eval_time,56.0
8,eval_acc,0.9273
8,eval_auc,0.8992
8,eval_brier,0.0727
8,eval_f1,0.7465
8,eval_loss,0.0969
8,eval_mcc,0.7137
8,eval_pf,0.0634
8,eval_precision,0.6584
8,eval_recall,0.8618
8,eval_time,57.0
9,eval_acc,0.9193
9,eval_auc,0.8981
9,eval_brier,0.0807
9,eval_f1,0.7279
9,eval_loss,0.1083
9,eval_mcc,0.6947
9,eval_pf,0.0737
9,eval_precision,0.6257
9,eval_recall,0.8699
9,eval_time,56.0
