Epoch,Metrics,Score
0,eval_acc,0.9324
0,eval_auc,0.8079
0,eval_brier,0.0676
0,eval_f1,0.7129
0,eval_loss,0.0844
0,eval_mcc,0.681
0,eval_pf,0.0233
0,eval_precision,0.806
0,eval_recall,0.6391
0,eval_time,74.0
1,eval_acc,0.9378
1,eval_auc,0.8387
1,eval_brier,0.0622
1,eval_f1,0.7484
1,eval_loss,0.0855
1,eval_mcc,0.715
1,eval_pf,0.0268
1,eval_precision,0.7987
1,eval_recall,0.7041
1,eval_time,74.0
2,eval_acc,0.9433
2,eval_auc,0.8343
2,eval_brier,0.0567
2,eval_f1,0.7607
2,eval_loss,0.08
2,eval_mcc,0.7344
2,eval_pf,0.0179
2,eval_precision,0.8529
2,eval_recall,0.6864
2,eval_time,74.0
2,___best___,___best___
3,eval_acc,0.9161
3,eval_auc,0.8663
3,eval_brier,0.0839
3,eval_f1,0.7143
3,eval_loss,0.1016
3,eval_mcc,0.6709
3,eval_pf,0.0662
3,eval_precision,0.6459
3,eval_recall,0.7988
3,eval_time,74.0
4,eval_acc,0.9184
4,eval_auc,0.8576
4,eval_brier,0.0816
4,eval_f1,0.7139
4,eval_loss,0.1026
4,eval_mcc,0.6695
4,eval_pf,0.0599
4,eval_precision,0.6616
4,eval_recall,0.7751
4,eval_time,74.0
5,eval_acc,0.9293
5,eval_auc,0.8614
5,eval_brier,0.0707
5,eval_f1,0.7407
5,eval_loss,0.0874
5,eval_mcc,0.7005
5,eval_pf,0.0465
5,eval_precision,0.7143
5,eval_recall,0.7692
5,eval_time,74.0
6,eval_acc,0.9285
6,eval_auc,0.8408
6,eval_brier,0.0715
6,eval_f1,0.7262
6,eval_loss,0.0961
6,eval_mcc,0.6851
6,eval_pf,0.0403
6,eval_precision,0.7305
6,eval_recall,0.7219
6,eval_time,74.0
7,eval_acc,0.9371
7,eval_auc,0.8457
7,eval_brier,0.0629
7,eval_f1,0.7508
7,eval_loss,0.0864
7,eval_mcc,0.7156
7,eval_pf,0.0304
7,eval_precision,0.7821
7,eval_recall,0.7219
7,eval_time,74.0
8,eval_acc,0.9332
8,eval_auc,0.846
8,eval_brier,0.0668
8,eval_f1,0.741
8,eval_loss,0.0788
8,eval_mcc,0.7028
8,eval_pf,0.0358
8,eval_precision,0.7546
8,eval_recall,0.7278
8,eval_time,74.0
9,eval_acc,0.9316
9,eval_auc,0.8501
9,eval_brier,0.0684
9,eval_f1,0.7396
9,eval_loss,0.0814
9,eval_mcc,0.7003
9,eval_pf,0.0394
9,eval_precision,0.7396
9,eval_recall,0.7396
9,eval_time,74.0
