Epoch,Metrics,Score
0,eval_acc,0.9215
0,eval_auc,0.8669
0,eval_brier,0.0785
0,eval_f1,0.7263
0,eval_loss,0.1174
0,eval_mcc,0.6841
0,eval_pf,0.059
0,eval_precision,0.67
0,eval_recall,0.7929
0,eval_time,73.0
0,___best___,___best___
1,eval_acc,0.8563
1,eval_auc,0.857
1,eval_brier,0.1437
1,eval_f1,0.6105
1,eval_loss,0.1741
1,eval_mcc,0.5664
1,eval_pf,0.144
1,eval_precision,0.4739
1,eval_recall,0.858
1,eval_time,73.0
2,eval_acc,0.9355
2,eval_auc,0.87
2,eval_brier,0.0645
2,eval_f1,0.7608
2,eval_loss,0.0833
2,eval_mcc,0.7239
2,eval_pf,0.0411
2,eval_precision,0.7416
2,eval_recall,0.7811
2,eval_time,73.0
2,___best___,___best___
3,eval_acc,0.9479
3,eval_auc,0.8344
3,eval_brier,0.0521
3,eval_f1,0.7744
3,eval_loss,0.0765
3,eval_mcc,0.7548
3,eval_pf,0.0116
3,eval_precision,0.8984
3,eval_recall,0.6805
3,eval_time,73.0
3,___best___,___best___
4,eval_acc,0.9417
4,eval_auc,0.8585
4,eval_brier,0.0583
4,eval_f1,0.7706
4,eval_loss,0.0752
4,eval_mcc,0.7379
4,eval_pf,0.0286
4,eval_precision,0.7975
4,eval_recall,0.7456
4,eval_time,73.0
5,eval_acc,0.9425
5,eval_auc,0.8313
5,eval_brier,0.0575
5,eval_f1,0.7566
5,eval_loss,0.0819
5,eval_mcc,0.7303
5,eval_pf,0.0179
5,eval_precision,0.8519
5,eval_recall,0.6805
5,eval_time,73.0
6,eval_acc,0.9402
6,eval_auc,0.83
6,eval_brier,0.0598
6,eval_f1,0.7492
6,eval_loss,0.0863
6,eval_mcc,0.7203
6,eval_pf,0.0206
6,eval_precision,0.8333
6,eval_recall,0.6805
6,eval_time,73.0
7,eval_acc,0.9394
7,eval_auc,0.8446
7,eval_brier,0.0606
7,eval_f1,0.7562
7,eval_loss,0.0855
7,eval_mcc,0.7233
7,eval_pf,0.0268
7,eval_precision,0.8013
7,eval_recall,0.716
7,eval_time,73.0
8,eval_acc,0.9386
8,eval_auc,0.8316
8,eval_brier,0.0614
8,eval_f1,0.746
8,eval_loss,0.0891
8,eval_mcc,0.7149
8,eval_pf,0.0233
8,eval_precision,0.8169
8,eval_recall,0.6864
8,eval_time,73.0
9,eval_acc,0.9378
9,eval_auc,0.8311
9,eval_brier,0.0622
9,eval_f1,0.7436
9,eval_loss,0.0886
9,eval_mcc,0.7117
9,eval_pf,0.0242
9,eval_precision,0.8112
9,eval_recall,0.6864
9,eval_time,73.0
