Epoch,Metrics,Score
0,eval_acc,0.8873
0,eval_auc,0.8598
0,eval_brier,0.1127
0,eval_f1,0.6572
0,eval_loss,0.1406
0,eval_mcc,0.6107
0,eval_pf,0.1029
0,eval_precision,0.5472
0,eval_recall,0.8225
0,eval_time,74.0
1,eval_acc,0.934
1,eval_auc,0.8465
1,eval_brier,0.066
1,eval_f1,0.7432
1,eval_loss,0.0795
1,eval_mcc,0.7055
1,eval_pf,0.0349
1,eval_precision,0.7593
1,eval_recall,0.7278
1,eval_time,74.0
2,eval_acc,0.9293
2,eval_auc,0.8187
2,eval_brier,0.0707
2,eval_f1,0.7129
2,eval_loss,0.0984
2,eval_mcc,0.6747
2,eval_pf,0.0313
2,eval_precision,0.7635
2,eval_recall,0.6686
2,eval_time,74.0
3,eval_acc,0.9254
3,eval_auc,0.7737
3,eval_brier,0.0746
3,eval_f1,0.6667
3,eval_loss,0.1066
3,eval_mcc,0.6383
3,eval_pf,0.0206
3,eval_precision,0.8067
3,eval_recall,0.568
3,eval_time,74.0
4,eval_acc,0.9254
4,eval_auc,0.8139
4,eval_brier,0.0746
4,eval_f1,0.7
4,eval_loss,0.0956
4,eval_mcc,0.6589
4,eval_pf,0.0349
4,eval_precision,0.7417
4,eval_recall,0.6627
4,eval_time,74.0
5,eval_acc,0.9324
5,eval_auc,0.8456
5,eval_brier,0.0676
5,eval_f1,0.7387
5,eval_loss,0.0912
5,eval_mcc,0.7
5,eval_pf,0.0367
5,eval_precision,0.75
5,eval_recall,0.7278
5,eval_time,74.0
6,eval_acc,0.9324
6,eval_auc,0.838
6,eval_brier,0.0676
6,eval_f1,0.7339
6,eval_loss,0.0893
6,eval_mcc,0.6958
6,eval_pf,0.034
6,eval_precision,0.7595
6,eval_recall,0.7101
6,eval_time,74.0
7,eval_acc,0.9184
7,eval_auc,0.8626
7,eval_brier,0.0816
7,eval_f1,0.717
7,eval_loss,0.1023
7,eval_mcc,0.6734
7,eval_pf,0.0617
7,eval_precision,0.6584
7,eval_recall,0.787
7,eval_time,74.0
8,eval_acc,0.9324
8,eval_auc,0.8305
8,eval_brier,0.0676
8,eval_f1,0.729
8,eval_loss,0.0831
8,eval_mcc,0.6917
8,eval_pf,0.0313
8,eval_precision,0.7697
8,eval_recall,0.6923
8,eval_time,74.0
9,eval_acc,0.9246
9,eval_auc,0.8436
9,eval_brier,0.0754
9,eval_f1,0.7188
9,eval_loss,0.0871
9,eval_mcc,0.6755
9,eval_pf,0.0465
9,eval_precision,0.7045
9,eval_recall,0.7337
9,eval_time,74.0
