Epoch,Metrics,Score
0,eval_acc,0.9378
0,eval_auc,0.8763
0,eval_brier,0.0622
0,eval_f1,0.7701
0,eval_loss,0.0937
0,eval_mcc,0.7346
0,eval_pf,0.0403
0,eval_precision,0.7486
0,eval_recall,0.7929
0,eval_time,73.0
0,___inline___,___inline___
1,eval_acc,0.8959
1,eval_auc,0.8396
1,eval_brier,0.1041
1,eval_f1,0.6582
1,eval_loss,0.1216
1,eval_mcc,0.6061
1,eval_pf,0.0841
1,eval_precision,0.5785
1,eval_recall,0.7633
1,eval_time,73.0
2,eval_acc,0.9153
2,eval_auc,0.8056
2,eval_brier,0.0847
2,eval_f1,0.6707
2,eval_loss,0.1116
2,eval_mcc,0.6223
2,eval_pf,0.0456
2,eval_precision,0.6852
2,eval_recall,0.6568
2,eval_time,73.0
3,eval_acc,0.9215
3,eval_auc,0.8016
3,eval_brier,0.0785
3,eval_f1,0.6814
3,eval_loss,0.0979
3,eval_mcc,0.6387
3,eval_pf,0.0358
3,eval_precision,0.7297
3,eval_recall,0.6391
3,eval_time,73.0
4,eval_acc,0.913
4,eval_auc,0.744
4,eval_brier,0.087
4,eval_f1,0.6084
4,eval_loss,0.1076
4,eval_mcc,0.5733
4,eval_pf,0.0268
4,eval_precision,0.7436
4,eval_recall,0.5148
4,eval_time,73.0
5,eval_acc,0.9145
5,eval_auc,0.8252
5,eval_brier,0.0855
5,eval_f1,0.6839
5,eval_loss,0.1033
5,eval_mcc,0.6349
5,eval_pf,0.0537
5,eval_precision,0.6648
5,eval_recall,0.7041
5,eval_time,73.0
6,eval_acc,0.8959
6,eval_auc,0.6814
6,eval_brier,0.1041
6,eval_f1,0.4962
6,eval_loss,0.131
6,eval_mcc,0.4642
6,eval_pf,0.0277
6,eval_precision,0.6804
6,eval_recall,0.3905
6,eval_time,73.0
7,eval_acc,0.9021
7,eval_auc,0.7252
7,eval_brier,0.0979
7,eval_f1,0.5655
7,eval_loss,0.1135
7,eval_mcc,0.5211
7,eval_pf,0.0349
7,eval_precision,0.6777
7,eval_recall,0.4852
7,eval_time,73.0
8,eval_acc,0.9005
8,eval_auc,0.7569
8,eval_brier,0.0995
8,eval_f1,0.5975
8,eval_loss,0.1143
8,eval_mcc,0.5424
8,eval_pf,0.0483
8,eval_precision,0.6376
8,eval_recall,0.5621
8,eval_time,73.0
9,eval_acc,0.8974
9,eval_auc,0.7802
9,eval_brier,0.1026
9,eval_f1,0.614
9,eval_loss,0.1258
9,eval_mcc,0.555
9,eval_pf,0.0608
9,eval_precision,0.6069
9,eval_recall,0.6213
9,eval_time,73.0
