Epoch,Metrics,Score
0,eval_acc,0.9316
0,eval_auc,0.8853
0,eval_brier,0.0684
0,eval_f1,0.7596
0,eval_loss,0.0641
0,eval_mcc,0.7229
0,eval_pf,0.0519
0,eval_precision,0.7056
0,eval_recall,0.8225
0,eval_time,47.0
0,___inline___,___inline___
1,eval_acc,0.9153
1,eval_auc,0.8809
1,eval_brier,0.0847
1,eval_f1,0.7212
1,eval_loss,0.0554
1,eval_mcc,0.6811
1,eval_pf,0.0725
1,eval_precision,0.6351
1,eval_recall,0.8343
1,eval_time,46.0
2,eval_acc,0.9456
2,eval_auc,0.8733
2,eval_brier,0.0544
2,eval_f1,0.7892
2,eval_loss,0.0505
2,eval_mcc,0.7581
2,eval_pf,0.0286
2,eval_precision,0.8037
2,eval_recall,0.7751
2,eval_time,47.0
2,___best___,___best___
3,eval_acc,0.9347
3,eval_auc,0.872
3,eval_brier,0.0653
3,eval_f1,0.76
3,eval_loss,0.0528
3,eval_mcc,0.7229
3,eval_pf,0.0429
3,eval_precision,0.7348
3,eval_recall,0.787
3,eval_time,46.0
4,eval_acc,0.9153
4,eval_auc,0.8684
4,eval_brier,0.0847
4,eval_f1,0.7139
4,eval_loss,0.0541
4,eval_mcc,0.6708
4,eval_pf,0.068
4,eval_precision,0.6415
4,eval_recall,0.8047
4,eval_time,47.0
5,eval_acc,0.9378
5,eval_auc,0.8839
5,eval_brier,0.0622
5,eval_f1,0.774
5,eval_loss,0.0448
5,eval_mcc,0.7391
5,eval_pf,0.0429
5,eval_precision,0.7405
5,eval_recall,0.8107
5,eval_time,47.0
6,eval_acc,0.9355
6,eval_auc,0.88
6,eval_brier,0.0645
6,eval_f1,0.7662
6,eval_loss,0.047
6,eval_mcc,0.73
6,eval_pf,0.0447
6,eval_precision,0.7312
6,eval_recall,0.8047
6,eval_time,47.0
