Epoch,Metrics,Score
0,eval_acc,0.9161
0,eval_auc,0.8362
0,eval_brier,0.0839
0,eval_f1,0.6949
0,eval_loss,0.1132
0,eval_mcc,0.6473
0,eval_pf,0.0555
0,eval_precision,0.6649
0,eval_recall,0.7278
0,eval_time,73.0
0,___inline___,___inline___
1,eval_acc,0.9355
1,eval_auc,0.8423
1,eval_brier,0.0645
1,eval_f1,0.7446
1,eval_loss,0.0767
1,eval_mcc,0.7085
1,eval_pf,0.0313
1,eval_precision,0.7756
1,eval_recall,0.716
1,eval_time,73.0
1,___inline___,___inline___
2,eval_acc,0.8687
2,eval_auc,0.5
2,eval_brier,0.1313
2,eval_f1,0.0
2,eval_loss,0.204
2,eval_mcc,0.0
2,eval_pf,0.0
2,eval_precision,0.0
2,eval_recall,0.0
2,eval_time,73.0
3,eval_acc,0.1702
3,eval_auc,0.5148
3,eval_brier,0.8298
3,eval_f1,0.2371
3,eval_loss,0.385
3,eval_mcc,0.0491
3,eval_pf,0.9526
3,eval_precision,0.1348
3,eval_recall,0.9822
3,eval_time,73.0
4,eval_acc,0.6162
4,eval_auc,0.6937
4,eval_brier,0.3838
4,eval_f1,0.3534
4,eval_loss,0.361
4,eval_mcc,0.2624
4,eval_pf,0.4114
4,eval_precision,0.2269
4,eval_recall,0.7988
4,eval_time,73.0
5,eval_acc,0.69
5,eval_auc,0.7337
5,eval_brier,0.31
5,eval_f1,0.4018
5,eval_loss,0.3764
5,eval_mcc,0.3241
5,eval_pf,0.3256
5,eval_precision,0.2691
5,eval_recall,0.7929
5,eval_time,73.0
6,eval_acc,0.6053
6,eval_auc,0.71
6,eval_brier,0.3947
6,eval_f1,0.3618
6,eval_loss,0.4194
6,eval_mcc,0.2838
6,eval_pf,0.432
6,eval_precision,0.2297
6,eval_recall,0.8521
6,eval_time,73.0
7,eval_acc,0.5874
7,eval_auc,0.7022
7,eval_brier,0.4126
7,eval_f1,0.3532
7,eval_loss,0.3911
7,eval_mcc,0.2733
7,eval_pf,0.4535
7,eval_precision,0.2224
7,eval_recall,0.858
7,eval_time,73.0
8,eval_acc,0.5136
8,eval_auc,0.6723
8,eval_brier,0.4864
8,eval_f1,0.324
8,eval_loss,0.4804
8,eval_mcc,0.2365
8,eval_pf,0.5429
8,eval_precision,0.1982
8,eval_recall,0.8876
8,eval_time,73.0
9,eval_acc,0.561
9,eval_auc,0.6946
9,eval_brier,0.439
9,eval_f1,0.3438
9,eval_loss,0.4302
9,eval_mcc,0.2636
9,eval_pf,0.4866
9,eval_precision,0.2139
9,eval_recall,0.8757
9,eval_time,73.0
