Epoch,Metrics,Score
0,eval_acc,0.9371
0,eval_auc,0.8633
0,eval_brier,0.0629
0,eval_f1,0.7611
0,eval_loss,0.0832
0,eval_mcc,0.7248
0,eval_pf,0.0367
0,eval_precision,0.7588
0,eval_recall,0.7633
0,eval_time,74.0
0,___inline___,___inline___
1,eval_acc,0.9277
1,eval_auc,0.8906
1,eval_brier,0.0723
1,eval_f1,0.7533
1,eval_loss,0.1094
1,eval_mcc,0.7168
1,eval_pf,0.059
1,eval_precision,0.6827
1,eval_recall,0.8402
1,eval_time,74.0
2,eval_acc,0.9176
2,eval_auc,0.8823
2,eval_brier,0.0824
2,eval_f1,0.7268
2,eval_loss,0.0999
2,eval_mcc,0.6872
2,eval_pf,0.0698
2,eval_precision,0.6438
2,eval_recall,0.8343
2,eval_time,74.0
3,eval_acc,0.9153
3,eval_auc,0.886
3,eval_brier,0.0847
3,eval_f1,0.7241
3,eval_loss,0.1138
3,eval_mcc,0.6852
3,eval_pf,0.0742
3,eval_precision,0.6327
3,eval_recall,0.8462
3,eval_time,74.0
4,eval_acc,0.9138
4,eval_auc,0.8876
4,eval_brier,0.0862
4,eval_f1,0.7218
4,eval_loss,0.1074
4,eval_mcc,0.6834
4,eval_pf,0.0769
4,eval_precision,0.6261
4,eval_recall,0.8521
4,eval_time,74.0
5,eval_acc,0.9138
5,eval_auc,0.8951
5,eval_brier,0.0862
5,eval_f1,0.7259
5,eval_loss,0.1122
5,eval_mcc,0.6897
5,eval_pf,0.0796
5,eval_precision,0.6229
5,eval_recall,0.8698
5,eval_time,74.0
6,eval_acc,0.9068
6,eval_auc,0.8936
6,eval_brier,0.0932
6,eval_f1,0.7115
6,eval_loss,0.1191
6,eval_mcc,0.6751
6,eval_pf,0.0886
6,eval_precision,0.5992
6,eval_recall,0.8757
6,eval_time,74.0
7,eval_acc,0.9192
7,eval_auc,0.8882
7,eval_brier,0.0808
7,eval_f1,0.7333
7,eval_loss,0.0968
7,eval_mcc,0.6953
7,eval_pf,0.0698
7,eval_precision,0.6471
7,eval_recall,0.8462
7,eval_time,74.0
8,eval_acc,0.9099
8,eval_auc,0.8929
8,eval_brier,0.0901
8,eval_f1,0.7171
8,eval_loss,0.1107
8,eval_mcc,0.6803
8,eval_pf,0.0841
8,eval_precision,0.61
8,eval_recall,0.8698
8,eval_time,74.0
9,eval_acc,0.9145
9,eval_auc,0.8855
9,eval_brier,0.0855
9,eval_f1,0.7222
9,eval_loss,0.0984
9,eval_mcc,0.6832
9,eval_pf,0.0751
9,eval_precision,0.63
9,eval_recall,0.8462
9,eval_time,74.0
