Epoch,Metrics,Score
0,eval_acc,0.8967
0,eval_auc,0.8627
0,eval_brier,0.1033
0,eval_f1,0.6748
0,eval_loss,0.1456
0,eval_mcc,0.629
0,eval_pf,0.0912
0,eval_precision,0.575
0,eval_recall,0.8166
0,eval_time,72.0
0,___best___,___best___
1,eval_acc,0.791
1,eval_auc,0.8345
1,eval_brier,0.209
1,eval_f1,0.5289
1,eval_loss,0.2562
1,eval_mcc,0.4875
1,eval_pf,0.2245
1,eval_precision,0.3756
1,eval_recall,0.8935
1,eval_time,73.0
2,eval_acc,0.8423
2,eval_auc,0.8515
2,eval_brier,0.1577
2,eval_f1,0.5899
2,eval_loss,0.199
2,eval_mcc,0.5459
2,eval_pf,0.161
2,eval_precision,0.4479
2,eval_recall,0.8639
2,eval_time,73.0
3,eval_acc,0.8757
3,eval_auc,0.8657
3,eval_brier,0.1243
3,eval_f1,0.6429
3,eval_loss,0.1352
3,eval_mcc,0.5994
3,eval_pf,0.1208
3,eval_precision,0.5161
3,eval_recall,0.8521
3,eval_time,73.0
4,eval_acc,0.857
4,eval_auc,0.8625
4,eval_brier,0.143
4,eval_f1,0.6151
4,eval_loss,0.1652
4,eval_mcc,0.5732
4,eval_pf,0.1449
4,eval_precision,0.4757
4,eval_recall,0.8698
4,eval_time,73.0
5,eval_acc,0.7894
5,eval_auc,0.8311
5,eval_brier,0.2106
5,eval_f1,0.5254
5,eval_loss,0.2562
5,eval_mcc,0.4826
5,eval_pf,0.2254
5,eval_precision,0.3731
5,eval_recall,0.8876
5,eval_time,73.0
6,eval_acc,0.8695
6,eval_auc,0.8621
6,eval_brier,0.1305
6,eval_f1,0.6316
6,eval_loss,0.1558
6,eval_mcc,0.5876
6,eval_pf,0.1279
6,eval_precision,0.5017
6,eval_recall,0.8521
6,eval_time,73.0
7,eval_acc,0.8291
7,eval_auc,0.8464
7,eval_brier,0.1709
7,eval_f1,0.572
7,eval_loss,0.1824
7,eval_mcc,0.5282
7,eval_pf,0.1771
7,eval_precision,0.4261
7,eval_recall,0.8698
7,eval_time,73.0
8,eval_acc,0.8081
8,eval_auc,0.8393
8,eval_brier,0.1919
8,eval_f1,0.5468
8,eval_loss,0.2038
8,eval_mcc,0.504
8,eval_pf,0.203
8,eval_precision,0.3963
8,eval_recall,0.8817
8,eval_time,73.0
9,eval_acc,0.8104
9,eval_auc,0.8381
9,eval_brier,0.1896
9,eval_f1,0.5481
9,eval_loss,0.2019
9,eval_mcc,0.5043
9,eval_pf,0.1995
9,eval_precision,0.3989
9,eval_recall,0.8757
9,eval_time,73.0
