Epoch,Metrics,Score
0,eval_acc,0.9122
0,eval_auc,0.8741
0,eval_brier,0.0878
0,eval_f1,0.711
0,eval_loss,0.1021
0,eval_mcc,0.6689
0,eval_pf,0.0742
0,eval_precision,0.6261
0,eval_recall,0.8225
0,eval_time,74.0
1,eval_acc,0.8594
1,eval_auc,0.8663
1,eval_brier,0.1406
1,eval_f1,0.6205
1,eval_loss,0.1524
1,eval_mcc,0.5799
1,eval_pf,0.1431
1,eval_precision,0.4805
1,eval_recall,0.8757
1,eval_time,74.0
2,eval_acc,0.9044
2,eval_auc,0.8722
2,eval_brier,0.0956
2,eval_f1,0.6948
2,eval_loss,0.1319
2,eval_mcc,0.6518
2,eval_pf,0.0841
2,eval_precision,0.5983
2,eval_recall,0.8284
2,eval_time,74.0
3,eval_acc,0.9169
3,eval_auc,0.8944
3,eval_brier,0.0831
3,eval_f1,0.7318
3,eval_loss,0.095
3,eval_mcc,0.6954
3,eval_pf,0.0751
3,eval_precision,0.6348
3,eval_recall,0.8639
3,eval_time,74.0
4,eval_acc,0.934
4,eval_auc,0.8741
4,eval_brier,0.066
4,eval_f1,0.7592
4,eval_loss,0.0873
4,eval_mcc,0.7219
4,eval_pf,0.0447
4,eval_precision,0.7283
4,eval_recall,0.7929
4,eval_time,74.0
5,eval_acc,0.9386
5,eval_auc,0.8768
5,eval_brier,0.0614
5,eval_f1,0.7723
5,eval_loss,0.0871
5,eval_mcc,0.7372
5,eval_pf,0.0394
5,eval_precision,0.7528
5,eval_recall,0.7929
5,eval_time,74.0
5,___best___,___best___
6,eval_acc,0.9215
6,eval_auc,0.8795
6,eval_brier,0.0785
6,eval_f1,0.7335
6,eval_loss,0.1098
6,eval_mcc,0.6937
6,eval_pf,0.0635
6,eval_precision,0.6619
6,eval_recall,0.8225
6,eval_time,74.0
7,eval_acc,0.9207
7,eval_auc,0.8816
7,eval_brier,0.0793
7,eval_f1,0.733
7,eval_loss,0.1022
7,eval_mcc,0.6935
7,eval_pf,0.0653
7,eval_precision,0.6573
7,eval_recall,0.8284
7,eval_time,74.0
