Epoch,Metrics,Score
0,eval_acc,0.9308
0,eval_auc,0.8648
0,eval_brier,0.0692
0,eval_f1,0.7464
0,eval_loss,0.0944
0,eval_mcc,0.7071
0,eval_pf,0.0456
0,eval_precision,0.7198
0,eval_recall,0.7751
0,eval_time,73.0
1,eval_acc,0.9301
1,eval_auc,0.8568
1,eval_brier,0.0699
1,eval_f1,0.7399
1,eval_loss,0.0966
1,eval_mcc,0.6998
1,eval_pf,0.0438
1,eval_precision,0.7232
1,eval_recall,0.7574
1,eval_time,73.0
2,eval_acc,0.819
2,eval_auc,0.7953
2,eval_brier,0.181
2,eval_f1,0.5255
2,eval_loss,0.2089
2,eval_mcc,0.4606
2,eval_pf,0.1726
2,eval_precision,0.4006
2,eval_recall,0.7633
2,eval_time,73.0
3,eval_acc,0.9324
3,eval_auc,0.7702
3,eval_brier,0.0676
3,eval_f1,0.6813
3,eval_loss,0.0881
3,eval_mcc,0.6698
3,eval_pf,0.0098
3,eval_precision,0.8942
3,eval_recall,0.5503
3,eval_time,73.0
4,eval_acc,0.9378
4,eval_auc,0.8412
4,eval_brier,0.0622
4,eval_f1,0.75
4,eval_loss,0.0781
4,eval_mcc,0.7161
4,eval_pf,0.0277
4,eval_precision,0.7947
4,eval_recall,0.7101
4,eval_time,73.0
5,eval_acc,0.9409
5,eval_auc,0.853
5,eval_brier,0.0591
5,eval_f1,0.7654
5,eval_loss,0.0848
5,eval_mcc,0.7326
5,eval_pf,0.0277
5,eval_precision,0.8
5,eval_recall,0.7337
5,eval_time,73.0
6,eval_acc,0.9378
6,eval_auc,0.8387
6,eval_brier,0.0622
6,eval_f1,0.7484
6,eval_loss,0.0818
6,eval_mcc,0.715
6,eval_pf,0.0268
6,eval_precision,0.7987
6,eval_recall,0.7041
6,eval_time,73.0
7,eval_acc,0.9386
7,eval_auc,0.8466
7,eval_brier,0.0614
7,eval_f1,0.7554
7,eval_loss,0.0795
7,eval_mcc,0.7214
7,eval_pf,0.0286
7,eval_precision,0.7922
7,eval_recall,0.7219
7,eval_time,73.0
8,eval_acc,0.9262
8,eval_auc,0.8571
8,eval_brier,0.0738
8,eval_f1,0.7309
8,eval_loss,0.101
8,eval_mcc,0.689
8,eval_pf,0.0492
8,eval_precision,0.7011
8,eval_recall,0.7633
8,eval_time,73.0
9,eval_acc,0.9347
9,eval_auc,0.8494
9,eval_brier,0.0653
9,eval_f1,0.747
9,eval_loss,0.0876
9,eval_mcc,0.7097
9,eval_pf,0.0349
9,eval_precision,0.7607
9,eval_recall,0.7337
9,eval_time,73.0
