Epoch,Metrics,Score
0,eval_acc,0.9169
0,eval_auc,0.8642
0,eval_brier,0.0831
0,eval_f1,0.7147
0,eval_loss,0.1011
0,eval_mcc,0.671
0,eval_pf,0.0644
0,eval_precision,0.6505
0,eval_recall,0.7929
0,eval_time,73.0
1,eval_acc,0.9231
1,eval_auc,0.8653
1,eval_brier,0.0769
1,eval_f1,0.7288
1,eval_loss,0.1024
1,eval_mcc,0.6868
1,eval_pf,0.0564
1,eval_precision,0.6786
1,eval_recall,0.787
1,eval_time,73.0
2,eval_acc,0.9441
2,eval_auc,0.8849
2,eval_brier,0.0559
2,eval_f1,0.7907
2,eval_loss,0.0779
2,eval_mcc,0.7586
2,eval_pf,0.0349
2,eval_precision,0.7771
2,eval_recall,0.8047
2,eval_time,73.0
2,___best___,___best___
3,eval_acc,0.9363
3,eval_auc,0.893
3,eval_brier,0.0637
3,eval_f1,0.7747
3,eval_loss,0.081
3,eval_mcc,0.7404
3,eval_pf,0.0483
3,eval_precision,0.7231
3,eval_recall,0.8343
3,eval_time,73.0
4,eval_acc,0.8632
4,eval_auc,0.8937
4,eval_brier,0.1368
4,eval_f1,0.6423
4,eval_loss,0.0951
4,eval_mcc,0.6133
4,eval_pf,0.1476
4,eval_precision,0.4892
4,eval_recall,0.9349
4,eval_time,73.0
5,eval_acc,0.9246
5,eval_auc,0.8863
5,eval_brier,0.0754
5,eval_f1,0.7441
5,eval_loss,0.0981
5,eval_mcc,0.7062
5,eval_pf,0.0617
5,eval_precision,0.6714
5,eval_recall,0.8343
5,eval_time,73.0
6,eval_acc,0.9184
6,eval_auc,0.8928
6,eval_brier,0.0816
6,eval_f1,0.7342
6,eval_loss,0.0891
6,eval_mcc,0.6973
6,eval_pf,0.0725
6,eval_precision,0.6416
6,eval_recall,0.858
6,eval_time,73.0
7,eval_acc,0.9246
7,eval_auc,0.8913
7,eval_brier,0.0754
7,eval_f1,0.7467
7,eval_loss,0.0952
7,eval_mcc,0.7099
7,eval_pf,0.0635
7,eval_precision,0.6682
7,eval_recall,0.8462
7,eval_time,73.0
8,eval_acc,0.9215
8,eval_auc,0.887
8,eval_brier,0.0785
8,eval_f1,0.7377
8,eval_loss,0.0915
8,eval_mcc,0.6995
8,eval_pf,0.0662
8,eval_precision,0.6574
8,eval_recall,0.8402
8,eval_time,73.0
9,eval_acc,0.9246
9,eval_auc,0.8913
9,eval_brier,0.0754
9,eval_f1,0.7467
9,eval_loss,0.0879
9,eval_mcc,0.7099
9,eval_pf,0.0635
9,eval_precision,0.6682
9,eval_recall,0.8462
9,eval_time,73.0
