Epoch,Metrics,Score
0,eval_acc,0.9153
0,eval_auc,0.8634
0,eval_brier,0.0847
0,eval_f1,0.7109
0,eval_loss,0.1019
0,eval_mcc,0.6668
0,eval_pf,0.0662
0,eval_precision,0.6442
0,eval_recall,0.7929
0,eval_time,73.0
0,___inline___,___inline___
1,eval_acc,0.9441
1,eval_auc,0.8673
1,eval_brier,0.0559
1,eval_f1,0.7818
1,eval_loss,0.072
1,eval_mcc,0.75
1,eval_pf,0.0286
1,eval_precision,0.8012
1,eval_recall,0.7633
1,eval_time,73.0
1,___best___,___best___
2,eval_acc,0.9037
2,eval_auc,0.8767
2,eval_brier,0.0963
2,eval_f1,0.6961
2,eval_loss,0.1108
2,eval_mcc,0.6544
2,eval_pf,0.0868
2,eval_precision,0.5941
2,eval_recall,0.8402
2,eval_time,73.0
3,eval_acc,0.9386
3,eval_auc,0.8893
3,eval_brier,0.0614
3,eval_f1,0.7787
3,eval_loss,0.0828
3,eval_mcc,0.7446
3,eval_pf,0.0438
3,eval_precision,0.7394
3,eval_recall,0.8225
3,eval_time,73.0
4,eval_acc,0.9099
4,eval_auc,0.8753
4,eval_brier,0.0901
4,eval_f1,0.7071
4,eval_loss,0.1121
4,eval_mcc,0.6651
4,eval_pf,0.0778
4,eval_precision,0.6167
4,eval_recall,0.8284
4,eval_time,73.0
5,eval_acc,0.8834
5,eval_auc,0.8802
5,eval_brier,0.1166
5,eval_f1,0.6637
5,eval_loss,0.1219
5,eval_mcc,0.6249
5,eval_pf,0.1154
5,eval_precision,0.5343
5,eval_recall,0.8757
5,eval_time,73.0
6,eval_acc,0.9021
6,eval_auc,0.8909
6,eval_brier,0.0979
6,eval_f1,0.7014
6,eval_loss,0.1026
6,eval_mcc,0.6644
6,eval_pf,0.0939
6,eval_precision,0.585
6,eval_recall,0.8757
6,eval_time,73.0
7,eval_acc,0.9184
7,eval_auc,0.8978
7,eval_brier,0.0816
7,eval_f1,0.7368
7,eval_loss,0.0938
7,eval_mcc,0.7014
7,eval_pf,0.0742
7,eval_precision,0.6391
7,eval_recall,0.8698
7,eval_time,73.0
8,eval_acc,0.9106
8,eval_auc,0.8933
8,eval_brier,0.0894
8,eval_f1,0.7188
8,eval_loss,0.1069
8,eval_mcc,0.6821
8,eval_pf,0.0832
8,eval_precision,0.6125
8,eval_recall,0.8698
8,eval_time,73.0
9,eval_acc,0.9161
9,eval_auc,0.8914
9,eval_brier,0.0839
9,eval_f1,0.7286
9,eval_loss,0.0961
9,eval_mcc,0.6913
9,eval_pf,0.0751
9,eval_precision,0.6332
9,eval_recall,0.858
9,eval_time,73.0
