Epoch,Metrics,Score
0,eval_acc,0.6674
0,eval_auc,0.7709
0,eval_brier,0.3326
0,eval_f1,0.4185
0,eval_loss,0.3275
0,eval_mcc,0.3686
0,eval_pf,0.3694
0,eval_precision,0.2716
0,eval_recall,0.9112
0,eval_time,73.0
1,eval_acc,0.8205
1,eval_auc,0.8414
1,eval_brier,0.1795
1,eval_f1,0.56
1,eval_loss,0.2112
1,eval_mcc,0.5156
1,eval_pf,0.1869
1,eval_precision,0.4129
1,eval_recall,0.8698
1,eval_time,73.0
2,eval_acc,0.8687
2,eval_auc,0.8616
2,eval_brier,0.1313
2,eval_f1,0.6302
2,eval_loss,0.1634
2,eval_mcc,0.5861
2,eval_pf,0.1288
2,eval_precision,0.5
2,eval_recall,0.8521
2,eval_time,73.0
3,eval_acc,0.8943
3,eval_auc,0.8714
3,eval_brier,0.1057
3,eval_f1,0.6762
3,eval_loss,0.127
3,eval_mcc,0.6331
3,eval_pf,0.0975
3,eval_precision,0.5657
3,eval_recall,0.8402
3,eval_time,73.0
3,___best___,___best___
4,eval_acc,0.8073
4,eval_auc,0.8464
4,eval_brier,0.1927
4,eval_f1,0.5507
4,eval_loss,0.1971
4,eval_mcc,0.5118
4,eval_pf,0.2066
4,eval_precision,0.3969
4,eval_recall,0.8994
4,eval_time,73.0
5,eval_acc,0.8741
5,eval_auc,0.8623
5,eval_brier,0.1259
5,eval_f1,0.6384
5,eval_loss,0.1446
5,eval_mcc,0.5938
5,eval_pf,0.1216
5,eval_precision,0.5125
5,eval_recall,0.8462
5,eval_time,73.0
6,eval_acc,0.8034
6,eval_auc,0.8366
6,eval_brier,0.1966
6,eval_f1,0.5408
6,eval_loss,0.2226
6,eval_mcc,0.4977
6,eval_pf,0.2084
6,eval_precision,0.3901
6,eval_recall,0.8817
6,eval_time,73.0
7,eval_acc,0.8057
7,eval_auc,0.8405
7,eval_brier,0.1943
7,eval_f1,0.5455
7,eval_loss,0.2274
7,eval_mcc,0.5038
7,eval_pf,0.2066
7,eval_precision,0.3937
7,eval_recall,0.8876
7,eval_time,73.0
8,eval_acc,0.8073
8,eval_auc,0.8389
8,eval_brier,0.1927
8,eval_f1,0.5458
8,eval_loss,0.2088
8,eval_mcc,0.5029
8,eval_pf,0.2039
8,eval_precision,0.3952
8,eval_recall,0.8817
8,eval_time,73.0
9,eval_acc,0.7988
9,eval_auc,0.8365
9,eval_brier,0.2012
9,eval_f1,0.5367
9,eval_loss,0.2275
9,eval_mcc,0.4945
9,eval_pf,0.2147
9,eval_precision,0.3846
9,eval_recall,0.8876
9,eval_time,73.0
