Epoch,Metrics,Score
0,eval_acc,0.9464
0,eval_auc,0.8461
0,eval_brier,0.0536
0,eval_f1,0.7767
0,eval_loss,0.0699
0,eval_mcc,0.7508
0,eval_pf,0.0179
0,eval_precision,0.8571
0,eval_recall,0.7101
0,eval_time,72.0
0,___inline___,___inline___
1,eval_acc,0.6674
1,eval_auc,0.7759
1,eval_brier,0.3326
1,eval_f1,0.4216
1,eval_loss,0.3422
1,eval_mcc,0.3752
1,eval_pf,0.3712
1,eval_precision,0.2732
1,eval_recall,0.9231
1,eval_time,72.0
2,eval_acc,0.7933
2,eval_auc,0.7555
2,eval_brier,0.2067
2,eval_f1,0.4722
2,eval_loss,0.2469
2,eval_mcc,0.3933
2,eval_pf,0.1932
2,eval_precision,0.3552
2,eval_recall,0.7041
2,eval_time,72.0
3,eval_acc,0.8353
3,eval_auc,0.7972
3,eval_brier,0.1647
3,eval_f1,0.5431
3,eval_loss,0.1926
3,eval_mcc,0.4776
3,eval_pf,0.1512
3,eval_precision,0.4271
3,eval_recall,0.7456
3,eval_time,72.0
4,eval_acc,0.9479
4,eval_auc,0.862
4,eval_brier,0.0521
4,eval_f1,0.79
4,eval_loss,0.0741
4,eval_mcc,0.7621
4,eval_pf,0.0215
4,eval_precision,0.84
4,eval_recall,0.7456
4,eval_time,72.0
4,___best___,___best___
5,eval_acc,0.8625
5,eval_auc,0.8555
5,eval_brier,0.1375
5,eval_f1,0.6177
5,eval_loss,0.1549
5,eval_mcc,0.5721
5,eval_pf,0.1351
5,eval_precision,0.4864
5,eval_recall,0.8462
5,eval_time,72.0
6,eval_acc,0.8353
6,eval_auc,0.8374
6,eval_brier,0.1647
6,eval_f1,0.5726
6,eval_loss,0.185
6,eval_mcc,0.5235
6,eval_pf,0.1655
6,eval_precision,0.4343
6,eval_recall,0.8402
6,eval_time,72.0
7,eval_acc,0.8314
7,eval_auc,0.8452
7,eval_brier,0.1686
7,eval_f1,0.5737
7,eval_loss,0.1896
7,eval_mcc,0.5289
7,eval_pf,0.1735
7,eval_precision,0.4294
7,eval_recall,0.8639
7,eval_time,72.0
8,eval_acc,0.8298
8,eval_auc,0.8368
8,eval_brier,0.1702
8,eval_f1,0.5663
8,eval_loss,0.179
8,eval_mcc,0.5179
8,eval_pf,0.1726
8,eval_precision,0.4256
8,eval_recall,0.8462
8,eval_time,72.0
9,eval_acc,0.8306
9,eval_auc,0.8447
9,eval_brier,0.1694
9,eval_f1,0.5725
9,eval_loss,0.1861
9,eval_mcc,0.5277
9,eval_pf,0.1744
9,eval_precision,0.4282
9,eval_recall,0.8639
9,eval_time,72.0
