Epoch,Metrics,Score
0,eval_acc,0.6581
0,eval_auc,0.7229
0,eval_brier,0.3419
0,eval_f1,0.3838
0,eval_loss,0.3235
0,eval_mcc,0.3047
0,eval_pf,0.3649
0,eval_precision,0.2514
0,eval_recall,0.8107
0,eval_time,73.0
1,eval_acc,0.6441
1,eval_auc,0.7223
1,eval_brier,0.3559
1,eval_f1,0.3794
1,eval_loss,0.385
1,eval_mcc,0.3024
1,eval_pf,0.3837
1,eval_precision,0.246
1,eval_recall,0.8284
1,eval_time,73.0
2,eval_acc,0.5851
2,eval_auc,0.7034
2,eval_brier,0.4149
2,eval_f1,0.3535
2,eval_loss,0.4605
2,eval_mcc,0.2749
2,eval_pf,0.4571
2,eval_precision,0.2222
2,eval_recall,0.8639
2,eval_time,73.0
3,eval_acc,0.4934
3,eval_auc,0.6682
3,eval_brier,0.5066
3,eval_f1,0.3194
3,eval_loss,0.4766
3,eval_mcc,0.2333
3,eval_pf,0.5689
3,eval_precision,0.1939
3,eval_recall,0.9053
3,eval_time,73.0
4,eval_acc,0.6185
4,eval_auc,0.7176
4,eval_brier,0.3815
4,eval_f1,0.3697
4,eval_loss,0.3669
4,eval_mcc,0.2944
4,eval_pf,0.4168
4,eval_precision,0.2361
4,eval_recall,0.8521
4,eval_time,73.0
5,eval_acc,0.5089
5,eval_auc,0.6646
5,eval_brier,0.4911
5,eval_f1,0.319
5,eval_loss,0.4691
5,eval_mcc,0.2261
5,eval_pf,0.5465
5,eval_precision,0.195
5,eval_recall,0.8757
5,eval_time,73.0
6,eval_acc,0.5455
6,eval_auc,0.6831
6,eval_brier,0.4545
6,eval_f1,0.3345
6,eval_loss,0.4257
6,eval_mcc,0.2487
6,eval_pf,0.5036
6,eval_precision,0.207
6,eval_recall,0.8698
6,eval_time,73.0
7,eval_acc,0.6527
7,eval_auc,0.7348
7,eval_brier,0.3473
7,eval_f1,0.3902
7,eval_loss,0.3369
7,eval_mcc,0.3196
7,eval_pf,0.3766
7,eval_precision,0.2535
7,eval_recall,0.8462
7,eval_time,73.0
8,eval_acc,0.6185
8,eval_auc,0.7201
8,eval_brier,0.3815
8,eval_f1,0.3713
8,eval_loss,0.3808
8,eval_mcc,0.2978
8,eval_pf,0.4177
8,eval_precision,0.2369
8,eval_recall,0.858
8,eval_time,73.0
9,eval_acc,0.5859
9,eval_auc,0.7014
9,eval_brier,0.4141
9,eval_f1,0.3524
9,eval_loss,0.3997
9,eval_mcc,0.2721
9,eval_pf,0.4553
9,eval_precision,0.2217
9,eval_recall,0.858
9,eval_time,73.0
