Epoch,Metrics,Score
0,eval_acc,0.8702
0,eval_auc,0.8625
0,eval_brier,0.1298
0,eval_f1,0.633
0,eval_loss,0.1461
0,eval_mcc,0.589
0,eval_pf,0.127
0,eval_precision,0.5035
0,eval_recall,0.8521
0,eval_time,74.0
0,___best___,___best___
1,eval_acc,0.8524
1,eval_auc,0.8573
1,eval_brier,0.1476
1,eval_f1,0.6058
1,eval_loss,0.1978
1,eval_mcc,0.5625
1,eval_pf,0.1494
1,eval_precision,0.4665
1,eval_recall,0.8639
1,eval_time,74.0
2,eval_acc,0.8298
2,eval_auc,0.8493
2,eval_brier,0.1702
2,eval_f1,0.5748
2,eval_loss,0.1939
2,eval_mcc,0.5322
2,eval_pf,0.1771
2,eval_precision,0.4277
2,eval_recall,0.8757
2,eval_time,74.0
3,eval_acc,0.7964
3,eval_auc,0.8301
3,eval_brier,0.2036
3,eval_f1,0.5305
3,eval_loss,0.2208
3,eval_mcc,0.4855
3,eval_pf,0.2156
3,eval_precision,0.3805
3,eval_recall,0.8757
3,eval_time,74.0
4,eval_acc,0.8493
4,eval_auc,0.8505
4,eval_brier,0.1507
4,eval_f1,0.5975
4,eval_loss,0.1708
4,eval_mcc,0.5518
4,eval_pf,0.1512
4,eval_precision,0.4601
4,eval_recall,0.8521
4,eval_time,74.0
5,eval_acc,0.8788
5,eval_auc,0.8725
5,eval_brier,0.1212
5,eval_f1,0.6518
5,eval_loss,0.1602
5,eval_mcc,0.6106
5,eval_pf,0.119
5,eval_precision,0.5233
5,eval_recall,0.8639
5,eval_time,74.0
5,___best___,___best___
6,eval_acc,0.8236
6,eval_auc,0.8508
6,eval_brier,0.1764
6,eval_f1,0.5693
6,eval_loss,0.2047
6,eval_mcc,0.5288
6,eval_pf,0.186
6,eval_precision,0.419
6,eval_recall,0.8876
6,eval_time,74.0
7,eval_acc,0.8221
7,eval_auc,0.8474
7,eval_brier,0.1779
7,eval_f1,0.5655
7,eval_loss,0.2036
7,eval_mcc,0.5236
7,eval_pf,0.1869
7,eval_precision,0.4162
7,eval_recall,0.8817
7,eval_time,74.0
8,eval_acc,0.8283
8,eval_auc,0.8459
8,eval_brier,0.1717
8,eval_f1,0.5709
8,eval_loss,0.1988
8,eval_mcc,0.527
8,eval_pf,0.178
8,eval_precision,0.4249
8,eval_recall,0.8698
8,eval_time,74.0
9,eval_acc,0.8329
9,eval_auc,0.8486
9,eval_brier,0.1671
9,eval_f1,0.5776
9,eval_loss,0.1885
9,eval_mcc,0.5341
9,eval_pf,0.1726
9,eval_precision,0.4324
9,eval_recall,0.8698
9,eval_time,74.0
