Epoch,Metrics,Score
0,eval_acc,0.9609
0,eval_auc,0.926
0,eval_brier,0.0391
0,eval_f1,0.8362
0,eval_loss,0.0543
0,eval_mcc,0.8154
0,eval_pf,0.0289
0,eval_precision,0.7957
0,eval_recall,0.881
0,eval_time,42.0
0,___best___,___best___
1,eval_acc,0.8868
1,eval_auc,0.5
1,eval_brier,0.1132
1,eval_f1,0.0
1,eval_loss,0.2177
1,eval_mcc,0.0
1,eval_pf,0.0
1,eval_precision,0.0
1,eval_recall,0.0
1,eval_time,42.0
2,eval_acc,0.8652
2,eval_auc,0.6228
2,eval_brier,0.1348
2,eval_f1,0.3421
2,eval_loss,0.1697
2,eval_mcc,0.2698
2,eval_pf,0.0638
2,eval_precision,0.3824
2,eval_recall,0.3095
2,eval_time,42.0
3,eval_acc,0.5984
3,eval_auc,0.6593
3,eval_brier,0.4016
3,eval_f1,0.2938
3,eval_loss,0.3293
3,eval_mcc,0.2027
3,eval_pf,0.4195
3,eval_precision,0.1834
3,eval_recall,0.7381
3,eval_time,42.0
4,eval_acc,0.7156
4,eval_auc,0.6891
4,eval_brier,0.2844
4,eval_f1,0.3427
4,eval_loss,0.2866
4,eval_mcc,0.257
4,eval_pf,0.2766
4,eval_precision,0.2321
4,eval_recall,0.6548
4,eval_time,42.0
5,eval_acc,0.7911
5,eval_auc,0.7161
5,eval_brier,0.2089
5,eval_f1,0.4015
5,eval_loss,0.2336
5,eval_mcc,0.3225
5,eval_pf,0.1869
5,eval_precision,0.2971
5,eval_recall,0.619
5,eval_time,42.0
6,eval_acc,0.7736
6,eval_auc,0.7114
6,eval_brier,0.2264
6,eval_f1,0.3869
6,eval_loss,0.2451
6,eval_mcc,0.3069
6,eval_pf,0.2082
6,eval_precision,0.2789
6,eval_recall,0.631
6,eval_time,42.0
7,eval_acc,0.7183
7,eval_auc,0.7166
7,eval_brier,0.2817
7,eval_f1,0.3647
7,eval_loss,0.2855
7,eval_mcc,0.2918
7,eval_pf,0.2812
7,eval_precision,0.2449
7,eval_recall,0.7143
7,eval_time,42.0
8,eval_acc,0.6995
8,eval_auc,0.7059
8,eval_brier,0.3005
8,eval_f1,0.3499
8,eval_loss,0.3132
8,eval_mcc,0.2738
8,eval_pf,0.3024
8,eval_precision,0.2317
8,eval_recall,0.7143
8,eval_time,42.0
9,eval_acc,0.7049
9,eval_auc,0.7038
9,eval_brier,0.2951
9,eval_f1,0.3501
9,eval_loss,0.303
9,eval_mcc,0.2724
9,eval_pf,0.2948
9,eval_precision,0.2332
9,eval_recall,0.7024
9,eval_time,42.0
