Epoch,Metrics,Score
0,eval_acc,0.8073
0,eval_auc,0.8446
0,eval_brier,0.1927
0,eval_f1,0.5119
0,eval_loss,0.2353
0,eval_mcc,0.4855
0,eval_pf,0.2036
0,eval_precision,0.3589
0,eval_recall,0.8929
0,eval_time,42.0
0,___inline___,___inline___
1,eval_acc,0.8693
1,eval_auc,0.8796
1,eval_brier,0.1307
1,eval_f1,0.6073
1,eval_loss,0.1532
1,eval_mcc,0.5809
1,eval_pf,0.1337
1,eval_precision,0.4601
1,eval_recall,0.8929
1,eval_time,42.0
1,___best___,___best___
2,eval_acc,0.934
2,eval_auc,0.9056
2,eval_brier,0.066
2,eval_f1,0.7487
2,eval_loss,0.0857
2,eval_mcc,0.7207
2,eval_pf,0.0578
2,eval_precision,0.6577
2,eval_recall,0.869
2,eval_time,42.0
2,___best___,___best___
3,eval_acc,0.9367
3,eval_auc,0.8864
3,eval_brier,0.0633
3,eval_f1,0.7459
3,eval_loss,0.0916
3,eval_mcc,0.714
3,eval_pf,0.0486
3,eval_precision,0.6832
3,eval_recall,0.8214
3,eval_time,42.0
4,eval_acc,0.8113
4,eval_auc,0.8417
4,eval_brier,0.1887
4,eval_f1,0.5139
4,eval_loss,0.1873
4,eval_mcc,0.485
4,eval_pf,0.1976
4,eval_precision,0.3627
4,eval_recall,0.881
4,eval_time,42.0
5,eval_acc,0.8989
5,eval_auc,0.8859
5,eval_brier,0.1011
5,eval_f1,0.6606
5,eval_loss,0.1128
5,eval_mcc,0.6302
5,eval_pf,0.0973
5,eval_precision,0.5328
5,eval_recall,0.869
5,eval_time,42.0
6,eval_acc,0.8302
6,eval_auc,0.8523
6,eval_brier,0.1698
6,eval_f1,0.5401
6,eval_loss,0.188
6,eval_mcc,0.5115
6,eval_pf,0.1763
6,eval_precision,0.3895
6,eval_recall,0.881
6,eval_time,42.0
7,eval_acc,0.8571
7,eval_auc,0.8623
7,eval_brier,0.1429
7,eval_f1,0.5794
7,eval_loss,0.1623
7,eval_mcc,0.5486
7,eval_pf,0.1444
7,eval_precision,0.4345
7,eval_recall,0.869
7,eval_time,42.0
8,eval_acc,0.8248
8,eval_auc,0.8545
8,eval_brier,0.1752
8,eval_f1,0.5357
8,eval_loss,0.1823
8,eval_mcc,0.5095
8,eval_pf,0.1839
8,eval_precision,0.3827
8,eval_recall,0.8929
8,eval_time,42.0
9,eval_acc,0.8383
9,eval_auc,0.8569
9,eval_brier,0.1617
9,eval_f1,0.5522
9,eval_loss,0.1627
9,eval_mcc,0.5237
9,eval_pf,0.1672
9,eval_precision,0.4022
9,eval_recall,0.881
9,eval_time,42.0
