Epoch,Metrics,Score
0,eval_acc,0.7156
0,eval_auc,0.6995
0,eval_brier,0.2844
0,eval_f1,0.3508
0,eval_loss,0.3057
0,eval_mcc,0.2699
0,eval_pf,0.2796
0,eval_precision,0.2365
0,eval_recall,0.6786
0,eval_time,42.0
1,eval_acc,0.7291
1,eval_auc,0.7071
1,eval_brier,0.2709
1,eval_f1,0.3619
1,eval_loss,0.2891
1,eval_mcc,0.2834
1,eval_pf,0.2644
1,eval_precision,0.2468
1,eval_recall,0.6786
1,eval_time,42.0
2,eval_acc,0.752
2,eval_auc,0.7148
2,eval_brier,0.248
2,eval_f1,0.3784
2,eval_loss,0.2573
2,eval_mcc,0.3013
2,eval_pf,0.2371
2,eval_precision,0.2642
2,eval_recall,0.6667
2,eval_time,42.0
3,eval_acc,0.7722
3,eval_auc,0.7262
3,eval_brier,0.2278
3,eval_f1,0.3986
3,eval_loss,0.246
3,eval_mcc,0.3246
3,eval_pf,0.2143
3,eval_precision,0.2843
3,eval_recall,0.6667
3,eval_time,42.0
3,___inline___,___inline___
4,eval_acc,0.7291
4,eval_auc,0.7123
4,eval_brier,0.2709
4,eval_f1,0.3659
4,eval_loss,0.2876
4,eval_mcc,0.2898
4,eval_pf,0.266
4,eval_precision,0.2489
4,eval_recall,0.6905
4,eval_time,42.0
5,eval_acc,0.7749
5,eval_auc,0.7173
5,eval_brier,0.2251
5,eval_f1,0.3927
5,eval_loss,0.2454
5,eval_mcc,0.315
5,eval_pf,0.2082
5,eval_precision,0.2827
5,eval_recall,0.6429
5,eval_time,42.0
6,eval_acc,0.7049
6,eval_auc,0.7142
6,eval_brier,0.2951
6,eval_f1,0.3578
6,eval_loss,0.3152
6,eval_mcc,0.2852
6,eval_pf,0.2979
6,eval_precision,0.2374
6,eval_recall,0.7262
6,eval_time,42.0
7,eval_acc,0.6846
7,eval_auc,0.6976
7,eval_brier,0.3154
7,eval_f1,0.339
7,eval_loss,0.3194
7,eval_mcc,0.2602
7,eval_pf,0.3191
7,eval_precision,0.2222
7,eval_recall,0.7143
7,eval_time,42.0
8,eval_acc,0.7426
8,eval_auc,0.7147
8,eval_brier,0.2574
8,eval_f1,0.3738
8,eval_loss,0.2775
8,eval_mcc,0.2975
8,eval_pf,0.2492
8,eval_precision,0.2579
8,eval_recall,0.6786
8,eval_time,42.0
9,eval_acc,0.7345
9,eval_auc,0.7101
9,eval_brier,0.2655
9,eval_f1,0.3666
9,eval_loss,0.2752
9,eval_mcc,0.2889
9,eval_pf,0.2584
9,eval_precision,0.2511
9,eval_recall,0.6786
9,eval_time,42.0
