Epoch,Metrics,Score
0,eval_acc,0.9717
0,eval_auc,0.9269
0,eval_brier,0.0283
0,eval_f1,0.8743
0,eval_loss,0.0313
0,eval_mcc,0.8583
0,eval_pf,0.0152
0,eval_precision,0.8795
0,eval_recall,0.869
0,eval_time,42.0
1,eval_acc,0.9757
1,eval_auc,0.9344
1,eval_brier,0.0243
1,eval_f1,0.8916
1,eval_loss,0.036
1,eval_mcc,0.878
1,eval_pf,0.0122
1,eval_precision,0.9024
1,eval_recall,0.881
1,eval_time,42.0
2,eval_acc,0.9623
2,eval_auc,0.9268
2,eval_brier,0.0377
2,eval_f1,0.8409
2,eval_loss,0.0651
2,eval_mcc,0.8206
2,eval_pf,0.0274
2,eval_precision,0.8043
2,eval_recall,0.881
2,eval_time,42.0
3,eval_acc,0.9488
3,eval_auc,0.914
3,eval_brier,0.0512
3,eval_f1,0.7935
3,eval_loss,0.072
3,eval_mcc,0.7683
3,eval_pf,0.041
3,eval_precision,0.73
3,eval_recall,0.869
3,eval_time,42.0
4,eval_acc,0.9636
4,eval_auc,0.9276
4,eval_brier,0.0364
4,eval_f1,0.8457
4,eval_loss,0.0591
4,eval_mcc,0.826
4,eval_pf,0.0258
4,eval_precision,0.8132
4,eval_recall,0.881
4,eval_time,42.0
5,eval_acc,0.9555
5,eval_auc,0.923
5,eval_brier,0.0445
5,eval_f1,0.8177
5,eval_loss,0.0588
5,eval_mcc,0.7952
5,eval_pf,0.035
5,eval_precision,0.7629
5,eval_recall,0.881
5,eval_time,42.0
6,eval_acc,0.9528
6,eval_auc,0.9215
6,eval_brier,0.0472
6,eval_f1,0.8087
6,eval_loss,0.0747
6,eval_mcc,0.7855
6,eval_pf,0.038
6,eval_precision,0.7475
6,eval_recall,0.881
6,eval_time,42.0
7,eval_acc,0.9569
7,eval_auc,0.9238
7,eval_brier,0.0431
7,eval_f1,0.8222
7,eval_loss,0.061
7,eval_mcc,0.8001
7,eval_pf,0.0334
7,eval_precision,0.7708
7,eval_recall,0.881
7,eval_time,42.0
8,eval_acc,0.9636
8,eval_auc,0.9276
8,eval_brier,0.0364
8,eval_f1,0.8457
8,eval_loss,0.0494
8,eval_mcc,0.826
8,eval_pf,0.0258
8,eval_precision,0.8132
8,eval_recall,0.881
8,eval_time,42.0
9,eval_acc,0.9636
9,eval_auc,0.9276
9,eval_brier,0.0364
9,eval_f1,0.8457
9,eval_loss,0.0521
9,eval_mcc,0.826
9,eval_pf,0.0258
9,eval_precision,0.8132
9,eval_recall,0.881
9,eval_time,42.0
