Epoch,Metrics,Score
0,eval_acc,0.9569
0,eval_auc,0.9238
0,eval_brier,0.0431
0,eval_f1,0.8222
0,eval_loss,0.0797
0,eval_mcc,0.8001
0,eval_pf,0.0334
0,eval_precision,0.7708
0,eval_recall,0.881
0,eval_time,42.0
0,___inline___,___inline___
1,eval_acc,0.9744
1,eval_auc,0.9336
1,eval_brier,0.0256
1,eval_f1,0.8862
1,eval_loss,0.0415
1,eval_mcc,0.8718
1,eval_pf,0.0137
1,eval_precision,0.8916
1,eval_recall,0.881
1,eval_time,42.0
1,___best___,___best___
2,eval_acc,0.9501
2,eval_auc,0.9303
2,eval_brier,0.0499
2,eval_f1,0.8042
2,eval_loss,0.0812
2,eval_mcc,0.7824
2,eval_pf,0.0441
2,eval_precision,0.7238
2,eval_recall,0.9048
2,eval_time,42.0
3,eval_acc,0.9744
3,eval_auc,0.9233
3,eval_brier,0.0256
3,eval_f1,0.8834
3,eval_loss,0.0663
3,eval_mcc,0.8696
3,eval_pf,0.0106
3,eval_precision,0.9114
3,eval_recall,0.8571
3,eval_time,42.0
4,eval_acc,0.9677
4,eval_auc,0.9506
4,eval_brier,0.0323
4,eval_f1,0.8667
4,eval_loss,0.0451
4,eval_mcc,0.8508
4,eval_pf,0.0274
4,eval_precision,0.8125
4,eval_recall,0.9286
4,eval_time,42.0
5,eval_acc,0.9609
5,eval_auc,0.9468
5,eval_brier,0.0391
5,eval_f1,0.8432
5,eval_loss,0.0534
5,eval_mcc,0.8257
5,eval_pf,0.035
5,eval_precision,0.7723
5,eval_recall,0.9286
5,eval_time,42.0
6,eval_acc,0.969
6,eval_auc,0.9514
6,eval_brier,0.031
6,eval_f1,0.8715
6,eval_loss,0.0439
6,eval_mcc,0.8561
6,eval_pf,0.0258
6,eval_precision,0.8211
6,eval_recall,0.9286
6,eval_time,42.0
7,eval_acc,0.9717
7,eval_auc,0.9529
7,eval_brier,0.0283
7,eval_f1,0.8814
7,eval_loss,0.0461
7,eval_mcc,0.8668
7,eval_pf,0.0228
7,eval_precision,0.8387
7,eval_recall,0.9286
7,eval_time,42.0
8,eval_acc,0.9704
8,eval_auc,0.9521
8,eval_brier,0.0296
8,eval_f1,0.8764
8,eval_loss,0.05
8,eval_mcc,0.8614
8,eval_pf,0.0243
8,eval_precision,0.8298
8,eval_recall,0.9286
8,eval_time,42.0
9,eval_acc,0.969
9,eval_auc,0.9514
9,eval_brier,0.031
9,eval_f1,0.8715
9,eval_loss,0.0486
9,eval_mcc,0.8561
9,eval_pf,0.0258
9,eval_precision,0.8211
9,eval_recall,0.9286
9,eval_time,42.0
