Epoch,Metrics,Score
0,eval_acc,0.9448
0,eval_auc,0.8577
0,eval_brier,0.0552
0,eval_f1,0.7788
0,eval_loss,0.0801
0,eval_mcc,0.7488
0,eval_pf,0.0242
0,eval_precision,0.8224
0,eval_recall,0.7396
0,eval_time,72.0
0,___best___,___best___
1,eval_acc,0.9472
1,eval_auc,0.839
1,eval_brier,0.0528
1,eval_f1,0.7748
1,eval_loss,0.0744
1,eval_mcc,0.7523
1,eval_pf,0.0143
1,eval_precision,0.8797
1,eval_recall,0.6923
1,eval_time,72.0
2,eval_acc,0.8493
2,eval_auc,0.5164
2,eval_brier,0.1507
2,eval_f1,0.1019
2,eval_loss,0.1798
2,eval_mcc,0.0592
2,eval_pf,0.0322
2,eval_precision,0.234
2,eval_recall,0.0651
2,eval_time,72.0
3,eval_acc,0.8586
3,eval_auc,0.5193
3,eval_brier,0.1414
3,eval_f1,0.099
3,eval_loss,0.1619
3,eval_mcc,0.0825
3,eval_pf,0.0206
3,eval_precision,0.303
3,eval_recall,0.0592
3,eval_time,72.0
4,eval_acc,0.8516
4,eval_auc,0.5278
4,eval_brier,0.1484
4,eval_f1,0.1357
4,eval_loss,0.1697
4,eval_mcc,0.0955
4,eval_pf,0.0331
4,eval_precision,0.2885
4,eval_recall,0.0888
4,eval_time,72.0
5,eval_acc,0.8337
5,eval_auc,0.5251
5,eval_brier,0.1663
5,eval_f1,0.144
5,eval_loss,0.181
5,eval_mcc,0.0698
5,eval_pf,0.0564
5,eval_precision,0.2222
5,eval_recall,0.1065
5,eval_time,72.0
6,eval_acc,0.8555
6,eval_auc,0.5451
6,eval_brier,0.1445
6,eval_f1,0.1842
6,eval_loss,0.1718
6,eval_mcc,0.1458
6,eval_pf,0.034
6,eval_precision,0.3559
6,eval_recall,0.1243
6,eval_time,72.0
7,eval_acc,0.8462
7,eval_auc,0.5523
7,eval_brier,0.1538
7,eval_f1,0.208
7,eval_loss,0.1804
7,eval_mcc,0.1455
7,eval_pf,0.0492
7,eval_precision,0.321
7,eval_recall,0.1538
7,eval_time,72.0
8,eval_acc,0.8493
8,eval_auc,0.524
8,eval_brier,0.1507
8,eval_f1,0.1261
8,eval_loss,0.1743
8,eval_mcc,0.0815
8,eval_pf,0.0349
8,eval_precision,0.2642
8,eval_recall,0.0828
8,eval_time,72.0
9,eval_acc,0.843
9,eval_auc,0.5455
9,eval_brier,0.157
9,eval_f1,0.192
9,eval_loss,0.1794
9,eval_mcc,0.1266
9,eval_pf,0.051
9,eval_precision,0.2963
9,eval_recall,0.142
9,eval_time,72.0
