Epoch,Metrics,Score
0,eval_acc,0.8127
0,eval_auc,0.8476
0,eval_brier,0.1873
0,eval_f1,0.519
0,eval_loss,0.2348
0,eval_mcc,0.4927
0,eval_pf,0.1976
0,eval_precision,0.3659
0,eval_recall,0.8929
0,eval_time,42.0
0,___best___,___best___
1,eval_acc,0.7251
1,eval_auc,0.819
1,eval_brier,0.2749
1,eval_f1,0.4365
1,eval_loss,0.325
1,eval_mcc,0.4177
1,eval_pf,0.3024
1,eval_precision,0.2842
1,eval_recall,0.9405
1,eval_time,42.0
2,eval_acc,0.6199
2,eval_auc,0.7701
2,eval_brier,0.3801
2,eval_f1,0.3649
2,eval_loss,0.4086
2,eval_mcc,0.3425
2,eval_pf,0.424
2,eval_precision,0.225
2,eval_recall,0.9643
2,eval_time,42.0
3,eval_acc,0.8423
3,eval_auc,0.8644
3,eval_brier,0.1577
3,eval_f1,0.5618
3,eval_loss,0.1892
3,eval_mcc,0.5357
3,eval_pf,0.1641
3,eval_precision,0.4098
3,eval_recall,0.8929
3,eval_time,42.0
3,___best___,___best___
4,eval_acc,0.7507
4,eval_auc,0.8179
4,eval_brier,0.2493
4,eval_f1,0.451
4,eval_loss,0.2726
4,eval_mcc,0.4249
4,eval_pf,0.269
4,eval_precision,0.3004
4,eval_recall,0.9048
4,eval_time,42.0
5,eval_acc,0.6833
5,eval_auc,0.7851
5,eval_brier,0.3167
5,eval_f1,0.3959
5,eval_loss,0.3467
5,eval_mcc,0.3672
5,eval_pf,0.3465
5,eval_precision,0.2525
5,eval_recall,0.9167
5,eval_time,42.0
6,eval_acc,0.7035
6,eval_auc,0.7913
6,eval_brier,0.2965
6,eval_f1,0.4086
6,eval_loss,0.2978
6,eval_mcc,0.3788
6,eval_pf,0.3222
6,eval_precision,0.2639
6,eval_recall,0.9048
6,eval_time,42.0
7,eval_acc,0.7049
7,eval_auc,0.792
7,eval_brier,0.2951
7,eval_f1,0.4097
7,eval_loss,0.3133
7,eval_mcc,0.38
7,eval_pf,0.3207
7,eval_precision,0.2648
7,eval_recall,0.9048
7,eval_time,42.0
8,eval_acc,0.6819
8,eval_auc,0.7895
8,eval_brier,0.3181
8,eval_f1,0.398
8,eval_loss,0.3171
8,eval_mcc,0.3723
8,eval_pf,0.3495
8,eval_precision,0.2532
8,eval_recall,0.9286
8,eval_time,42.0
9,eval_acc,0.6779
9,eval_auc,0.7872
9,eval_brier,0.3221
9,eval_f1,0.3949
9,eval_loss,0.3327
9,eval_mcc,0.3689
9,eval_pf,0.3541
9,eval_precision,0.2508
9,eval_recall,0.9286
9,eval_time,42.0
