Epoch,Metrics,Score
0,eval_acc,0.9784
0,eval_auc,0.9307
0,eval_brier,0.0216
0,eval_f1,0.9012
0,eval_loss,0.0358
0,eval_mcc,0.8899
0,eval_pf,0.0076
0,eval_precision,0.9359
0,eval_recall,0.869
0,eval_time,42.0
0,___best___,___best___
1,eval_acc,0.9596
1,eval_auc,0.9201
1,eval_brier,0.0404
1,eval_f1,0.8295
1,eval_loss,0.065
1,eval_mcc,0.8077
1,eval_pf,0.0289
1,eval_precision,0.7935
1,eval_recall,0.869
1,eval_time,42.0
2,eval_acc,0.9744
2,eval_auc,0.9233
2,eval_brier,0.0256
2,eval_f1,0.8834
2,eval_loss,0.0323
2,eval_mcc,0.8696
2,eval_pf,0.0106
2,eval_precision,0.9114
2,eval_recall,0.8571
2,eval_time,42.0
3,eval_acc,0.9636
3,eval_auc,0.9276
3,eval_brier,0.0364
3,eval_f1,0.8457
3,eval_loss,0.0504
3,eval_mcc,0.826
3,eval_pf,0.0258
3,eval_precision,0.8132
3,eval_recall,0.881
3,eval_time,42.0
4,eval_acc,0.965
4,eval_auc,0.9439
4,eval_brier,0.035
4,eval_f1,0.8556
4,eval_loss,0.0572
4,eval_mcc,0.8381
4,eval_pf,0.0289
4,eval_precision,0.8021
4,eval_recall,0.9167
4,eval_time,42.0
5,eval_acc,0.973
5,eval_auc,0.9485
5,eval_brier,0.027
5,eval_f1,0.8851
5,eval_loss,0.0424
5,eval_mcc,0.8705
5,eval_pf,0.0198
5,eval_precision,0.8556
5,eval_recall,0.9167
5,eval_time,42.0
6,eval_acc,0.9757
6,eval_auc,0.9448
6,eval_brier,0.0243
6,eval_f1,0.8941
6,eval_loss,0.0432
6,eval_mcc,0.8805
6,eval_pf,0.0152
6,eval_precision,0.8837
6,eval_recall,0.9048
6,eval_time,42.0
7,eval_acc,0.9704
7,eval_auc,0.9417
7,eval_brier,0.0296
7,eval_f1,0.8736
7,eval_loss,0.0455
7,eval_mcc,0.8574
7,eval_pf,0.0213
7,eval_precision,0.8444
7,eval_recall,0.9048
7,eval_time,42.0
8,eval_acc,0.9771
8,eval_auc,0.9403
8,eval_brier,0.0229
8,eval_f1,0.8982
8,eval_loss,0.0396
8,eval_mcc,0.8853
8,eval_pf,0.0122
8,eval_precision,0.9036
8,eval_recall,0.8929
8,eval_time,42.0
9,eval_acc,0.9717
9,eval_auc,0.9373
9,eval_brier,0.0283
9,eval_f1,0.8772
9,eval_loss,0.0421
9,eval_mcc,0.8614
9,eval_pf,0.0182
9,eval_precision,0.8621
9,eval_recall,0.8929
9,eval_time,42.0
