Epoch,Metrics,Score
0,eval_acc,0.8801
0,eval_auc,0.8753
0,eval_brier,0.1199
0,eval_f1,0.6213
0,eval_loss,0.1498
0,eval_mcc,0.5906
0,eval_pf,0.1185
0,eval_precision,0.4834
0,eval_recall,0.869
0,eval_time,42.0
1,eval_acc,0.9124
1,eval_auc,0.9039
1,eval_brier,0.0876
1,eval_f1,0.6977
1,eval_loss,0.1253
1,eval_mcc,0.6712
1,eval_pf,0.0851
1,eval_precision,0.5725
1,eval_recall,0.8929
1,eval_time,42.0
2,eval_acc,0.9218
2,eval_auc,0.904
2,eval_brier,0.0782
2,eval_f1,0.7184
2,eval_loss,0.1067
2,eval_mcc,0.6907
2,eval_pf,0.0729
2,eval_precision,0.6066
2,eval_recall,0.881
2,eval_time,42.0
3,eval_acc,0.903
3,eval_auc,0.8882
3,eval_brier,0.097
3,eval_f1,0.6697
3,eval_loss,0.1098
3,eval_mcc,0.6394
3,eval_pf,0.0927
3,eval_precision,0.5448
3,eval_recall,0.869
3,eval_time,42.0
4,eval_acc,0.9286
4,eval_auc,0.913
4,eval_brier,0.0714
4,eval_f1,0.7389
4,eval_loss,0.0867
4,eval_mcc,0.7132
4,eval_pf,0.0669
4,eval_precision,0.6303
4,eval_recall,0.8929
4,eval_time,42.0
5,eval_acc,0.9434
5,eval_auc,0.9162
5,eval_brier,0.0566
5,eval_f1,0.7789
5,eval_loss,0.0781
5,eval_mcc,0.7536
5,eval_pf,0.0486
5,eval_precision,0.6981
5,eval_recall,0.881
5,eval_time,42.0
5,___best___,___best___
6,eval_acc,0.934
6,eval_auc,0.9056
6,eval_brier,0.066
6,eval_f1,0.7487
6,eval_loss,0.0928
6,eval_mcc,0.7207
6,eval_pf,0.0578
6,eval_precision,0.6577
6,eval_recall,0.869
6,eval_time,42.0
7,eval_acc,0.9218
7,eval_auc,0.904
7,eval_brier,0.0782
7,eval_f1,0.7184
7,eval_loss,0.0955
7,eval_mcc,0.6907
7,eval_pf,0.0729
7,eval_precision,0.6066
7,eval_recall,0.881
7,eval_time,42.0
8,eval_acc,0.9178
8,eval_auc,0.9017
8,eval_brier,0.0822
8,eval_f1,0.7081
8,eval_loss,0.0966
8,eval_mcc,0.6802
8,eval_pf,0.0775
8,eval_precision,0.592
8,eval_recall,0.881
8,eval_time,42.0
9,eval_acc,0.9151
9,eval_auc,0.9002
9,eval_brier,0.0849
9,eval_f1,0.7014
9,eval_loss,0.0991
9,eval_mcc,0.6733
9,eval_pf,0.0805
9,eval_precision,0.5827
9,eval_recall,0.881
9,eval_time,42.0
