Epoch,Metrics,Score
0,eval_acc,0.9704
0,eval_auc,0.8898
0,eval_brier,0.0296
0,eval_f1,0.8571
0,eval_loss,0.0593
0,eval_mcc,0.8451
0,eval_pf,0.0061
0,eval_precision,0.9429
0,eval_recall,0.7857
0,eval_time,42.0
0,___best___,___best___
1,eval_acc,0.1132
1,eval_auc,0.5
1,eval_brier,0.8868
1,eval_f1,0.2034
1,eval_loss,0.7933
1,eval_mcc,0.0
1,eval_pf,1.0
1,eval_precision,0.1132
1,eval_recall,1.0
1,eval_time,42.0
2,eval_acc,0.597
2,eval_auc,0.6689
2,eval_brier,0.403
2,eval_f1,0.2998
2,eval_loss,0.5542
2,eval_mcc,0.2147
2,eval_pf,0.424
2,eval_precision,0.1866
2,eval_recall,0.7619
2,eval_time,42.0
3,eval_acc,0.7197
3,eval_auc,0.6966
3,eval_brier,0.2803
3,eval_f1,0.35
3,eval_loss,0.286
3,eval_mcc,0.2674
3,eval_pf,0.2736
3,eval_precision,0.2373
3,eval_recall,0.6667
3,eval_time,42.0
4,eval_acc,0.6941
4,eval_auc,0.6925
4,eval_brier,0.3059
4,eval_f1,0.3382
4,eval_loss,0.3166
4,eval_mcc,0.2559
4,eval_pf,0.3055
4,eval_precision,0.2239
4,eval_recall,0.6905
4,eval_time,42.0
5,eval_acc,0.7358
5,eval_auc,0.7161
5,eval_brier,0.2642
5,eval_f1,0.3718
5,eval_loss,0.2865
5,eval_mcc,0.2968
5,eval_pf,0.2584
5,eval_precision,0.2544
5,eval_recall,0.6905
5,eval_time,42.0
6,eval_acc,0.6725
6,eval_auc,0.7115
6,eval_brier,0.3275
6,eval_f1,0.345
6,eval_loss,0.3435
6,eval_mcc,0.2752
6,eval_pf,0.3389
6,eval_precision,0.223
6,eval_recall,0.7619
6,eval_time,42.0
7,eval_acc,0.6914
7,eval_auc,0.7066
7,eval_brier,0.3086
7,eval_f1,0.3476
7,eval_loss,0.3323
7,eval_mcc,0.2727
7,eval_pf,0.3131
7,eval_precision,0.2285
7,eval_recall,0.7262
7,eval_time,42.0
8,eval_acc,0.7345
8,eval_auc,0.7309
8,eval_brier,0.2655
8,eval_f1,0.3824
8,eval_loss,0.2826
8,eval_mcc,0.3145
8,eval_pf,0.2644
8,eval_precision,0.2596
8,eval_recall,0.7262
8,eval_time,42.0
9,eval_acc,0.7305
9,eval_auc,0.7286
9,eval_brier,0.2695
9,eval_f1,0.3789
9,eval_loss,0.2925
9,eval_mcc,0.3103
9,eval_pf,0.269
9,eval_precision,0.2563
9,eval_recall,0.7262
9,eval_time,42.0
