Epoch,Metrics,Score
0,eval_acc,0.6941
0,eval_auc,0.7964
0,eval_brier,0.3059
0,eval_f1,0.4073
0,eval_loss,0.2891
0,eval_mcc,0.3829
0,eval_pf,0.3359
0,eval_precision,0.2609
0,eval_recall,0.9286
0,eval_time,42.0
1,eval_acc,0.6442
1,eval_auc,0.7682
1,eval_brier,0.3558
1,eval_f1,0.3714
1,eval_loss,0.3839
1,eval_mcc,0.3415
1,eval_pf,0.3921
1,eval_precision,0.2321
1,eval_recall,0.9286
1,eval_time,42.0
2,eval_acc,0.5903
2,eval_auc,0.7482
2,eval_brier,0.4097
2,eval_f1,0.3448
2,eval_loss,0.3935
2,eval_mcc,0.3147
2,eval_pf,0.4559
2,eval_precision,0.2105
2,eval_recall,0.9524
2,eval_time,42.0
3,eval_acc,0.5418
3,eval_auc,0.7209
3,eval_brier,0.4582
3,eval_f1,0.32
3,eval_loss,0.4062
3,eval_mcc,0.282
3,eval_pf,0.5106
3,eval_precision,0.1923
3,eval_recall,0.9524
3,eval_time,42.0
4,eval_acc,0.6038
4,eval_auc,0.7558
4,eval_brier,0.3962
4,eval_f1,0.3524
4,eval_loss,0.38
4,eval_mcc,0.3242
4,eval_pf,0.4407
4,eval_precision,0.2162
4,eval_recall,0.9524
4,eval_time,42.0
5,eval_acc,0.6563
5,eval_auc,0.7751
5,eval_brier,0.3437
5,eval_f1,0.3796
5,eval_loss,0.3481
5,eval_mcc,0.3511
5,eval_pf,0.3784
5,eval_precision,0.2385
5,eval_recall,0.9286
5,eval_time,42.0
6,eval_acc,0.597
6,eval_auc,0.752
6,eval_brier,0.403
6,eval_f1,0.3486
6,eval_loss,0.3901
6,eval_mcc,0.3194
6,eval_pf,0.4483
6,eval_precision,0.2133
6,eval_recall,0.9524
6,eval_time,42.0
7,eval_acc,0.686
7,eval_auc,0.7918
7,eval_brier,0.314
7,eval_f1,0.401
7,eval_loss,0.3185
7,eval_mcc,0.3758
7,eval_pf,0.345
7,eval_precision,0.2557
7,eval_recall,0.9286
7,eval_time,42.0
8,eval_acc,0.6294
8,eval_auc,0.7703
8,eval_brier,0.3706
8,eval_f1,0.3678
8,eval_loss,0.3678
8,eval_mcc,0.343
8,eval_pf,0.4119
8,eval_precision,0.2279
8,eval_recall,0.9524
8,eval_time,42.0
9,eval_acc,0.6253
9,eval_auc,0.768
9,eval_brier,0.3747
9,eval_f1,0.3653
9,eval_loss,0.3742
9,eval_mcc,0.34
9,eval_pf,0.4164
9,eval_precision,0.226
9,eval_recall,0.9524
9,eval_time,42.0
