Epoch,Metrics,Score
0,eval_acc,0.6065
0,eval_auc,0.5912
0,eval_brier,0.3935
0,eval_f1,0.2474
0,eval_loss,0.3124
0,eval_mcc,0.1175
0,eval_pf,0.3891
0,eval_precision,0.1579
0,eval_recall,0.5714
0,eval_time,42.0
0,___inline___,___inline___
1,eval_acc,0.7884
1,eval_auc,0.673
1,eval_brier,0.2116
1,eval_f1,0.3592
1,eval_loss,0.2487
1,eval_mcc,0.266
1,eval_pf,0.1778
1,eval_precision,0.2733
1,eval_recall,0.5238
1,eval_time,42.0
1,___inline___,___inline___
2,eval_acc,0.6981
2,eval_auc,0.7
2,eval_brier,0.3019
2,eval_f1,0.345
2,eval_loss,0.3115
2,eval_mcc,0.2661
2,eval_pf,0.3024
2,eval_precision,0.2287
2,eval_recall,0.7024
2,eval_time,42.0
3,eval_acc,0.7628
3,eval_auc,0.7053
3,eval_brier,0.2372
3,eval_f1,0.3759
3,eval_loss,0.3191
3,eval_mcc,0.2941
3,eval_pf,0.2204
3,eval_precision,0.2677
3,eval_recall,0.631
3,eval_time,42.0
3,___inline___,___inline___
4,eval_acc,0.7561
4,eval_auc,0.6963
4,eval_brier,0.2439
4,eval_f1,0.3649
4,eval_loss,0.2725
4,eval_mcc,0.2799
4,eval_pf,0.2264
4,eval_precision,0.2587
4,eval_recall,0.619
4,eval_time,42.0
5,eval_acc,0.7722
5,eval_auc,0.7106
5,eval_brier,0.2278
5,eval_f1,0.3855
5,eval_loss,0.2637
5,eval_mcc,0.3053
5,eval_pf,0.2097
5,eval_precision,0.2775
5,eval_recall,0.631
5,eval_time,42.0
5,___inline___,___inline___
6,eval_acc,0.7345
6,eval_auc,0.7049
6,eval_brier,0.2655
6,eval_f1,0.3625
6,eval_loss,0.2781
6,eval_mcc,0.2825
6,eval_pf,0.2568
6,eval_precision,0.2489
6,eval_recall,0.6667
6,eval_time,42.0
7,eval_acc,0.7642
7,eval_auc,0.7061
7,eval_brier,0.2358
7,eval_f1,0.3772
7,eval_loss,0.2434
7,eval_mcc,0.2957
7,eval_pf,0.2188
7,eval_precision,0.269
7,eval_recall,0.631
7,eval_time,42.0
8,eval_acc,0.7426
8,eval_auc,0.6991
8,eval_brier,0.2574
8,eval_f1,0.3612
8,eval_loss,0.2888
8,eval_mcc,0.2781
8,eval_pf,0.2447
8,eval_precision,0.2512
8,eval_recall,0.6429
8,eval_time,42.0
9,eval_acc,0.7547
9,eval_auc,0.7059
9,eval_brier,0.2453
9,eval_f1,0.3724
9,eval_loss,0.2648
9,eval_mcc,0.2914
9,eval_pf,0.231
9,eval_precision,0.2621
9,eval_recall,0.6429
9,eval_time,42.0
