Epoch,Metrics,Score
0,eval_acc,0.8702
0,eval_auc,0.865
0,eval_brier,0.1298
0,eval_f1,0.6346
0,eval_loss,0.1516
0,eval_mcc,0.5916
0,eval_pf,0.1279
0,eval_precision,0.5035
0,eval_recall,0.858
0,eval_time,73.0
0,___best___,___best___
1,eval_acc,0.8531
1,eval_auc,0.8602
1,eval_brier,0.1469
1,eval_f1,0.6087
1,eval_loss,0.1647
1,eval_mcc,0.5666
1,eval_pf,0.1494
1,eval_precision,0.4682
1,eval_recall,0.8698
1,eval_time,73.0
2,eval_acc,0.7591
2,eval_auc,0.8162
2,eval_brier,0.2409
2,eval_f1,0.4935
2,eval_loss,0.2518
2,eval_mcc,0.4495
2,eval_pf,0.2612
2,eval_precision,0.3409
2,eval_recall,0.8935
2,eval_time,73.0
3,eval_acc,0.7809
3,eval_auc,0.8362
3,eval_brier,0.2191
3,eval_f1,0.522
3,eval_loss,0.2193
3,eval_mcc,0.4841
3,eval_pf,0.2388
3,eval_precision,0.3658
3,eval_recall,0.9112
3,eval_time,73.0
4,eval_acc,0.8733
4,eval_auc,0.8744
4,eval_brier,0.1267
4,eval_f1,0.6449
4,eval_loss,0.1527
4,eval_mcc,0.6053
4,eval_pf,0.127
4,eval_precision,0.5103
4,eval_recall,0.8757
4,eval_time,73.0
4,___best___,___best___
5,eval_acc,0.9005
5,eval_auc,0.8825
5,eval_brier,0.0995
5,eval_f1,0.6938
5,eval_loss,0.1176
5,eval_mcc,0.654
5,eval_pf,0.093
5,eval_precision,0.5823
5,eval_recall,0.858
5,eval_time,73.0
5,___best___,___best___
6,eval_acc,0.8912
6,eval_auc,0.8796
6,eval_brier,0.1088
6,eval_f1,0.6759
6,eval_loss,0.1278
6,eval_mcc,0.636
6,eval_pf,0.1047
6,eval_precision,0.5551
6,eval_recall,0.8639
6,eval_time,73.0
7,eval_acc,0.8531
7,eval_auc,0.8652
7,eval_brier,0.1469
7,eval_f1,0.6119
7,eval_loss,0.1594
7,eval_mcc,0.572
7,eval_pf,0.1512
7,eval_precision,0.4686
7,eval_recall,0.8817
7,eval_time,73.0
8,eval_acc,0.864
8,eval_auc,0.874
8,eval_brier,0.136
8,eval_f1,0.6316
8,eval_loss,0.1563
8,eval_mcc,0.5935
8,eval_pf,0.1395
8,eval_precision,0.4902
8,eval_recall,0.8876
8,eval_time,73.0
9,eval_acc,0.8695
9,eval_auc,0.8746
9,eval_brier,0.1305
9,eval_f1,0.6395
9,eval_loss,0.1539
9,eval_mcc,0.6006
9,eval_pf,0.1324
9,eval_precision,0.5017
9,eval_recall,0.8817
9,eval_time,73.0
