Epoch,Metrics,Score
0,eval_acc,0.6398
0,eval_auc,0.749
0,eval_brier,0.3602
0,eval_f1,0.3813
0,eval_loss,0.2557
0,eval_mcc,0.3296
0,eval_pf,0.3963
0,eval_precision,0.2423
0,eval_recall,0.8943
0,eval_time,56.0
0,___best___,___best___
1,eval_acc,0.9162
1,eval_auc,0.7987
1,eval_brier,0.0838
1,eval_f1,0.6556
1,eval_loss,0.2037
1,eval_mcc,0.6081
1,eval_pf,0.0449
1,eval_precision,0.6695
1,eval_recall,0.6423
1,eval_time,56.0
1,___best___,___best___
2,eval_acc,0.9162
2,eval_auc,0.8789
2,eval_brier,0.0838
2,eval_f1,0.7108
2,eval_loss,0.1103
2,eval_mcc,0.6724
2,eval_pf,0.0714
2,eval_precision,0.622
2,eval_recall,0.8293
2,eval_time,56.0
2,___best___,___best___
3,eval_acc,0.9536
3,eval_auc,0.8828
3,eval_brier,0.0464
3,eval_f1,0.8083
3,eval_loss,0.0749
3,eval_mcc,0.7823
3,eval_pf,0.023
3,eval_precision,0.8291
3,eval_recall,0.7886
3,eval_time,56.0
3,___best___,___best___
4,eval_acc,0.9506
4,eval_auc,0.8741
4,eval_brier,0.0494
4,eval_f1,0.795
4,eval_loss,0.0648
4,eval_mcc,0.7673
4,eval_pf,0.0242
4,eval_precision,0.819
4,eval_recall,0.7724
4,eval_time,56.0
5,eval_acc,0.9586
5,eval_auc,0.9031
5,eval_brier,0.0414
5,eval_f1,0.8327
5,eval_loss,0.0606
5,eval_mcc,0.8091
5,eval_pf,0.023
5,eval_precision,0.8361
5,eval_recall,0.8293
5,eval_time,56.0
5,___best___,___best___
6,eval_acc,0.9384
6,eval_auc,0.9125
6,eval_brier,0.0616
6,eval_f1,0.7798
6,eval_loss,0.0818
6,eval_mcc,0.7509
6,eval_pf,0.053
6,eval_precision,0.7013
6,eval_recall,0.878
6,eval_time,56.0
7,eval_acc,0.9435
7,eval_auc,0.9084
7,eval_brier,0.0565
7,eval_f1,0.791
7,eval_loss,0.0756
7,eval_mcc,0.7621
7,eval_pf,0.0449
7,eval_precision,0.731
7,eval_recall,0.8618
7,eval_time,56.0
8,eval_acc,0.9546
8,eval_auc,0.9183
8,eval_brier,0.0454
8,eval_f1,0.8263
8,eval_loss,0.0732
8,eval_mcc,0.8015
8,eval_pf,0.0334
8,eval_precision,0.7868
8,eval_recall,0.8699
8,eval_time,56.0
9,eval_acc,0.9495
9,eval_auc,0.9154
9,eval_brier,0.0505
9,eval_f1,0.8106
9,eval_loss,0.0709
9,eval_mcc,0.7841
9,eval_pf,0.0392
9,eval_precision,0.7589
9,eval_recall,0.8699
9,eval_time,56.0
