Epoch,Metrics,Score
0,eval_acc,0.9153
0,eval_auc,0.8583
0,eval_brier,0.0847
0,eval_f1,0.7078
0,eval_loss,0.137
0,eval_mcc,0.6628
0,eval_pf,0.0644
0,eval_precision,0.6471
0,eval_recall,0.7811
0,eval_time,74.0
0,___best___,___best___
1,eval_acc,0.9114
1,eval_auc,0.8561
1,eval_brier,0.0886
1,eval_f1,0.6984
1,eval_loss,0.1668
1,eval_mcc,0.6522
1,eval_pf,0.0689
1,eval_precision,0.6316
1,eval_recall,0.7811
1,eval_time,74.0
2,eval_acc,0.7723
2,eval_auc,0.8363
2,eval_brier,0.2277
2,eval_f1,0.5157
2,eval_loss,0.22
2,eval_mcc,0.48
2,eval_pf,0.2504
2,eval_precision,0.3578
2,eval_recall,0.9231
2,eval_time,74.0
3,eval_acc,0.9207
3,eval_auc,0.8816
3,eval_brier,0.0793
3,eval_f1,0.733
3,eval_loss,0.122
3,eval_mcc,0.6935
3,eval_pf,0.0653
3,eval_precision,0.6573
3,eval_recall,0.8284
3,eval_time,74.0
3,___best___,___best___
4,eval_acc,0.9122
4,eval_auc,0.8716
4,eval_brier,0.0878
4,eval_f1,0.7095
4,eval_loss,0.1201
4,eval_mcc,0.6668
4,eval_pf,0.0733
4,eval_precision,0.6273
4,eval_recall,0.8166
4,eval_time,73.0
5,eval_acc,0.8881
5,eval_auc,0.8929
5,eval_brier,0.1119
5,eval_f1,0.6786
5,eval_loss,0.1292
5,eval_mcc,0.6441
5,eval_pf,0.1136
5,eval_precision,0.5448
5,eval_recall,0.8994
5,eval_time,74.0
6,eval_acc,0.8904
6,eval_auc,0.8892
6,eval_brier,0.1096
6,eval_f1,0.6803
6,eval_loss,0.1183
6,eval_mcc,0.644
6,eval_pf,0.1091
6,eval_precision,0.5515
6,eval_recall,0.8876
6,eval_time,73.0
7,eval_acc,0.906
7,eval_auc,0.8906
7,eval_brier,0.094
7,eval_f1,0.7084
7,eval_loss,0.1096
7,eval_mcc,0.6711
7,eval_pf,0.0886
7,eval_precision,0.5976
7,eval_recall,0.8698
7,eval_time,73.0
8,eval_acc,0.9021
8,eval_auc,0.8784
8,eval_brier,0.0979
8,eval_f1,0.6942
8,eval_loss,0.1147
8,eval_mcc,0.653
8,eval_pf,0.0894
8,eval_precision,0.5885
8,eval_recall,0.8462
8,eval_time,73.0
