Epoch,Metrics,Score
0,eval_acc,0.8679
0,eval_auc,0.8554
0,eval_brier,0.1321
0,eval_f1,0.7742
0,eval_loss,0.1294
0,eval_mcc,0.6842
0,eval_pf,0.1169
0,eval_precision,0.7273
0,eval_recall,0.8276
0,eval_time,6.0
1,eval_acc,0.8396
1,eval_auc,0.8359
1,eval_brier,0.1604
1,eval_f1,0.7385
1,eval_loss,0.1729
1,eval_mcc,0.6323
1,eval_pf,0.1558
1,eval_precision,0.6667
1,eval_recall,0.8276
1,eval_time,6.0
2,eval_acc,0.8491
2,eval_auc,0.8531
2,eval_brier,0.1509
2,eval_f1,0.7576
2,eval_loss,0.1815
2,eval_mcc,0.6605
2,eval_pf,0.1558
2,eval_precision,0.6757
2,eval_recall,0.8621
2,eval_time,6.0
3,eval_acc,0.8585
3,eval_auc,0.8596
3,eval_brier,0.1415
3,eval_f1,0.7692
3,eval_loss,0.1658
3,eval_mcc,0.677
3,eval_pf,0.1429
3,eval_precision,0.6944
3,eval_recall,0.8621
3,eval_time,6.0
4,eval_acc,0.8774
4,eval_auc,0.8618
4,eval_brier,0.1226
4,eval_f1,0.7869
4,eval_loss,0.1463
4,eval_mcc,0.7028
4,eval_pf,0.1039
4,eval_precision,0.75
4,eval_recall,0.8276
4,eval_time,6.0
5,eval_acc,0.8774
5,eval_auc,0.8726
5,eval_brier,0.1226
5,eval_f1,0.7937
5,eval_loss,0.1447
5,eval_mcc,0.7117
5,eval_pf,0.1169
5,eval_precision,0.7353
5,eval_recall,0.8621
5,eval_time,6.0
6,eval_acc,0.8491
6,eval_auc,0.8209
6,eval_brier,0.1509
6,eval_f1,0.7333
6,eval_loss,0.1517
6,eval_mcc,0.6289
6,eval_pf,0.1169
6,eval_precision,0.7097
6,eval_recall,0.7586
6,eval_time,6.0
7,eval_acc,0.8491
7,eval_auc,0.8209
7,eval_brier,0.1509
7,eval_f1,0.7333
7,eval_loss,0.158
7,eval_mcc,0.6289
7,eval_pf,0.1169
7,eval_precision,0.7097
7,eval_recall,0.7586
7,eval_time,6.0
8,eval_acc,0.8585
8,eval_auc,0.8381
8,eval_brier,0.1415
8,eval_f1,0.7541
8,eval_loss,0.1637
8,eval_mcc,0.6567
8,eval_pf,0.1169
8,eval_precision,0.7188
8,eval_recall,0.7931
8,eval_time,6.0
9,eval_acc,0.8491
9,eval_auc,0.8209
9,eval_brier,0.1509
9,eval_f1,0.7333
9,eval_loss,0.1641
9,eval_mcc,0.6289
9,eval_pf,0.1169
9,eval_precision,0.7097
9,eval_recall,0.7586
9,eval_time,6.0
