Epoch,Metrics,Score
0,eval_acc,0.8491
0,eval_auc,0.7671
0,eval_brier,0.1509
0,eval_f1,0.68
0,eval_loss,0.165
0,eval_mcc,0.5976
0,eval_pf,0.0519
0,eval_precision,0.8095
0,eval_recall,0.5862
0,eval_time,6.0
0,___best___,___best___
1,eval_acc,0.8491
1,eval_auc,0.7779
1,eval_brier,0.1509
1,eval_f1,0.6923
1,eval_loss,0.1972
1,eval_mcc,0.6011
1,eval_pf,0.0649
1,eval_precision,0.7826
1,eval_recall,0.6207
1,eval_time,6.0
1,___best___,___best___
2,eval_acc,0.8585
2,eval_auc,0.7844
2,eval_brier,0.1415
2,eval_f1,0.7059
2,eval_loss,0.1671
2,eval_mcc,0.6252
2,eval_pf,0.0519
2,eval_precision,0.8182
2,eval_recall,0.6207
2,eval_time,6.0
2,___best___,___best___
3,eval_acc,0.8302
3,eval_auc,0.7219
3,eval_brier,0.1698
3,eval_f1,0.6087
3,eval_loss,0.1971
3,eval_mcc,0.5392
3,eval_pf,0.039
3,eval_precision,0.8235
3,eval_recall,0.4828
3,eval_time,6.0
4,eval_acc,0.8302
4,eval_auc,0.7326
4,eval_brier,0.1698
4,eval_f1,0.625
4,eval_loss,0.189
4,eval_mcc,0.5408
4,eval_pf,0.0519
4,eval_precision,0.7895
4,eval_recall,0.5172
4,eval_time,6.0
5,eval_acc,0.8396
5,eval_auc,0.7499
5,eval_brier,0.1604
5,eval_f1,0.6531
5,eval_loss,0.1864
5,eval_mcc,0.5695
5,eval_pf,0.0519
5,eval_precision,0.8
5,eval_recall,0.5517
5,eval_time,6.0
6,eval_acc,0.8491
6,eval_auc,0.7779
6,eval_brier,0.1509
6,eval_f1,0.6923
6,eval_loss,0.2003
6,eval_mcc,0.6011
6,eval_pf,0.0649
6,eval_precision,0.7826
6,eval_recall,0.6207
6,eval_time,6.0
7,eval_acc,0.8302
7,eval_auc,0.7326
7,eval_brier,0.1698
7,eval_f1,0.625
7,eval_loss,0.1931
7,eval_mcc,0.5408
7,eval_pf,0.0519
7,eval_precision,0.7895
7,eval_recall,0.5172
7,eval_time,6.0
8,eval_acc,0.8491
8,eval_auc,0.7671
8,eval_brier,0.1509
8,eval_f1,0.68
8,eval_loss,0.1636
8,eval_mcc,0.5976
8,eval_pf,0.0519
8,eval_precision,0.8095
8,eval_recall,0.5862
8,eval_time,6.0
9,eval_acc,0.8491
9,eval_auc,0.7671
9,eval_brier,0.1509
9,eval_f1,0.68
9,eval_loss,0.1653
9,eval_mcc,0.5976
9,eval_pf,0.0519
9,eval_precision,0.8095
9,eval_recall,0.5862
9,eval_time,6.0
