Epoch,Metrics,Score
0,eval_acc,0.8208
0,eval_auc,0.7584
0,eval_brier,0.1792
0,eval_f1,0.6545
0,eval_loss,0.192
0,eval_mcc,0.5355
0,eval_pf,0.1039
0,eval_precision,0.6923
0,eval_recall,0.6207
0,eval_time,6.0
0,___best___,___best___
1,eval_acc,0.7642
1,eval_auc,0.7839
1,eval_brier,0.2358
1,eval_f1,0.6575
1,eval_loss,0.2998
1,eval_mcc,0.5138
1,eval_pf,0.2597
1,eval_precision,0.5455
1,eval_recall,0.8276
1,eval_time,6.0
1,___best___,___best___
2,eval_acc,0.7453
2,eval_auc,0.7602
2,eval_brier,0.2547
2,eval_f1,0.6301
2,eval_loss,0.2851
2,eval_mcc,0.4708
2,eval_pf,0.2727
2,eval_precision,0.5227
2,eval_recall,0.7931
2,eval_time,6.0
3,eval_acc,0.7547
3,eval_auc,0.7774
3,eval_brier,0.2453
3,eval_f1,0.6486
3,eval_loss,0.2774
3,eval_mcc,0.5004
3,eval_pf,0.2727
3,eval_precision,0.5333
3,eval_recall,0.8276
3,eval_time,6.0
4,eval_acc,0.7736
4,eval_auc,0.7904
4,eval_brier,0.2264
4,eval_f1,0.6667
4,eval_loss,0.2704
4,eval_mcc,0.5273
4,eval_pf,0.2468
4,eval_precision,0.5581
4,eval_recall,0.8276
4,eval_time,6.0
4,___best___,___best___
5,eval_acc,0.7453
5,eval_auc,0.7602
5,eval_brier,0.2547
5,eval_f1,0.6301
5,eval_loss,0.283
5,eval_mcc,0.4708
5,eval_pf,0.2727
5,eval_precision,0.5227
5,eval_recall,0.7931
5,eval_time,6.0
6,eval_acc,0.7547
6,eval_auc,0.7882
6,eval_brier,0.2453
6,eval_f1,0.6579
6,eval_loss,0.2603
6,eval_mcc,0.5172
6,eval_pf,0.2857
6,eval_precision,0.5319
6,eval_recall,0.8621
6,eval_time,6.0
7,eval_acc,0.7925
7,eval_auc,0.7927
7,eval_brier,0.2075
7,eval_f1,0.6765
7,eval_loss,0.2179
7,eval_mcc,0.5411
7,eval_pf,0.2078
7,eval_precision,0.5897
7,eval_recall,0.7931
7,eval_time,6.0
7,___best___,___best___
8,eval_acc,0.783
8,eval_auc,0.7754
8,eval_brier,0.217
8,eval_f1,0.6567
8,eval_loss,0.2335
8,eval_mcc,0.5121
8,eval_pf,0.2078
8,eval_precision,0.5789
8,eval_recall,0.7586
8,eval_time,6.0
9,eval_acc,0.7642
9,eval_auc,0.7624
9,eval_brier,0.2358
9,eval_f1,0.6377
9,eval_loss,0.2401
9,eval_mcc,0.4827
9,eval_pf,0.2338
9,eval_precision,0.55
9,eval_recall,0.7586
9,eval_time,6.0
