Epoch,Metrics,Score
0,eval_acc,0.8019
0,eval_auc,0.7777
0,eval_brier,0.1981
0,eval_f1,0.6667
0,eval_loss,0.2526
0,eval_mcc,0.5304
0,eval_pf,0.1688
0,eval_precision,0.6176
0,eval_recall,0.7241
0,eval_time,6.0
1,eval_acc,0.6604
1,eval_auc,0.734
1,eval_brier,0.3396
1,eval_f1,0.5909
1,eval_loss,0.3485
1,eval_mcc,0.4199
1,eval_pf,0.4286
1,eval_precision,0.4407
1,eval_recall,0.8966
1,eval_time,6.0
2,eval_acc,0.7547
2,eval_auc,0.7452
2,eval_brier,0.2453
2,eval_f1,0.6176
2,eval_loss,0.259
2,eval_mcc,0.4533
2,eval_pf,0.2338
2,eval_precision,0.5385
2,eval_recall,0.7241
2,eval_time,6.0
3,eval_acc,0.783
3,eval_auc,0.7647
3,eval_brier,0.217
3,eval_f1,0.6462
3,eval_loss,0.2357
3,eval_mcc,0.4983
3,eval_pf,0.1948
3,eval_precision,0.5833
3,eval_recall,0.7241
3,eval_time,6.0
4,eval_acc,0.7925
4,eval_auc,0.7819
4,eval_brier,0.2075
4,eval_f1,0.6667
4,eval_loss,0.2156
4,eval_mcc,0.5273
4,eval_pf,0.1948
4,eval_precision,0.5946
4,eval_recall,0.7586
4,eval_time,6.0
5,eval_acc,0.7736
5,eval_auc,0.7689
5,eval_brier,0.2264
5,eval_f1,0.6471
5,eval_loss,0.2171
5,eval_mcc,0.4972
5,eval_pf,0.2208
5,eval_precision,0.5641
5,eval_recall,0.7586
5,eval_time,6.0
6,eval_acc,0.7547
6,eval_auc,0.7559
6,eval_brier,0.2453
6,eval_f1,0.6286
6,eval_loss,0.2389
6,eval_mcc,0.4685
6,eval_pf,0.2468
6,eval_precision,0.5366
6,eval_recall,0.7586
6,eval_time,6.0
7,eval_acc,0.7547
7,eval_auc,0.7559
7,eval_brier,0.2453
7,eval_f1,0.6286
7,eval_loss,0.2406
7,eval_mcc,0.4685
7,eval_pf,0.2468
7,eval_precision,0.5366
7,eval_recall,0.7586
7,eval_time,6.0
8,eval_acc,0.7547
8,eval_auc,0.7559
8,eval_brier,0.2453
8,eval_f1,0.6286
8,eval_loss,0.2472
8,eval_mcc,0.4685
8,eval_pf,0.2468
8,eval_precision,0.5366
8,eval_recall,0.7586
8,eval_time,6.0
9,eval_acc,0.7547
9,eval_auc,0.7559
9,eval_brier,0.2453
9,eval_f1,0.6286
9,eval_loss,0.2475
9,eval_mcc,0.4685
9,eval_pf,0.2468
9,eval_precision,0.5366
9,eval_recall,0.7586
9,eval_time,6.0
