Epoch,Metrics,Score
0,eval_acc,0.6132
0,eval_auc,0.7015
0,eval_brier,0.3868
0,eval_f1,0.5591
0,eval_loss,0.3879
0,eval_mcc,0.3674
0,eval_pf,0.4935
0,eval_precision,0.4062
0,eval_recall,0.8966
0,eval_time,6.0
0,___inline___,___inline___
1,eval_acc,0.8585
1,eval_auc,0.7844
1,eval_brier,0.1415
1,eval_f1,0.7059
1,eval_loss,0.1799
1,eval_mcc,0.6252
1,eval_pf,0.0519
1,eval_precision,0.8182
1,eval_recall,0.6207
1,eval_time,6.0
1,___inline___,___inline___
2,eval_acc,0.6698
2,eval_auc,0.6867
2,eval_brier,0.3302
2,eval_f1,0.5455
2,eval_loss,0.3486
2,eval_mcc,0.3345
2,eval_pf,0.3506
2,eval_precision,0.4375
2,eval_recall,0.7241
2,eval_time,6.0
3,eval_acc,0.7453
3,eval_auc,0.7064
3,eval_brier,0.2547
3,eval_f1,0.5714
3,eval_loss,0.2865
3,eval_mcc,0.3943
3,eval_pf,0.2078
3,eval_precision,0.5294
3,eval_recall,0.6207
3,eval_time,6.0
4,eval_acc,0.6415
4,eval_auc,0.678
4,eval_brier,0.3585
4,eval_f1,0.5366
4,eval_loss,0.3681
4,eval_mcc,0.3174
4,eval_pf,0.4026
4,eval_precision,0.4151
4,eval_recall,0.7586
4,eval_time,6.0
5,eval_acc,0.6792
5,eval_auc,0.704
5,eval_brier,0.3208
5,eval_f1,0.5641
5,eval_loss,0.3506
5,eval_mcc,0.3648
5,eval_pf,0.3506
5,eval_precision,0.449
5,eval_recall,0.7586
5,eval_time,6.0
6,eval_acc,0.783
6,eval_auc,0.7539
6,eval_brier,0.217
6,eval_f1,0.6349
6,eval_loss,0.2368
6,eval_mcc,0.485
6,eval_pf,0.1818
6,eval_precision,0.5882
6,eval_recall,0.6897
6,eval_time,6.0
7,eval_acc,0.7642
7,eval_auc,0.7517
7,eval_brier,0.2358
7,eval_f1,0.6269
7,eval_loss,0.2744
7,eval_mcc,0.4679
7,eval_pf,0.2208
7,eval_precision,0.5526
7,eval_recall,0.7241
7,eval_time,6.0
8,eval_acc,0.7547
8,eval_auc,0.7559
8,eval_brier,0.2453
8,eval_f1,0.6286
8,eval_loss,0.27
8,eval_mcc,0.4685
8,eval_pf,0.2468
8,eval_precision,0.5366
8,eval_recall,0.7586
8,eval_time,6.0
9,eval_acc,0.717
9,eval_auc,0.73
9,eval_brier,0.283
9,eval_f1,0.5946
9,eval_loss,0.2833
9,eval_mcc,0.4148
9,eval_pf,0.2987
9,eval_precision,0.4889
9,eval_recall,0.7586
9,eval_time,6.0
