Epoch,Metrics,Score
0,eval_acc,0.8491
0,eval_auc,0.7779
0,eval_brier,0.1509
0,eval_f1,0.6923
0,eval_loss,0.161
0,eval_mcc,0.6011
0,eval_pf,0.0649
0,eval_precision,0.7826
0,eval_recall,0.6207
0,eval_time,6.0
1,eval_acc,0.8491
1,eval_auc,0.7671
1,eval_brier,0.1509
1,eval_f1,0.68
1,eval_loss,0.1682
1,eval_mcc,0.5976
1,eval_pf,0.0519
1,eval_precision,0.8095
1,eval_recall,0.5862
1,eval_time,6.0
2,eval_acc,0.8491
2,eval_auc,0.7671
2,eval_brier,0.1509
2,eval_f1,0.68
2,eval_loss,0.1675
2,eval_mcc,0.5976
2,eval_pf,0.0519
2,eval_precision,0.8095
2,eval_recall,0.5862
2,eval_time,6.0
3,eval_acc,0.8302
3,eval_auc,0.7326
3,eval_brier,0.1698
3,eval_f1,0.625
3,eval_loss,0.1823
3,eval_mcc,0.5408
3,eval_pf,0.0519
3,eval_precision,0.7895
3,eval_recall,0.5172
3,eval_time,6.0
4,eval_acc,0.8396
4,eval_auc,0.7499
4,eval_brier,0.1604
4,eval_f1,0.6531
4,eval_loss,0.1605
4,eval_mcc,0.5695
4,eval_pf,0.0519
4,eval_precision,0.8
4,eval_recall,0.5517
4,eval_time,6.0
5,eval_acc,0.8396
5,eval_auc,0.7606
5,eval_brier,0.1604
5,eval_f1,0.6667
5,eval_loss,0.1815
5,eval_mcc,0.573
5,eval_pf,0.0649
5,eval_precision,0.7727
5,eval_recall,0.5862
5,eval_time,6.0
6,eval_acc,0.8491
6,eval_auc,0.7671
6,eval_brier,0.1509
6,eval_f1,0.68
6,eval_loss,0.1742
6,eval_mcc,0.5976
6,eval_pf,0.0519
6,eval_precision,0.8095
6,eval_recall,0.5862
6,eval_time,6.0
7,eval_acc,0.8491
7,eval_auc,0.7671
7,eval_brier,0.1509
7,eval_f1,0.68
7,eval_loss,0.1776
7,eval_mcc,0.5976
7,eval_pf,0.0519
7,eval_precision,0.8095
7,eval_recall,0.5862
7,eval_time,6.0
8,eval_acc,0.8396
8,eval_auc,0.7499
8,eval_brier,0.1604
8,eval_f1,0.6531
8,eval_loss,0.1765
8,eval_mcc,0.5695
8,eval_pf,0.0519
8,eval_precision,0.8
8,eval_recall,0.5517
8,eval_time,6.0
9,eval_acc,0.8396
9,eval_auc,0.7499
9,eval_brier,0.1604
9,eval_f1,0.6531
9,eval_loss,0.1895
9,eval_mcc,0.5695
9,eval_pf,0.0519
9,eval_precision,0.8
9,eval_recall,0.5517
9,eval_time,6.0
