Epoch,Metrics,Score
0,eval_acc,0.8019
0,eval_auc,0.7991
0,eval_brier,0.1981
0,eval_f1,0.6866
0,eval_loss,0.2185
0,eval_mcc,0.5562
0,eval_pf,0.1948
0,eval_precision,0.6053
0,eval_recall,0.7931
0,eval_time,6.0
1,eval_acc,0.7453
1,eval_auc,0.7602
1,eval_brier,0.2547
1,eval_f1,0.6301
1,eval_loss,0.2726
1,eval_mcc,0.4708
1,eval_pf,0.2727
1,eval_precision,0.5227
1,eval_recall,0.7931
1,eval_time,6.0
2,eval_acc,0.8113
2,eval_auc,0.7949
2,eval_brier,0.1887
2,eval_f1,0.6875
2,eval_loss,0.192
2,eval_mcc,0.5591
2,eval_pf,0.1688
2,eval_precision,0.6286
2,eval_recall,0.7586
2,eval_time,6.0
3,eval_acc,0.8113
3,eval_auc,0.8056
3,eval_brier,0.1887
3,eval_f1,0.697
3,eval_loss,0.2183
3,eval_mcc,0.5717
3,eval_pf,0.1818
3,eval_precision,0.6216
3,eval_recall,0.7931
3,eval_time,6.0
4,eval_acc,0.8019
4,eval_auc,0.7991
4,eval_brier,0.1981
4,eval_f1,0.6866
4,eval_loss,0.2492
4,eval_mcc,0.5562
4,eval_pf,0.1948
4,eval_precision,0.6053
4,eval_recall,0.7931
4,eval_time,6.0
5,eval_acc,0.8113
5,eval_auc,0.8056
5,eval_brier,0.1887
5,eval_f1,0.697
5,eval_loss,0.2046
5,eval_mcc,0.5717
5,eval_pf,0.1818
5,eval_precision,0.6216
5,eval_recall,0.7931
5,eval_time,6.0
6,eval_acc,0.8208
6,eval_auc,0.8121
6,eval_brier,0.1792
6,eval_f1,0.7077
6,eval_loss,0.1959
6,eval_mcc,0.5876
6,eval_pf,0.1688
6,eval_precision,0.6389
6,eval_recall,0.7931
6,eval_time,6.0
7,eval_acc,0.8208
7,eval_auc,0.8121
7,eval_brier,0.1792
7,eval_f1,0.7077
7,eval_loss,0.1934
7,eval_mcc,0.5876
7,eval_pf,0.1688
7,eval_precision,0.6389
7,eval_recall,0.7931
7,eval_time,6.0
8,eval_acc,0.8302
8,eval_auc,0.8186
8,eval_brier,0.1698
8,eval_f1,0.7188
8,eval_loss,0.1936
8,eval_mcc,0.6041
8,eval_pf,0.1558
8,eval_precision,0.6571
8,eval_recall,0.7931
8,eval_time,6.0
9,eval_acc,0.8302
9,eval_auc,0.8186
9,eval_brier,0.1698
9,eval_f1,0.7188
9,eval_loss,0.1947
9,eval_mcc,0.6041
9,eval_pf,0.1558
9,eval_precision,0.6571
9,eval_recall,0.7931
9,eval_time,6.0
