Epoch,Metrics,Score
0,eval_acc,0.8208
0,eval_auc,0.8229
0,eval_brier,0.1792
0,eval_f1,0.7164
0,eval_loss,0.2578
0,eval_mcc,0.6003
0,eval_pf,0.1818
0,eval_precision,0.6316
0,eval_recall,0.8276
0,eval_time,6.0
0,___inline___,___inline___
1,eval_acc,0.8585
1,eval_auc,0.8166
1,eval_brier,0.1415
1,eval_f1,0.7368
1,eval_loss,0.1787
1,eval_mcc,0.6403
1,eval_pf,0.0909
1,eval_precision,0.75
1,eval_recall,0.7241
1,eval_time,6.0
1,___inline___,___inline___
2,eval_acc,0.8679
2,eval_auc,0.8339
2,eval_brier,0.1321
2,eval_f1,0.7586
2,eval_loss,0.1931
2,eval_mcc,0.6677
2,eval_pf,0.0909
2,eval_precision,0.7586
2,eval_recall,0.7586
2,eval_time,6.0
2,___best___,___best___
3,eval_acc,0.8679
3,eval_auc,0.8339
3,eval_brier,0.1321
3,eval_f1,0.7586
3,eval_loss,0.1478
3,eval_mcc,0.6677
3,eval_pf,0.0909
3,eval_precision,0.7586
3,eval_recall,0.7586
3,eval_time,6.0
4,eval_acc,0.8962
4,eval_auc,0.8748
4,eval_brier,0.1038
4,eval_f1,0.8136
4,eval_loss,0.1257
4,eval_mcc,0.7419
4,eval_pf,0.0779
4,eval_precision,0.8
4,eval_recall,0.8276
4,eval_time,6.0
4,___best___,___best___
5,eval_acc,0.8774
5,eval_auc,0.8618
5,eval_brier,0.1226
5,eval_f1,0.7869
5,eval_loss,0.1552
5,eval_mcc,0.7028
5,eval_pf,0.1039
5,eval_precision,0.75
5,eval_recall,0.8276
5,eval_time,6.0
6,eval_acc,0.8679
6,eval_auc,0.8446
6,eval_brier,0.1321
6,eval_f1,0.7667
6,eval_loss,0.1383
6,eval_mcc,0.6754
6,eval_pf,0.1039
6,eval_precision,0.7419
6,eval_recall,0.7931
6,eval_time,6.0
7,eval_acc,0.8774
7,eval_auc,0.8511
7,eval_brier,0.1226
7,eval_f1,0.7797
7,eval_loss,0.1284
7,eval_mcc,0.6949
7,eval_pf,0.0909
7,eval_precision,0.7667
7,eval_recall,0.7931
7,eval_time,6.0
8,eval_acc,0.8679
8,eval_auc,0.8446
8,eval_brier,0.1321
8,eval_f1,0.7667
8,eval_loss,0.1273
8,eval_mcc,0.6754
8,eval_pf,0.1039
8,eval_precision,0.7419
8,eval_recall,0.7931
8,eval_time,6.0
9,eval_acc,0.8679
9,eval_auc,0.8446
9,eval_brier,0.1321
9,eval_f1,0.7667
9,eval_loss,0.1344
9,eval_mcc,0.6754
9,eval_pf,0.1039
9,eval_precision,0.7419
9,eval_recall,0.7931
9,eval_time,6.0
