Epoch,Metrics,Score
0,eval_acc,0.9434
0,eval_auc,0.918
0,eval_brier,0.0566
0,eval_f1,0.8929
0,eval_loss,0.1022
0,eval_mcc,0.8555
0,eval_pf,0.026
0,eval_precision,0.9259
0,eval_recall,0.8621
0,eval_time,6.0
0,___best___,___best___
1,eval_acc,0.8868
1,eval_auc,0.8146
1,eval_brier,0.1132
1,eval_f1,0.76
1,eval_loss,0.1499
1,eval_mcc,0.7037
1,eval_pf,0.026
1,eval_precision,0.9048
1,eval_recall,0.6552
1,eval_time,6.0
2,eval_acc,0.5849
2,eval_auc,0.6713
2,eval_brier,0.4151
2,eval_f1,0.5319
2,eval_loss,0.32
2,eval_mcc,0.3136
2,eval_pf,0.5195
2,eval_precision,0.3846
2,eval_recall,0.8621
2,eval_time,6.0
3,eval_acc,0.7358
3,eval_auc,0.7752
3,eval_brier,0.2642
3,eval_f1,0.641
3,eval_loss,0.3029
3,eval_mcc,0.4921
3,eval_pf,0.3117
3,eval_precision,0.5102
3,eval_recall,0.8621
3,eval_time,6.0
4,eval_acc,0.7264
4,eval_auc,0.7257
4,eval_brier,0.2736
4,eval_f1,0.5915
4,eval_loss,0.2837
4,eval_mcc,0.4114
4,eval_pf,0.2727
4,eval_precision,0.5
4,eval_recall,0.7241
4,eval_time,6.0
5,eval_acc,0.717
5,eval_auc,0.7192
5,eval_brier,0.283
5,eval_f1,0.5833
5,eval_loss,0.2872
5,eval_mcc,0.398
5,eval_pf,0.2857
5,eval_precision,0.4884
5,eval_recall,0.7241
5,eval_time,6.0
6,eval_acc,0.7075
6,eval_auc,0.702
6,eval_brier,0.2925
6,eval_f1,0.5634
6,eval_loss,0.2737
6,eval_mcc,0.3682
6,eval_pf,0.2857
6,eval_precision,0.4762
6,eval_recall,0.6897
6,eval_time,6.0
7,eval_acc,0.717
7,eval_auc,0.7407
7,eval_brier,0.283
7,eval_f1,0.6053
7,eval_loss,0.294
7,eval_mcc,0.432
7,eval_pf,0.3117
7,eval_precision,0.4894
7,eval_recall,0.7931
7,eval_time,6.0
8,eval_acc,0.7264
8,eval_auc,0.7472
8,eval_brier,0.2736
8,eval_f1,0.6133
8,eval_loss,0.2742
8,eval_mcc,0.4447
8,eval_pf,0.2987
8,eval_precision,0.5
8,eval_recall,0.7931
8,eval_time,6.0
9,eval_acc,0.7264
9,eval_auc,0.7472
9,eval_brier,0.2736
9,eval_f1,0.6133
9,eval_loss,0.2622
9,eval_mcc,0.4447
9,eval_pf,0.2987
9,eval_precision,0.5
9,eval_recall,0.7931
9,eval_time,6.0
