Epoch,Metrics,Score
0,eval_acc,0.8302
0,eval_auc,0.7971
0,eval_brier,0.1698
0,eval_f1,0.7
0,eval_loss,0.186
0,eval_mcc,0.5824
0,eval_pf,0.1299
0,eval_precision,0.6774
0,eval_recall,0.7241
0,eval_time,6.0
0,___inline___,___inline___
1,eval_acc,0.7925
1,eval_auc,0.7819
1,eval_brier,0.2075
1,eval_f1,0.6667
1,eval_loss,0.2522
1,eval_mcc,0.5273
1,eval_pf,0.1948
1,eval_precision,0.5946
1,eval_recall,0.7586
1,eval_time,6.0
2,eval_acc,0.8491
2,eval_auc,0.8316
2,eval_brier,0.1509
2,eval_f1,0.7419
2,eval_loss,0.1679
2,eval_mcc,0.6385
2,eval_pf,0.1299
2,eval_precision,0.697
2,eval_recall,0.7931
2,eval_time,6.0
2,___best___,___best___
3,eval_acc,0.8019
3,eval_auc,0.7991
3,eval_brier,0.1981
3,eval_f1,0.6866
3,eval_loss,0.2588
3,eval_mcc,0.5562
3,eval_pf,0.1948
3,eval_precision,0.6053
3,eval_recall,0.7931
3,eval_time,6.0
4,eval_acc,0.8113
4,eval_auc,0.8056
4,eval_brier,0.1887
4,eval_f1,0.697
4,eval_loss,0.2281
4,eval_mcc,0.5717
4,eval_pf,0.1818
4,eval_precision,0.6216
4,eval_recall,0.7931
4,eval_time,6.0
5,eval_acc,0.8113
5,eval_auc,0.8056
5,eval_brier,0.1887
5,eval_f1,0.697
5,eval_loss,0.2214
5,eval_mcc,0.5717
5,eval_pf,0.1818
5,eval_precision,0.6216
5,eval_recall,0.7931
5,eval_time,6.0
6,eval_acc,0.783
6,eval_auc,0.7862
6,eval_brier,0.217
6,eval_f1,0.6667
6,eval_loss,0.2595
6,eval_mcc,0.5264
6,eval_pf,0.2208
6,eval_precision,0.575
6,eval_recall,0.7931
6,eval_time,6.0
7,eval_acc,0.783
7,eval_auc,0.7862
7,eval_brier,0.217
7,eval_f1,0.6667
7,eval_loss,0.2205
7,eval_mcc,0.5264
7,eval_pf,0.2208
7,eval_precision,0.575
7,eval_recall,0.7931
7,eval_time,6.0
8,eval_acc,0.7925
8,eval_auc,0.7927
8,eval_brier,0.2075
8,eval_f1,0.6765
8,eval_loss,0.218
8,eval_mcc,0.5411
8,eval_pf,0.2078
8,eval_precision,0.5897
8,eval_recall,0.7931
8,eval_time,6.0
9,eval_acc,0.8019
9,eval_auc,0.7991
9,eval_brier,0.1981
9,eval_f1,0.6866
9,eval_loss,0.2172
9,eval_mcc,0.5562
9,eval_pf,0.1948
9,eval_precision,0.6053
9,eval_recall,0.7931
9,eval_time,6.0
