Epoch,Metrics,Score
0,eval_acc,0.8774
0,eval_auc,0.8618
0,eval_brier,0.1226
0,eval_f1,0.7869
0,eval_loss,0.1599
0,eval_mcc,0.7028
0,eval_pf,0.1039
0,eval_precision,0.75
0,eval_recall,0.8276
0,eval_time,4.0
0,___best___,___best___
1,eval_acc,0.8962
1,eval_auc,0.8318
1,eval_brier,0.1038
1,eval_f1,0.7843
1,eval_loss,0.2276
1,eval_mcc,0.7295
1,eval_pf,0.026
1,eval_precision,0.9091
1,eval_recall,0.6897
1,eval_time,4.0
2,eval_acc,0.8019
2,eval_auc,0.7777
2,eval_brier,0.1981
2,eval_f1,0.6667
2,eval_loss,0.2201
2,eval_mcc,0.5304
2,eval_pf,0.1688
2,eval_precision,0.6176
2,eval_recall,0.7241
2,eval_time,4.0
3,eval_acc,0.8962
3,eval_auc,0.8856
3,eval_brier,0.1038
3,eval_f1,0.8197
3,eval_loss,0.1932
3,eval_mcc,0.7489
3,eval_pf,0.0909
3,eval_precision,0.7812
3,eval_recall,0.8621
3,eval_time,4.0
3,___best___,___best___
4,eval_acc,0.8679
4,eval_auc,0.8446
4,eval_brier,0.1321
4,eval_f1,0.7667
4,eval_loss,0.1931
4,eval_mcc,0.6754
4,eval_pf,0.1039
4,eval_precision,0.7419
4,eval_recall,0.7931
4,eval_time,4.0
5,eval_acc,0.8868
5,eval_auc,0.8468
5,eval_brier,0.1132
5,eval_f1,0.7857
5,eval_loss,0.1872
5,eval_mcc,0.7098
5,eval_pf,0.0649
5,eval_precision,0.8148
5,eval_recall,0.7586
5,eval_time,4.0
6,eval_acc,0.8962
6,eval_auc,0.8856
6,eval_brier,0.1038
6,eval_f1,0.8197
6,eval_loss,0.1887
6,eval_mcc,0.7489
6,eval_pf,0.0909
6,eval_precision,0.7812
6,eval_recall,0.8621
6,eval_time,4.0
7,eval_acc,0.9057
7,eval_auc,0.8813
7,eval_brier,0.0943
7,eval_f1,0.8276
7,eval_loss,0.1892
7,eval_mcc,0.7627
7,eval_pf,0.0649
7,eval_precision,0.8276
7,eval_recall,0.8276
7,eval_time,4.0
7,___best___,___best___
8,eval_acc,0.8962
8,eval_auc,0.8856
8,eval_brier,0.1038
8,eval_f1,0.8197
8,eval_loss,0.2031
8,eval_mcc,0.7489
8,eval_pf,0.0909
8,eval_precision,0.7812
8,eval_recall,0.8621
8,eval_time,4.0
9,eval_acc,0.8962
9,eval_auc,0.8748
9,eval_brier,0.1038
9,eval_f1,0.8136
9,eval_loss,0.202
9,eval_mcc,0.7419
9,eval_pf,0.0779
9,eval_precision,0.8
9,eval_recall,0.8276
9,eval_time,4.0
