Epoch,Metrics,Score
0,eval_acc,0.9375
0,eval_auc,0.9375
0,eval_brier,0.0625
0,eval_f1,0.9396
0,eval_loss,0.1044
0,eval_mcc,0.8771
0,eval_pf,0.0972
0,eval_precision,0.9091
0,eval_recall,0.9722
0,eval_time,8.0
1,eval_acc,0.9097
1,eval_auc,0.9097
1,eval_brier,0.0903
1,eval_f1,0.9103
1,eval_loss,0.1075
1,eval_mcc,0.8195
1,eval_pf,0.0972
1,eval_precision,0.9041
1,eval_recall,0.9167
1,eval_time,8.0
2,eval_acc,0.8889
2,eval_auc,0.8889
2,eval_brier,0.1111
2,eval_f1,0.8961
2,eval_loss,0.1338
2,eval_mcc,0.7854
2,eval_pf,0.1806
2,eval_precision,0.8415
2,eval_recall,0.9583
2,eval_time,8.0
3,eval_acc,0.9097
3,eval_auc,0.9097
3,eval_brier,0.0903
3,eval_f1,0.9139
3,eval_loss,0.1188
3,eval_mcc,0.8233
3,eval_pf,0.1389
3,eval_precision,0.8734
3,eval_recall,0.9583
3,eval_time,8.0
4,eval_acc,0.9375
4,eval_auc,0.9375
4,eval_brier,0.0625
4,eval_f1,0.9379
4,eval_loss,0.0703
4,eval_mcc,0.8751
4,eval_pf,0.0694
4,eval_precision,0.9315
4,eval_recall,0.9444
4,eval_time,8.0
