Epoch,Metrics,Score
0,eval_acc,0.8585
0,eval_auc,0.7414
0,eval_brier,0.1415
0,eval_f1,0.6512
0,eval_loss,0.2597
0,eval_mcc,0.6356
0,eval_pf,0.0
0,eval_precision,1.0
0,eval_recall,0.4828
0,eval_time,6.0
0,___best___,___best___
1,eval_acc,0.7075
1,eval_auc,0.7127
1,eval_brier,0.2925
1,eval_f1,0.5753
1,eval_loss,0.3143
1,eval_mcc,0.3849
1,eval_pf,0.2987
1,eval_precision,0.4773
1,eval_recall,0.7241
1,eval_time,6.0
2,eval_acc,0.7925
2,eval_auc,0.6529
2,eval_brier,0.2075
2,eval_f1,0.4762
2,eval_loss,0.2053
2,eval_mcc,0.4157
2,eval_pf,0.039
2,eval_precision,0.7692
2,eval_recall,0.3448
2,eval_time,6.0
3,eval_acc,0.7547
3,eval_auc,0.67
3,eval_brier,0.2453
3,eval_f1,0.5185
3,eval_loss,0.2412
3,eval_mcc,0.3569
3,eval_pf,0.1429
3,eval_precision,0.56
3,eval_recall,0.4828
3,eval_time,6.0
4,eval_acc,0.8019
4,eval_auc,0.6702
4,eval_brier,0.1981
4,eval_f1,0.5116
4,eval_loss,0.2136
4,eval_mcc,0.4481
4,eval_pf,0.039
4,eval_precision,0.7857
4,eval_recall,0.3793
4,eval_time,6.0
5,eval_acc,0.8396
5,eval_auc,0.7391
5,eval_brier,0.1604
5,eval_f1,0.6383
5,eval_loss,0.1575
5,eval_mcc,0.5679
5,eval_pf,0.039
5,eval_precision,0.8333
5,eval_recall,0.5172
5,eval_time,6.0
6,eval_acc,0.7642
6,eval_auc,0.7302
6,eval_brier,0.2358
6,eval_f1,0.6032
6,eval_loss,0.2291
6,eval_mcc,0.4397
6,eval_pf,0.1948
6,eval_precision,0.5588
6,eval_recall,0.6552
6,eval_time,6.0
7,eval_acc,0.8208
7,eval_auc,0.7047
7,eval_brier,0.1792
7,eval_f1,0.5778
7,eval_loss,0.1813
7,eval_mcc,0.5097
7,eval_pf,0.039
7,eval_precision,0.8125
7,eval_recall,0.4483
7,eval_time,6.0
8,eval_acc,0.8113
8,eval_auc,0.7412
8,eval_brier,0.1887
8,eval_f1,0.6296
8,eval_loss,0.1891
8,eval_mcc,0.5065
8,eval_pf,0.1039
8,eval_precision,0.68
8,eval_recall,0.5862
8,eval_time,6.0
9,eval_acc,0.8208
9,eval_auc,0.7369
9,eval_brier,0.1792
9,eval_f1,0.6275
9,eval_loss,0.1751
9,eval_mcc,0.5208
9,eval_pf,0.0779
9,eval_precision,0.7273
9,eval_recall,0.5517
9,eval_time,6.0
