Epoch,Metrics,Score
0,eval_acc,0.893
0,eval_auc,0.611
0,eval_brier,0.107
0,eval_f1,0.3537
0,eval_loss,0.1744
0,eval_mcc,0.3675
0,eval_pf,0.0138
0,eval_precision,0.7073
0,eval_recall,0.2358
0,eval_time,57.0
0,___inline___,___inline___
1,eval_acc,0.8971
1,eval_auc,0.6272
1,eval_brier,0.1029
1,eval_f1,0.3929
1,eval_loss,0.1606
1,eval_mcc,0.403
1,eval_pf,0.0138
1,eval_precision,0.7333
1,eval_recall,0.2683
1,eval_time,58.0
1,___inline___,___inline___
2,eval_acc,0.8981
2,eval_auc,0.6313
2,eval_brier,0.1019
2,eval_f1,0.4024
2,eval_loss,0.1562
2,eval_mcc,0.4115
2,eval_pf,0.0138
2,eval_precision,0.7391
2,eval_recall,0.2764
2,eval_time,58.0
2,___inline___,___inline___
3,eval_acc,0.8951
3,eval_auc,0.6296
3,eval_brier,0.1049
3,eval_f1,0.3953
3,eval_loss,0.1446
3,eval_mcc,0.3941
3,eval_pf,0.0173
3,eval_precision,0.6939
3,eval_recall,0.2764
3,eval_time,57.0
4,eval_acc,0.9001
4,eval_auc,0.629
4,eval_brier,0.0999
4,eval_f1,0.4
4,eval_loss,0.1581
4,eval_mcc,0.4221
4,eval_pf,0.0104
4,eval_precision,0.7857
4,eval_recall,0.2683
4,eval_time,58.0
5,eval_acc,0.8971
5,eval_auc,0.6098
5,eval_brier,0.1029
5,eval_f1,0.3544
5,eval_loss,0.1382
5,eval_mcc,0.3922
5,eval_pf,0.0081
5,eval_precision,0.8
5,eval_recall,0.2276
5,eval_time,58.0
6,eval_acc,0.8971
6,eval_auc,0.6342
6,eval_brier,0.1029
6,eval_f1,0.407
6,eval_loss,0.1358
6,eval_mcc,0.4082
6,eval_pf,0.0161
6,eval_precision,0.7143
6,eval_recall,0.2846
6,eval_time,58.0
6,___inline___,___inline___
7,eval_acc,0.9001
7,eval_auc,0.629
7,eval_brier,0.0999
7,eval_f1,0.4
7,eval_loss,0.1537
7,eval_mcc,0.4221
7,eval_pf,0.0104
7,eval_precision,0.7857
7,eval_recall,0.2683
7,eval_time,58.0
8,eval_acc,0.8961
8,eval_auc,0.6057
8,eval_brier,0.1039
8,eval_f1,0.3439
8,eval_loss,0.1479
8,eval_mcc,0.383
8,eval_pf,0.0081
8,eval_precision,0.7941
8,eval_recall,0.2195
8,eval_time,58.0
9,eval_acc,0.8971
9,eval_auc,0.6133
9,eval_brier,0.1029
9,eval_f1,0.3625
9,eval_loss,0.1454
9,eval_mcc,0.394
9,eval_pf,0.0092
9,eval_precision,0.7838
9,eval_recall,0.2358
9,eval_time,58.0
