Epoch,Metrics,Score
0,eval_acc,0.9193
0,eval_auc,0.762
0,eval_brier,0.0807
0,eval_f1,0.6296
0,eval_loss,0.1614
0,eval_mcc,0.5925
0,eval_pf,0.0288
0,eval_precision,0.7312
0,eval_recall,0.5528
0,eval_time,56.0
0,___inline___,___inline___
1,eval_acc,0.9021
1,eval_auc,0.7767
1,eval_brier,0.0979
1,eval_f1,0.6073
1,eval_loss,0.118
1,eval_mcc,0.5514
1,eval_pf,0.0565
1,eval_precision,0.6048
1,eval_recall,0.6098
1,eval_time,56.0
2,eval_acc,0.894
2,eval_auc,0.8034
2,eval_brier,0.106
2,eval_f1,0.6154
2,eval_loss,0.126
2,eval_mcc,0.5583
2,eval_pf,0.076
2,eval_precision,0.56
2,eval_recall,0.6829
2,eval_time,56.0
3,eval_acc,0.8607
3,eval_auc,0.7914
3,eval_brier,0.1393
3,eval_f1,0.5548
3,eval_loss,0.153
3,eval_mcc,0.4911
3,eval_pf,0.1164
3,eval_precision,0.4599
3,eval_recall,0.6992
3,eval_time,56.0
4,eval_acc,0.8557
4,eval_auc,0.8025
4,eval_brier,0.1443
4,eval_f1,0.5573
4,eval_loss,0.1689
4,eval_mcc,0.497
4,eval_pf,0.1267
4,eval_precision,0.45
4,eval_recall,0.7317
4,eval_time,56.0
5,eval_acc,0.8981
5,eval_auc,0.7709
5,eval_brier,0.1019
5,eval_f1,0.5944
5,eval_loss,0.1247
5,eval_mcc,0.5362
5,eval_pf,0.0599
5,eval_precision,0.5873
5,eval_recall,0.6016
5,eval_time,56.0
6,eval_acc,0.884
6,eval_auc,0.7802
6,eval_brier,0.116
6,eval_f1,0.5788
6,eval_loss,0.1415
6,eval_mcc,0.5156
6,eval_pf,0.0818
6,eval_precision,0.5267
6,eval_recall,0.6423
6,eval_time,56.0
7,eval_acc,0.8315
7,eval_auc,0.7956
7,eval_brier,0.1685
7,eval_f1,0.5242
7,eval_loss,0.1879
7,eval_mcc,0.4632
7,eval_pf,0.1567
7,eval_precision,0.4035
7,eval_recall,0.748
7,eval_time,56.0
8,eval_acc,0.8829
8,eval_auc,0.7901
8,eval_brier,0.1171
8,eval_f1,0.5857
8,eval_loss,0.1412
8,eval_mcc,0.524
8,eval_pf,0.0864
8,eval_precision,0.5223
8,eval_recall,0.6667
8,eval_time,56.0
9,eval_acc,0.8708
9,eval_auc,0.7867
9,eval_brier,0.1292
9,eval_f1,0.5646
9,eval_loss,0.1493
9,eval_mcc,0.5004
9,eval_pf,0.1014
9,eval_precision,0.4854
9,eval_recall,0.6748
9,eval_time,56.0
