Epoch,Metrics,Score
0,eval_acc,0.8244
0,eval_auc,0.6137
0,eval_brier,0.1756
0,eval_f1,0.3203
0,eval_loss,0.2365
0,eval_mcc,0.2199
0,eval_pf,0.106
0,eval_precision,0.3083
0,eval_recall,0.3333
0,eval_time,56.0
0,___inline___,___inline___
1,eval_acc,0.776
1,eval_auc,0.7709
1,eval_brier,0.224
1,eval_f1,0.4585
1,eval_loss,0.2284
1,eval_mcc,0.3939
1,eval_pf,0.2224
1,eval_precision,0.3275
1,eval_recall,0.7642
1,eval_time,56.0
1,___inline___,___inline___
2,eval_acc,0.7881
2,eval_auc,0.7918
2,eval_brier,0.2119
2,eval_f1,0.4828
2,eval_loss,0.2046
2,eval_mcc,0.426
2,eval_pf,0.2131
2,eval_precision,0.3463
2,eval_recall,0.7967
2,eval_time,56.0
2,___inline___,___inline___
3,eval_acc,0.7619
3,eval_auc,0.8013
3,eval_brier,0.2381
3,eval_f1,0.4709
3,eval_loss,0.3032
3,eval_mcc,0.4238
3,eval_pf,0.2512
3,eval_precision,0.3251
3,eval_recall,0.8537
3,eval_time,56.0
4,eval_acc,0.782
4,eval_auc,0.7988
4,eval_brier,0.218
4,eval_f1,0.4833
4,eval_loss,0.2688
4,eval_mcc,0.431
4,eval_pf,0.2235
4,eval_precision,0.3424
4,eval_recall,0.8211
4,eval_time,56.0
4,___inline___,___inline___
5,eval_acc,0.8063
5,eval_auc,0.7882
5,eval_brier,0.1937
5,eval_f1,0.4947
5,eval_loss,0.2262
5,eval_mcc,0.4337
5,eval_pf,0.1878
5,eval_precision,0.3658
5,eval_recall,0.7642
5,eval_time,56.0
5,___inline___,___inline___
6,eval_acc,0.783
6,eval_auc,0.7959
6,eval_brier,0.217
6,eval_f1,0.4819
6,eval_loss,0.2315
6,eval_mcc,0.428
6,eval_pf,0.2212
6,eval_precision,0.3425
6,eval_recall,0.813
6,eval_time,56.0
7,eval_acc,0.8052
7,eval_auc,0.7946
7,eval_brier,0.1948
7,eval_f1,0.4987
7,eval_loss,0.2276
7,eval_mcc,0.4405
7,eval_pf,0.1912
7,eval_precision,0.3664
7,eval_recall,0.7805
7,eval_time,56.0
7,___inline___,___inline___
8,eval_acc,0.8254
8,eval_auc,0.7957
8,eval_brier,0.1746
8,eval_f1,0.5181
8,eval_loss,0.2139
8,eval_mcc,0.4577
8,eval_pf,0.1647
8,eval_precision,0.3941
8,eval_recall,0.7561
8,eval_time,56.0
8,___inline___,___inline___
9,eval_acc,0.8022
9,eval_auc,0.7999
9,eval_brier,0.1978
9,eval_f1,0.5
9,eval_loss,0.2191
9,eval_mcc,0.4447
9,eval_pf,0.197
9,eval_precision,0.3643
9,eval_recall,0.7967
9,eval_time,56.0
