Epoch,Metrics,Score
0,eval_acc,0.781
0,eval_auc,0.6622
0,eval_brier,0.219
0,eval_f1,0.3636
0,eval_loss,0.2389
0,eval_mcc,0.2582
0,eval_pf,0.1797
0,eval_precision,0.2844
0,eval_recall,0.5041
0,eval_time,57.0
0,___inline___,___inline___
1,eval_acc,0.783
1,eval_auc,0.6529
1,eval_brier,0.217
1,eval_f1,0.3544
1,eval_loss,0.2399
1,eval_mcc,0.2467
1,eval_pf,0.174
1,eval_precision,0.281
1,eval_recall,0.4797
1,eval_time,57.0
2,eval_acc,0.7629
2,eval_auc,0.6658
2,eval_brier,0.2371
2,eval_f1,0.3597
2,eval_loss,0.2675
2,eval_mcc,0.2537
2,eval_pf,0.2051
2,eval_precision,0.2705
2,eval_recall,0.5366
2,eval_time,58.0
3,eval_acc,0.7356
3,eval_auc,0.6711
3,eval_brier,0.2644
3,eval_f1,0.3547
3,eval_loss,0.2801
3,eval_mcc,0.2499
3,eval_pf,0.2431
3,eval_precision,0.2544
3,eval_recall,0.5854
3,eval_time,58.0
4,eval_acc,0.7397
4,eval_auc,0.6839
4,eval_brier,0.2603
4,eval_f1,0.3676
4,eval_loss,0.2745
4,eval_mcc,0.2679
4,eval_pf,0.2419
4,eval_precision,0.2632
4,eval_recall,0.6098
4,eval_time,58.0
4,___inline___,___inline___
5,eval_acc,0.7497
5,eval_auc,0.6687
5,eval_brier,0.2503
5,eval_f1,0.3575
5,eval_loss,0.2669
5,eval_mcc,0.252
5,eval_pf,0.2235
5,eval_precision,0.2624
5,eval_recall,0.561
5,eval_time,58.0
6,eval_acc,0.7346
6,eval_auc,0.681
6,eval_brier,0.2654
6,eval_f1,0.3632
6,eval_loss,0.291
6,eval_mcc,0.2624
6,eval_pf,0.2477
6,eval_precision,0.2586
6,eval_recall,0.6098
6,eval_time,58.0
7,eval_acc,0.7619
7,eval_auc,0.6826
7,eval_brier,0.2381
7,eval_f1,0.3757
7,eval_loss,0.2548
7,eval_mcc,0.2755
7,eval_pf,0.212
7,eval_precision,0.2784
7,eval_recall,0.5772
7,eval_time,58.0
7,___inline___,___inline___
8,eval_acc,0.7497
8,eval_auc,0.6827
8,eval_brier,0.2503
8,eval_f1,0.3706
8,eval_loss,0.2788
8,eval_mcc,0.2703
8,eval_pf,0.2281
8,eval_precision,0.2694
8,eval_recall,0.5935
8,eval_time,58.0
9,eval_acc,0.7447
9,eval_auc,0.6798
9,eval_brier,0.2553
9,eval_f1,0.3659
9,eval_loss,0.2724
9,eval_mcc,0.2645
9,eval_pf,0.2339
9,eval_precision,0.2645
9,eval_recall,0.5935
9,eval_time,58.0
