Epoch,Metrics,Score
0,eval_acc,0.671
0,eval_auc,0.6657
0,eval_brier,0.329
0,eval_f1,0.332
0,eval_loss,0.3461
0,eval_mcc,0.2265
0,eval_pf,0.3272
0,eval_precision,0.2219
0,eval_recall,0.6585
0,eval_time,57.0
1,eval_acc,0.7588
1,eval_auc,0.6739
1,eval_brier,0.2412
1,eval_f1,0.366
1,eval_loss,0.2511
1,eval_mcc,0.2627
1,eval_pf,0.2131
1,eval_precision,0.2717
1,eval_recall,0.561
1,eval_time,57.0
2,eval_acc,0.7286
2,eval_auc,0.688
2,eval_brier,0.2714
2,eval_f1,0.3671
2,eval_loss,0.2803
2,eval_mcc,0.2694
2,eval_pf,0.2581
2,eval_precision,0.2583
2,eval_recall,0.6341
2,eval_time,57.0
3,eval_acc,0.777
3,eval_auc,0.6529
3,eval_brier,0.223
3,eval_f1,0.3519
3,eval_loss,0.2385
3,eval_mcc,0.2434
3,eval_pf,0.182
3,eval_precision,0.2752
3,eval_recall,0.4878
3,eval_time,57.0
4,eval_acc,0.7326
4,eval_auc,0.645
4,eval_brier,0.2674
4,eval_f1,0.3291
4,eval_loss,0.2779
4,eval_mcc,0.2143
4,eval_pf,0.2385
4,eval_precision,0.239
4,eval_recall,0.5285
4,eval_time,57.0
5,eval_acc,0.7366
5,eval_auc,0.6508
5,eval_brier,0.2634
5,eval_f1,0.3359
5,eval_loss,0.2617
5,eval_mcc,0.2233
5,eval_pf,0.235
5,eval_precision,0.2444
5,eval_recall,0.5366
5,eval_time,57.0
6,eval_acc,0.7619
6,eval_auc,0.6547
6,eval_brier,0.2381
6,eval_f1,0.3481
6,eval_loss,0.2553
6,eval_mcc,0.2385
6,eval_pf,0.2028
6,eval_precision,0.2636
6,eval_recall,0.5122
6,eval_time,57.0
7,eval_acc,0.7417
7,eval_auc,0.6502
7,eval_brier,0.2583
7,eval_f1,0.3368
7,eval_loss,0.2736
7,eval_mcc,0.2243
7,eval_pf,0.2281
7,eval_precision,0.2471
7,eval_recall,0.5285
7,eval_time,57.0
8,eval_acc,0.7538
8,eval_auc,0.6466
8,eval_brier,0.2462
8,eval_f1,0.337
8,eval_loss,0.2718
8,eval_mcc,0.2241
8,eval_pf,0.2108
8,eval_precision,0.2531
8,eval_recall,0.5041
8,eval_time,57.0
9,eval_acc,0.7588
9,eval_auc,0.6495
9,eval_brier,0.2412
9,eval_f1,0.3416
9,eval_loss,0.2699
9,eval_mcc,0.2301
9,eval_pf,0.2051
9,eval_precision,0.2583
9,eval_recall,0.5041
9,eval_time,57.0
