Epoch,Metrics,Score
0,eval_acc,0.9263
0,eval_auc,0.8149
0,eval_brier,0.0737
0,eval_f1,0.692
0,eval_loss,0.1124
0,eval_mcc,0.6508
0,eval_pf,0.0369
0,eval_precision,0.7193
0,eval_recall,0.6667
0,eval_time,56.0
0,___best___,___best___
1,eval_acc,0.2775
1,eval_auc,0.5527
1,eval_brier,0.7225
1,eval_f1,0.2399
1,eval_loss,0.6725
1,eval_mcc,0.0917
1,eval_pf,0.8134
1,eval_precision,0.138
1,eval_recall,0.9187
1,eval_time,56.0
2,eval_acc,0.7235
2,eval_auc,0.6852
2,eval_brier,0.2765
2,eval_f1,0.3628
2,eval_loss,0.3297
2,eval_mcc,0.2641
2,eval_pf,0.2638
2,eval_precision,0.2541
2,eval_recall,0.6341
2,eval_time,56.0
3,eval_acc,0.8527
3,eval_auc,0.7449
3,eval_brier,0.1473
3,eval_f1,0.5034
3,eval_loss,0.2134
3,eval_mcc,0.4275
3,eval_pf,0.1118
3,eval_precision,0.4327
3,eval_recall,0.6016
3,eval_time,56.0
4,eval_acc,0.8567
4,eval_auc,0.7786
4,eval_brier,0.1433
4,eval_f1,0.539
4,eval_loss,0.1803
4,eval_mcc,0.4716
4,eval_pf,0.1175
4,eval_precision,0.4486
4,eval_recall,0.6748
4,eval_time,56.0
5,eval_acc,0.8204
5,eval_auc,0.7963
5,eval_brier,0.1796
5,eval_f1,0.5137
5,eval_loss,0.2008
5,eval_mcc,0.4541
5,eval_pf,0.1717
5,eval_precision,0.3868
5,eval_recall,0.7642
5,eval_time,56.0
6,eval_acc,0.8174
6,eval_auc,0.8015
6,eval_brier,0.1826
6,eval_f1,0.5147
6,eval_loss,0.2087
6,eval_mcc,0.4578
6,eval_pf,0.1774
6,eval_precision,0.384
6,eval_recall,0.7805
6,eval_time,55.0
7,eval_acc,0.7699
7,eval_auc,0.7814
7,eval_brier,0.2301
7,eval_f1,0.4623
7,eval_loss,0.2477
7,eval_mcc,0.4036
7,eval_pf,0.2339
7,eval_precision,0.3256
7,eval_recall,0.7967
7,eval_time,55.0
8,eval_acc,0.7941
8,eval_auc,0.7883
8,eval_brier,0.2059
8,eval_f1,0.4848
8,eval_loss,0.2217
8,eval_mcc,0.4255
8,eval_pf,0.2039
8,eval_precision,0.3516
8,eval_recall,0.7805
8,eval_time,56.0
9,eval_acc,0.7952
9,eval_auc,0.7854
9,eval_brier,0.2048
9,eval_f1,0.4835
9,eval_loss,0.22
9,eval_mcc,0.4227
9,eval_pf,0.2016
9,eval_precision,0.3519
9,eval_recall,0.7724
9,eval_time,56.0
