Epoch,Metrics,Score
0,eval_acc,0.8355
0,eval_auc,0.8328
0,eval_brier,0.1645
0,eval_f1,0.5559
0,eval_loss,0.187
0,eval_mcc,0.5095
0,eval_pf,0.1636
0,eval_precision,0.418
0,eval_recall,0.8293
0,eval_time,57.0
1,eval_acc,0.8305
1,eval_auc,0.83
1,eval_brier,0.1695
1,eval_f1,0.5484
1,eval_loss,0.1793
1,eval_mcc,0.5016
1,eval_pf,0.1694
1,eval_precision,0.4096
1,eval_recall,0.8293
1,eval_time,57.0
2,eval_acc,0.8143
2,eval_auc,0.8207
2,eval_brier,0.1857
2,eval_f1,0.5258
2,eval_loss,0.1999
2,eval_mcc,0.4779
2,eval_pf,0.1878
2,eval_precision,0.3849
2,eval_recall,0.8293
2,eval_time,57.0
3,eval_acc,0.8244
3,eval_auc,0.8265
3,eval_brier,0.1756
3,eval_f1,0.5397
3,eval_loss,0.1959
3,eval_mcc,0.4925
3,eval_pf,0.1763
3,eval_precision,0.4
3,eval_recall,0.8293
3,eval_time,57.0
4,eval_acc,0.8385
4,eval_auc,0.8241
4,eval_brier,0.1615
4,eval_f1,0.5531
4,eval_loss,0.18
4,eval_mcc,0.5025
4,eval_pf,0.1567
4,eval_precision,0.4213
4,eval_recall,0.8049
4,eval_time,57.0
5,eval_acc,0.8285
5,eval_auc,0.8253
5,eval_brier,0.1715
5,eval_f1,0.543
5,eval_loss,0.2016
5,eval_mcc,0.4946
5,eval_pf,0.1705
5,eval_precision,0.4056
5,eval_recall,0.8211
5,eval_time,57.0
6,eval_acc,0.8385
6,eval_auc,0.8206
6,eval_brier,0.1615
6,eval_f1,0.5506
6,eval_loss,0.186
6,eval_mcc,0.4985
6,eval_pf,0.1555
6,eval_precision,0.4206
6,eval_recall,0.7967
6,eval_time,57.0
7,eval_acc,0.8396
7,eval_auc,0.8247
7,eval_brier,0.1604
7,eval_f1,0.5546
7,eval_loss,0.1909
7,eval_mcc,0.5041
7,eval_pf,0.1555
7,eval_precision,0.4231
7,eval_recall,0.8049
7,eval_time,57.0
8,eval_acc,0.8365
8,eval_auc,0.8195
8,eval_brier,0.1635
8,eval_f1,0.5475
8,eval_loss,0.1907
8,eval_mcc,0.4953
8,eval_pf,0.1578
8,eval_precision,0.417
8,eval_recall,0.7967
8,eval_time,57.0
9,eval_acc,0.8406
9,eval_auc,0.8183
9,eval_brier,0.1594
9,eval_f1,0.5511
9,eval_loss,0.1822
9,eval_mcc,0.4979
9,eval_pf,0.1521
9,eval_precision,0.4236
9,eval_recall,0.7886
9,eval_time,57.0
