Epoch,Metrics,Score
0,eval_acc,0.7659
0,eval_auc,0.678
0,eval_brier,0.2341
0,eval_f1,0.373
0,eval_loss,0.2698
0,eval_mcc,0.2713
0,eval_pf,0.2051
0,eval_precision,0.2794
0,eval_recall,0.561
0,eval_time,57.0
1,eval_acc,0.5913
1,eval_auc,0.6411
1,eval_brier,0.4087
1,eval_f1,0.3005
1,eval_loss,0.3918
1,eval_mcc,0.1867
1,eval_pf,0.4251
1,eval_precision,0.1908
1,eval_recall,0.7073
1,eval_time,57.0
2,eval_acc,0.6236
2,eval_auc,0.663
2,eval_brier,0.3764
2,eval_f1,0.3206
2,eval_loss,0.3681
2,eval_mcc,0.2172
2,eval_pf,0.3894
2,eval_precision,0.2066
2,eval_recall,0.7154
2,eval_time,57.0
3,eval_acc,0.5994
3,eval_auc,0.6457
3,eval_brier,0.4006
3,eval_f1,0.3047
3,eval_loss,0.4172
3,eval_mcc,0.1931
3,eval_pf,0.4159
3,eval_precision,0.1942
3,eval_recall,0.7073
3,eval_time,57.0
4,eval_acc,0.7245
4,eval_auc,0.6648
4,eval_brier,0.2755
4,eval_f1,0.3453
4,eval_loss,0.2757
4,eval_mcc,0.2379
4,eval_pf,0.2558
4,eval_precision,0.2449
4,eval_recall,0.5854
4,eval_time,57.0
5,eval_acc,0.7064
5,eval_auc,0.6719
5,eval_brier,0.2936
5,eval_f1,0.3461
5,eval_loss,0.3038
5,eval_mcc,0.242
5,eval_pf,0.2823
5,eval_precision,0.2391
5,eval_recall,0.626
5,eval_time,57.0
6,eval_acc,0.7033
6,eval_auc,0.6771
6,eval_brier,0.2967
6,eval_f1,0.3496
6,eval_loss,0.3031
6,eval_mcc,0.248
6,eval_pf,0.288
6,eval_precision,0.2401
6,eval_recall,0.6423
6,eval_time,57.0
7,eval_acc,0.7356
7,eval_auc,0.6816
7,eval_brier,0.2644
7,eval_f1,0.3641
7,eval_loss,0.282
7,eval_mcc,0.2635
7,eval_pf,0.2465
7,eval_precision,0.2595
7,eval_recall,0.6098
7,eval_time,57.0
8,eval_acc,0.6821
8,eval_auc,0.672
8,eval_brier,0.3179
8,eval_f1,0.3396
8,eval_loss,0.3134
8,eval_mcc,0.2367
8,eval_pf,0.3145
8,eval_precision,0.2288
8,eval_recall,0.6585
8,eval_time,57.0
9,eval_acc,0.6963
9,eval_auc,0.6801
9,eval_brier,0.3037
9,eval_f1,0.3499
9,eval_loss,0.2991
9,eval_mcc,0.2501
9,eval_pf,0.2984
9,eval_precision,0.2382
9,eval_recall,0.6585
9,eval_time,57.0
