Epoch,Metrics,Score
0,eval_acc,0.7386
0,eval_auc,0.7915
0,eval_brier,0.2614
0,eval_f1,0.4501
0,eval_loss,0.2556
0,eval_mcc,0.4027
0,eval_pf,0.2788
0,eval_precision,0.3046
0,eval_recall,0.8618
0,eval_time,55.0
1,eval_acc,0.6821
1,eval_auc,0.7523
1,eval_brier,0.3179
1,eval_f1,0.3977
1,eval_loss,0.335
1,eval_mcc,0.339
1,eval_pf,0.341
1,eval_precision,0.26
1,eval_recall,0.8455
1,eval_time,55.0
2,eval_acc,0.7841
2,eval_auc,0.793
2,eval_brier,0.2159
2,eval_f1,0.4806
2,eval_loss,0.2214
2,eval_mcc,0.4251
2,eval_pf,0.2189
2,eval_precision,0.3426
2,eval_recall,0.8049
2,eval_time,55.0
3,eval_acc,0.8668
3,eval_auc,0.8088
3,eval_brier,0.1332
3,eval_f1,0.5769
3,eval_loss,0.1681
3,eval_mcc,0.5184
3,eval_pf,0.1141
3,eval_precision,0.4762
3,eval_recall,0.7317
3,eval_time,55.0
4,eval_acc,0.7881
4,eval_auc,0.7918
4,eval_brier,0.2119
4,eval_f1,0.4828
4,eval_loss,0.2281
4,eval_mcc,0.426
4,eval_pf,0.2131
4,eval_precision,0.3463
4,eval_recall,0.7967
4,eval_time,55.0
5,eval_acc,0.8133
5,eval_auc,0.8027
5,eval_brier,0.1867
5,eval_f1,0.5119
5,eval_loss,0.2097
5,eval_mcc,0.4561
5,eval_pf,0.1832
5,eval_precision,0.3789
5,eval_recall,0.7886
5,eval_time,55.0
6,eval_acc,0.7578
6,eval_auc,0.7815
6,eval_brier,0.2422
6,eval_f1,0.4545
6,eval_loss,0.2462
6,eval_mcc,0.398
6,eval_pf,0.25
6,eval_precision,0.3155
6,eval_recall,0.813
6,eval_time,55.0
7,eval_acc,0.8274
7,eval_auc,0.8003
7,eval_brier,0.1726
7,eval_f1,0.5237
7,eval_loss,0.1851
7,eval_mcc,0.4649
7,eval_pf,0.1636
7,eval_precision,0.3983
7,eval_recall,0.7642
7,eval_time,55.0
8,eval_acc,0.7689
8,eval_auc,0.7844
8,eval_brier,0.2311
8,eval_f1,0.4637
8,eval_loss,0.2381
8,eval_mcc,0.4066
8,eval_pf,0.2362
8,eval_precision,0.3257
8,eval_recall,0.8049
8,eval_time,55.0
9,eval_acc,0.7962
9,eval_auc,0.7929
9,eval_brier,0.2038
9,eval_f1,0.4899
9,eval_loss,0.2135
9,eval_mcc,0.4324
9,eval_pf,0.2028
9,eval_precision,0.3553
9,eval_recall,0.7886
9,eval_time,55.0
