Epoch,Metrics,Score
0,eval_acc,0.7397
0,eval_auc,0.7537
0,eval_brier,0.2603
0,eval_f1,0.4241
0,eval_loss,0.3045
0,eval_mcc,0.3563
0,eval_pf,0.265
0,eval_precision,0.2923
0,eval_recall,0.7724
0,eval_time,58.0
0,___best___,___best___
1,eval_acc,0.7417
1,eval_auc,0.7793
1,eval_brier,0.2583
1,eval_f1,0.4435
1,eval_loss,0.3082
1,eval_mcc,0.3887
1,eval_pf,0.2707
1,eval_precision,0.3027
1,eval_recall,0.8293
1,eval_time,58.0
1,___best___,___best___
2,eval_acc,0.887
2,eval_auc,0.8134
2,eval_brier,0.113
2,eval_f1,0.6111
2,eval_loss,0.1592
2,eval_mcc,0.5547
2,eval_pf,0.0887
2,eval_precision,0.5333
2,eval_recall,0.7154
2,eval_time,57.0
2,___best___,___best___
3,eval_acc,0.8456
3,eval_auc,0.8002
3,eval_brier,0.1544
3,eval_f1,0.5433
3,eval_loss,0.1833
3,eval_mcc,0.4828
3,eval_pf,0.1394
3,eval_precision,0.4292
3,eval_recall,0.7398
3,eval_time,58.0
4,eval_acc,0.8456
4,eval_auc,0.8107
4,eval_brier,0.1544
4,eval_f1,0.5513
4,eval_loss,0.1808
4,eval_mcc,0.4946
4,eval_pf,0.1429
4,eval_precision,0.4312
4,eval_recall,0.7642
4,eval_time,58.0
5,eval_acc,0.8507
5,eval_auc,0.8101
5,eval_brier,0.1493
5,eval_f1,0.5569
5,eval_loss,0.1861
5,eval_mcc,0.4995
5,eval_pf,0.1359
5,eval_precision,0.4408
5,eval_recall,0.7561
5,eval_time,58.0
6,eval_acc,0.8527
6,eval_auc,0.8147
6,eval_brier,0.1473
6,eval_f1,0.5629
6,eval_loss,0.1708
6,eval_mcc,0.507
6,eval_pf,0.1348
6,eval_precision,0.4455
6,eval_recall,0.7642
6,eval_time,58.0
7,eval_acc,0.8113
7,eval_auc,0.8155
7,eval_brier,0.1887
7,eval_f1,0.5193
7,eval_loss,0.215
7,eval_mcc,0.4695
7,eval_pf,0.1901
7,eval_precision,0.3797
7,eval_recall,0.8211
7,eval_time,58.0
8,eval_acc,0.8315
8,eval_auc,0.8131
8,eval_brier,0.1685
8,eval_f1,0.5374
8,eval_loss,0.2041
8,eval_mcc,0.4833
8,eval_pf,0.1624
8,eval_precision,0.4076
8,eval_recall,0.7886
8,eval_time,58.0
9,eval_acc,0.8325
9,eval_auc,0.8102
9,eval_brier,0.1675
9,eval_f1,0.5363
9,eval_loss,0.2006
9,eval_mcc,0.4809
9,eval_pf,0.1601
9,eval_precision,0.4085
9,eval_recall,0.7805
9,eval_time,58.0
