Epoch,Metrics,Score
0,eval_acc,0.9102
0,eval_auc,0.8022
0,eval_brier,0.0898
0,eval_f1,0.6454
0,eval_loss,0.1166
0,eval_mcc,0.5942
0,eval_pf,0.0541
0,eval_precision,0.6328
0,eval_recall,0.6585
0,eval_time,55.0
1,eval_acc,0.7447
1,eval_auc,0.61
1,eval_brier,0.2553
1,eval_f1,0.2953
1,eval_loss,0.3022
1,eval_mcc,0.1703
1,eval_pf,0.2108
1,eval_precision,0.2246
1,eval_recall,0.4309
1,eval_time,55.0
2,eval_acc,0.8315
2,eval_auc,0.6212
2,eval_brier,0.1685
2,eval_f1,0.3347
2,eval_loss,0.1918
2,eval_mcc,0.2383
2,eval_pf,0.0991
2,eval_precision,0.3281
2,eval_recall,0.3415
2,eval_time,55.0
3,eval_acc,0.8345
3,eval_auc,0.5985
3,eval_brier,0.1655
3,eval_f1,0.2991
3,eval_loss,0.1831
3,eval_mcc,0.206
3,eval_pf,0.0876
3,eval_precision,0.3153
3,eval_recall,0.2846
3,eval_time,55.0
4,eval_acc,0.8688
4,eval_auc,0.5274
4,eval_brier,0.1312
4,eval_f1,0.1216
4,eval_loss,0.1574
4,eval_mcc,0.1151
4,eval_pf,0.0184
4,eval_precision,0.36
4,eval_recall,0.0732
4,eval_time,55.0
5,eval_acc,0.8335
5,eval_auc,0.5805
5,eval_brier,0.1665
5,eval_f1,0.2667
5,eval_loss,0.1785
5,eval_mcc,0.1746
5,eval_pf,0.0829
5,eval_precision,0.2941
5,eval_recall,0.2439
5,eval_time,55.0
6,eval_acc,0.8628
6,eval_auc,0.5553
6,eval_brier,0.1372
6,eval_f1,0.2093
6,eval_loss,0.1617
6,eval_mcc,0.1682
6,eval_pf,0.0357
6,eval_precision,0.3673
6,eval_recall,0.1463
6,eval_time,55.0
7,eval_acc,0.8486
7,eval_auc,0.5612
7,eval_brier,0.1514
7,eval_f1,0.2268
7,eval_loss,0.1686
7,eval_mcc,0.1565
7,eval_pf,0.0565
7,eval_precision,0.3099
7,eval_recall,0.1789
7,eval_time,55.0
8,eval_acc,0.8537
8,eval_auc,0.578
8,eval_brier,0.1463
8,eval_f1,0.264
8,eval_loss,0.168
8,eval_mcc,0.1958
8,eval_pf,0.0553
8,eval_precision,0.3514
8,eval_recall,0.2114
8,eval_time,55.0
9,eval_acc,0.8567
9,eval_auc,0.5902
9,eval_brier,0.1433
9,eval_f1,0.29
9,eval_loss,0.1642
9,eval_mcc,0.2223
9,eval_pf,0.0553
9,eval_precision,0.3766
9,eval_recall,0.2358
9,eval_time,55.0
