Epoch,Metrics,Score
0,eval_acc,0.8991
0,eval_auc,0.6319
0,eval_brier,0.1009
0,eval_f1,0.4048
0,eval_loss,0.1545
0,eval_mcc,0.4177
0,eval_pf,0.0127
0,eval_precision,0.7556
0,eval_recall,0.2764
0,eval_time,57.0
1,eval_acc,0.8981
1,eval_auc,0.6069
1,eval_brier,0.1019
1,eval_f1,0.3484
1,eval_loss,0.1623
1,eval_mcc,0.3987
1,eval_pf,0.0058
1,eval_precision,0.8438
1,eval_recall,0.2195
1,eval_time,57.0
2,eval_acc,0.8961
2,eval_auc,0.6336
2,eval_brier,0.1039
2,eval_f1,0.4046
2,eval_loss,0.1365
2,eval_mcc,0.4026
2,eval_pf,0.0173
2,eval_precision,0.7
2,eval_recall,0.2846
2,eval_time,57.0
3,eval_acc,0.8971
3,eval_auc,0.6307
3,eval_brier,0.1029
3,eval_f1,0.4
3,eval_loss,0.1374
3,eval_mcc,0.4056
3,eval_pf,0.015
3,eval_precision,0.7234
3,eval_recall,0.2764
3,eval_time,57.0
4,eval_acc,0.9001
4,eval_auc,0.6185
4,eval_brier,0.0999
4,eval_f1,0.3774
4,eval_loss,0.1309
4,eval_mcc,0.4176
4,eval_pf,0.0069
4,eval_precision,0.8333
4,eval_recall,0.2439
4,eval_time,57.0
5,eval_acc,0.9001
5,eval_auc,0.615
5,eval_brier,0.0999
5,eval_f1,0.3694
5,eval_loss,0.1305
5,eval_mcc,0.4166
5,eval_pf,0.0058
5,eval_precision,0.8529
5,eval_recall,0.2358
5,eval_time,57.0
6,eval_acc,0.9021
6,eval_auc,0.6231
6,eval_brier,0.0979
6,eval_f1,0.3899
6,eval_loss,0.1367
6,eval_mcc,0.434
6,eval_pf,0.0058
6,eval_precision,0.8611
6,eval_recall,0.252
6,eval_time,57.0
7,eval_acc,0.8951
7,eval_auc,0.6156
7,eval_brier,0.1049
7,eval_f1,0.3659
7,eval_loss,0.1401
7,eval_mcc,0.3828
7,eval_pf,0.0127
7,eval_precision,0.7317
7,eval_recall,0.2439
7,eval_time,57.0
8,eval_acc,0.8991
8,eval_auc,0.6179
8,eval_brier,0.1009
8,eval_f1,0.375
8,eval_loss,0.137
8,eval_mcc,0.4102
8,eval_pf,0.0081
8,eval_precision,0.8108
8,eval_recall,0.2439
8,eval_time,57.0
9,eval_acc,0.9001
9,eval_auc,0.6185
9,eval_brier,0.0999
9,eval_f1,0.3774
9,eval_loss,0.1412
9,eval_mcc,0.4176
9,eval_pf,0.0069
9,eval_precision,0.8333
9,eval_recall,0.2439
9,eval_time,57.0
