Epoch,Metrics,Score
0,eval_acc,0.9415
0,eval_auc,0.9073
0,eval_brier,0.0585
0,eval_f1,0.7852
0,eval_loss,0.0884
0,eval_mcc,0.7556
0,eval_pf,0.0472
0,eval_precision,0.7211
0,eval_recall,0.8618
0,eval_time,55.0
0,___best___,___best___
1,eval_acc,0.9193
1,eval_auc,0.8981
1,eval_brier,0.0807
1,eval_f1,0.7279
1,eval_loss,0.1138
1,eval_mcc,0.6947
1,eval_pf,0.0737
1,eval_precision,0.6257
1,eval_recall,0.8699
1,eval_time,55.0
2,eval_acc,0.9364
2,eval_auc,0.9079
2,eval_brier,0.0636
2,eval_f1,0.7726
2,eval_loss,0.0816
2,eval_mcc,0.7424
2,eval_pf,0.0541
2,eval_precision,0.6948
2,eval_recall,0.8699
2,eval_time,55.0
3,eval_acc,0.9193
3,eval_auc,0.8981
3,eval_brier,0.0807
3,eval_f1,0.7279
3,eval_loss,0.1066
3,eval_mcc,0.6947
3,eval_pf,0.0737
3,eval_precision,0.6257
3,eval_recall,0.8699
3,eval_time,55.0
4,eval_acc,0.9213
4,eval_auc,0.9027
4,eval_brier,0.0787
4,eval_f1,0.7347
4,eval_loss,0.1273
4,eval_mcc,0.7028
4,eval_pf,0.0726
4,eval_precision,0.6316
4,eval_recall,0.878
4,eval_time,55.0
5,eval_acc,0.9263
5,eval_auc,0.9056
5,eval_brier,0.0737
5,eval_f1,0.7474
5,eval_loss,0.0997
5,eval_mcc,0.7163
5,eval_pf,0.0668
5,eval_precision,0.6506
5,eval_recall,0.878
5,eval_time,55.0
6,eval_acc,0.9364
6,eval_auc,0.9044
6,eval_brier,0.0636
6,eval_f1,0.7709
6,eval_loss,0.0828
6,eval_mcc,0.74
6,eval_pf,0.053
6,eval_precision,0.6974
6,eval_recall,0.8618
6,eval_time,55.0
7,eval_acc,0.9435
7,eval_auc,0.9154
7,eval_brier,0.0565
7,eval_f1,0.7941
7,eval_loss,0.0861
7,eval_mcc,0.7664
7,eval_pf,0.0472
7,eval_precision,0.7248
7,eval_recall,0.878
7,eval_time,55.0
7,___best___,___best___
8,eval_acc,0.9425
8,eval_auc,0.9183
8,eval_brier,0.0575
8,eval_f1,0.7927
8,eval_loss,0.0818
8,eval_mcc,0.7655
8,eval_pf,0.0495
8,eval_precision,0.7171
8,eval_recall,0.8862
8,eval_time,55.0
9,eval_acc,0.9425
9,eval_auc,0.9218
9,eval_brier,0.0575
9,eval_f1,0.7942
9,eval_loss,0.0886
9,eval_mcc,0.7678
9,eval_pf,0.0507
9,eval_precision,0.7143
9,eval_recall,0.8943
9,eval_time,56.0
9,___best___,___best___
