Epoch,Metrics,Score
0,eval_acc,0.8486
0,eval_auc,0.6659
0,eval_brier,0.1514
0,eval_f1,0.4094
0,eval_loss,0.187
0,eval_mcc,0.323
0,eval_pf,0.091
0,eval_precision,0.3969
0,eval_recall,0.4228
0,eval_time,57.0
0,___best___,___best___
1,eval_acc,0.779
1,eval_auc,0.6715
1,eval_brier,0.221
1,eval_f1,0.3725
1,eval_loss,0.2539
1,eval_mcc,0.2695
1,eval_pf,0.1855
1,eval_precision,0.2876
1,eval_recall,0.5285
1,eval_time,58.0
2,eval_acc,0.7195
2,eval_auc,0.6584
2,eval_brier,0.2805
2,eval_f1,0.3381
2,eval_loss,0.3056
2,eval_mcc,0.2281
2,eval_pf,0.2604
2,eval_precision,0.2391
2,eval_recall,0.5772
2,eval_time,58.0
3,eval_acc,0.7709
3,eval_auc,0.6599
3,eval_brier,0.2291
3,eval_f1,0.3569
3,eval_loss,0.2586
3,eval_mcc,0.2498
3,eval_pf,0.1924
3,eval_precision,0.2739
3,eval_recall,0.5122
3,eval_time,58.0
4,eval_acc,0.6347
4,eval_auc,0.638
4,eval_brier,0.3653
4,eval_f1,0.3038
4,eval_loss,0.3868
4,eval_mcc,0.1857
4,eval_pf,0.3664
4,eval_precision,0.199
4,eval_recall,0.6423
4,eval_time,57.0
5,eval_acc,0.6831
5,eval_auc,0.6726
5,eval_brier,0.3169
5,eval_f1,0.3403
5,eval_loss,0.3289
5,eval_mcc,0.2377
5,eval_pf,0.3134
5,eval_precision,0.2295
5,eval_recall,0.6585
5,eval_time,58.0
6,eval_acc,0.6488
6,eval_auc,0.6565
6,eval_brier,0.3512
6,eval_f1,0.3203
6,eval_loss,0.3672
6,eval_mcc,0.2113
6,eval_pf,0.3537
6,eval_precision,0.2108
6,eval_recall,0.6667
6,eval_time,58.0
7,eval_acc,0.7457
7,eval_auc,0.6734
7,eval_brier,0.2543
7,eval_f1,0.3604
7,eval_loss,0.2685
7,eval_mcc,0.2565
7,eval_pf,0.2304
7,eval_precision,0.262
7,eval_recall,0.5772
7,eval_time,58.0
8,eval_acc,0.7185
8,eval_auc,0.6683
8,eval_brier,0.2815
8,eval_f1,0.3466
8,eval_loss,0.2942
8,eval_mcc,0.2407
8,eval_pf,0.265
8,eval_precision,0.2434
8,eval_recall,0.6016
8,eval_time,58.0
9,eval_acc,0.7296
9,eval_auc,0.6712
9,eval_brier,0.2704
9,eval_f1,0.3527
9,eval_loss,0.28
9,eval_mcc,0.2478
9,eval_pf,0.2512
9,eval_precision,0.2509
9,eval_recall,0.5935
9,eval_time,58.0
