Epoch,Metrics,Score
0,eval_acc,0.9028
0,eval_auc,0.9028
0,eval_brier,0.0972
0,eval_f1,0.9079
0,eval_loss,0.2004
0,eval_mcc,0.8106
0,eval_pf,0.1528
0,eval_precision,0.8625
0,eval_recall,0.9583
0,eval_time,6.0
0,___inline___,___inline___
1,eval_acc,0.9444
1,eval_auc,0.9444
1,eval_brier,0.0556
1,eval_f1,0.9452
1,eval_loss,0.1514
1,eval_mcc,0.8892
1,eval_pf,0.0694
1,eval_precision,0.9324
1,eval_recall,0.9583
1,eval_time,5.0
1,___best___,___best___
2,eval_acc,0.9444
2,eval_auc,0.9444
2,eval_brier,0.0556
2,eval_f1,0.9459
2,eval_loss,0.1574
2,eval_mcc,0.8903
2,eval_pf,0.0833
2,eval_precision,0.9211
2,eval_recall,0.9722
2,eval_time,5.0
2,___best___,___best___
3,eval_acc,0.9514
3,eval_auc,0.9514
3,eval_brier,0.0486
3,eval_f1,0.9524
3,eval_loss,0.1525
3,eval_mcc,0.9036
3,eval_pf,0.0694
3,eval_precision,0.9333
3,eval_recall,0.9722
3,eval_time,6.0
3,___best___,___best___
4,eval_acc,0.9514
4,eval_auc,0.9514
4,eval_brier,0.0486
4,eval_f1,0.9524
4,eval_loss,0.1511
4,eval_mcc,0.9036
4,eval_pf,0.0694
4,eval_precision,0.9333
4,eval_recall,0.9722
4,eval_time,6.0
5,eval_acc,0.9444
5,eval_auc,0.9444
5,eval_brier,0.0556
5,eval_f1,0.9452
5,eval_loss,0.156
5,eval_mcc,0.8892
5,eval_pf,0.0694
5,eval_precision,0.9324
5,eval_recall,0.9583
5,eval_time,6.0
6,eval_acc,0.9444
6,eval_auc,0.9444
6,eval_brier,0.0556
6,eval_f1,0.9452
6,eval_loss,0.1621
6,eval_mcc,0.8892
6,eval_pf,0.0694
6,eval_precision,0.9324
6,eval_recall,0.9583
6,eval_time,6.0
7,eval_acc,0.9375
7,eval_auc,0.9375
7,eval_brier,0.0625
7,eval_f1,0.9388
7,eval_loss,0.1669
7,eval_mcc,0.8758
7,eval_pf,0.0833
7,eval_precision,0.92
7,eval_recall,0.9583
7,eval_time,6.0
8,eval_acc,0.9444
8,eval_auc,0.9444
8,eval_brier,0.0556
8,eval_f1,0.9452
8,eval_loss,0.1599
8,eval_mcc,0.8892
8,eval_pf,0.0694
8,eval_precision,0.9324
8,eval_recall,0.9583
8,eval_time,6.0
9,eval_acc,0.9444
9,eval_auc,0.9444
9,eval_brier,0.0556
9,eval_f1,0.9452
9,eval_loss,0.159
9,eval_mcc,0.8892
9,eval_pf,0.0694
9,eval_precision,0.9324
9,eval_recall,0.9583
9,eval_time,6.0
