Epoch,Metrics,Score
0,eval_acc,0.9028
0,eval_auc,0.9028
0,eval_brier,0.0972
0,eval_f1,0.9079
0,eval_loss,0.2004
0,eval_mcc,0.8106
0,eval_pf,0.1528
0,eval_precision,0.8625
0,eval_recall,0.9583
0,eval_time,6.0
0,___inline___,___inline___
1,eval_acc,0.9444
1,eval_auc,0.9444
1,eval_brier,0.0556
1,eval_f1,0.9452
1,eval_loss,0.1514
1,eval_mcc,0.8892
1,eval_pf,0.0694
1,eval_precision,0.9324
1,eval_recall,0.9583
1,eval_time,6.0
1,___best___,___best___
2,eval_acc,0.9444
2,eval_auc,0.9444
2,eval_brier,0.0556
2,eval_f1,0.9459
2,eval_loss,0.1574
2,eval_mcc,0.8903
2,eval_pf,0.0833
2,eval_precision,0.9211
2,eval_recall,0.9722
2,eval_time,6.0
2,___best___,___best___
3,eval_acc,0.9514
3,eval_auc,0.9514
3,eval_brier,0.0486
3,eval_f1,0.9524
3,eval_loss,0.1525
3,eval_mcc,0.9036
3,eval_pf,0.0694
3,eval_precision,0.9333
3,eval_recall,0.9722
3,eval_time,6.0
3,___best___,___best___
