Epoch,Metrics,Score
0,eval_acc,0.9097
0,eval_auc,0.9097
0,eval_brier,0.0903
0,eval_f1,0.9139
0,eval_loss,0.1402
0,eval_mcc,0.8233
0,eval_pf,0.1389
0,eval_precision,0.8734
0,eval_recall,0.9583
0,eval_time,8.0
0,___inline___,___inline___
1,eval_acc,0.9375
1,eval_auc,0.9375
1,eval_brier,0.0625
1,eval_f1,0.9388
1,eval_loss,0.0696
1,eval_mcc,0.8758
1,eval_pf,0.0833
1,eval_precision,0.92
1,eval_recall,0.9583
1,eval_time,8.0
1,___best___,___best___
2,eval_acc,0.9444
2,eval_auc,0.9444
2,eval_brier,0.0556
2,eval_f1,0.9452
2,eval_loss,0.0565
2,eval_mcc,0.8892
2,eval_pf,0.0694
2,eval_precision,0.9324
2,eval_recall,0.9583
2,eval_time,8.0
2,___best___,___best___
3,eval_acc,0.9444
3,eval_auc,0.9444
3,eval_brier,0.0556
3,eval_f1,0.9452
3,eval_loss,0.0537
3,eval_mcc,0.8892
3,eval_pf,0.0694
3,eval_precision,0.9324
3,eval_recall,0.9583
3,eval_time,8.0
4,eval_acc,0.9444
4,eval_auc,0.9444
4,eval_brier,0.0556
4,eval_f1,0.9452
4,eval_loss,0.0611
4,eval_mcc,0.8892
4,eval_pf,0.0694
4,eval_precision,0.9324
4,eval_recall,0.9583
4,eval_time,8.0
5,eval_acc,0.9375
5,eval_auc,0.9375
5,eval_brier,0.0625
5,eval_f1,0.9379
5,eval_loss,0.0773
5,eval_mcc,0.8751
5,eval_pf,0.0694
5,eval_precision,0.9315
5,eval_recall,0.9444
5,eval_time,8.0
6,eval_acc,0.9375
6,eval_auc,0.9375
6,eval_brier,0.0625
6,eval_f1,0.9379
6,eval_loss,0.0771
6,eval_mcc,0.8751
6,eval_pf,0.0694
6,eval_precision,0.9315
6,eval_recall,0.9444
6,eval_time,8.0
7,eval_acc,0.9375
7,eval_auc,0.9375
7,eval_brier,0.0625
7,eval_f1,0.9388
7,eval_loss,0.0725
7,eval_mcc,0.8758
7,eval_pf,0.0833
7,eval_precision,0.92
7,eval_recall,0.9583
7,eval_time,8.0
8,eval_acc,0.9444
8,eval_auc,0.9444
8,eval_brier,0.0556
8,eval_f1,0.9452
8,eval_loss,0.0728
8,eval_mcc,0.8892
8,eval_pf,0.0694
8,eval_precision,0.9324
8,eval_recall,0.9583
8,eval_time,8.0
9,eval_acc,0.9444
9,eval_auc,0.9444
9,eval_brier,0.0556
9,eval_f1,0.9452
9,eval_loss,0.0729
9,eval_mcc,0.8892
9,eval_pf,0.0694
9,eval_precision,0.9324
9,eval_recall,0.9583
9,eval_time,8.0
