Epoch,Metrics,Score
0,eval_acc,0.8472
0,eval_auc,0.8472
0,eval_brier,0.1528
0,eval_f1,0.8642
0,eval_loss,0.1762
0,eval_mcc,0.7172
0,eval_pf,0.2778
0,eval_precision,0.7778
0,eval_recall,0.9722
0,eval_time,8.0
0,___best___,___best___
1,eval_acc,0.8819
1,eval_auc,0.8819
1,eval_brier,0.1181
1,eval_f1,0.8917
1,eval_loss,0.1187
1,eval_mcc,0.7767
1,eval_pf,0.2083
1,eval_precision,0.8235
1,eval_recall,0.9722
1,eval_time,8.0
1,___best___,___best___
2,eval_acc,0.8542
2,eval_auc,0.8542
2,eval_brier,0.1458
2,eval_f1,0.8712
2,eval_loss,0.1819
2,eval_mcc,0.7344
2,eval_pf,0.2778
2,eval_precision,0.7802
2,eval_recall,0.9861
2,eval_time,8.0
3,eval_acc,0.9514
3,eval_auc,0.9514
3,eval_brier,0.0486
3,eval_f1,0.9517
3,eval_loss,0.0627
3,eval_mcc,0.9029
3,eval_pf,0.0556
3,eval_precision,0.9452
3,eval_recall,0.9583
3,eval_time,8.0
3,___best___,___best___
4,eval_acc,0.8889
4,eval_auc,0.8889
4,eval_brier,0.1111
4,eval_f1,0.8961
4,eval_loss,0.1157
4,eval_mcc,0.7854
4,eval_pf,0.1806
4,eval_precision,0.8415
4,eval_recall,0.9583
4,eval_time,8.0
5,eval_acc,0.9375
5,eval_auc,0.9375
5,eval_brier,0.0625
5,eval_f1,0.9388
5,eval_loss,0.0676
5,eval_mcc,0.8758
5,eval_pf,0.0833
5,eval_precision,0.92
5,eval_recall,0.9583
5,eval_time,8.0
6,eval_acc,0.8264
6,eval_auc,0.8264
6,eval_brier,0.1736
6,eval_f1,0.8485
6,eval_loss,0.2104
6,eval_mcc,0.6825
6,eval_pf,0.3194
6,eval_precision,0.7527
6,eval_recall,0.9722
6,eval_time,8.0
7,eval_acc,0.8681
7,eval_auc,0.8681
7,eval_brier,0.1319
7,eval_f1,0.8805
7,eval_loss,0.1673
7,eval_mcc,0.7526
7,eval_pf,0.2361
7,eval_precision,0.8046
7,eval_recall,0.9722
7,eval_time,8.0
8,eval_acc,0.8819
8,eval_auc,0.8819
8,eval_brier,0.1181
8,eval_f1,0.8917
8,eval_loss,0.1574
8,eval_mcc,0.7767
8,eval_pf,0.2083
8,eval_precision,0.8235
8,eval_recall,0.9722
8,eval_time,8.0
9,eval_acc,0.8611
9,eval_auc,0.8611
9,eval_brier,0.1389
9,eval_f1,0.875
9,eval_loss,0.1887
9,eval_mcc,0.7407
9,eval_pf,0.25
9,eval_precision,0.7955
9,eval_recall,0.9722
9,eval_time,8.0
