Epoch,Metrics,Score
0,eval_acc,0.9236
0,eval_auc,0.9236
0,eval_brier,0.0764
0,eval_f1,0.9262
0,eval_loss,0.0873
0,eval_mcc,0.8493
0,eval_pf,0.1111
0,eval_precision,0.8961
0,eval_recall,0.9583
0,eval_time,8.0
0,___best___,___best___
1,eval_acc,0.5278
1,eval_auc,0.5278
1,eval_brier,0.4722
1,eval_f1,0.6566
1,eval_loss,0.2621
1,eval_mcc,0.084
1,eval_pf,0.8472
1,eval_precision,0.5159
1,eval_recall,0.9028
1,eval_time,8.0
2,eval_acc,0.6944
2,eval_auc,0.6944
2,eval_brier,0.3056
2,eval_f1,0.7317
2,eval_loss,0.3575
2,eval_mcc,0.4048
2,eval_pf,0.4444
2,eval_precision,0.6522
2,eval_recall,0.8333
2,eval_time,8.0
3,eval_acc,0.7361
3,eval_auc,0.7361
3,eval_brier,0.2639
3,eval_f1,0.7738
3,eval_loss,0.2603
3,eval_mcc,0.5009
3,eval_pf,0.4306
3,eval_precision,0.6771
3,eval_recall,0.9028
3,eval_time,8.0
4,eval_acc,0.7153
4,eval_auc,0.7153
4,eval_brier,0.2847
4,eval_f1,0.7515
4,eval_loss,0.2848
4,eval_mcc,0.4501
4,eval_pf,0.4306
4,eval_precision,0.6667
4,eval_recall,0.8611
4,eval_time,8.0
5,eval_acc,0.7222
5,eval_auc,0.7222
5,eval_brier,0.2778
5,eval_f1,0.759
5,eval_loss,0.2803
5,eval_mcc,0.4668
5,eval_pf,0.4306
5,eval_precision,0.6702
5,eval_recall,0.875
5,eval_time,8.0
6,eval_acc,0.7431
6,eval_auc,0.7431
6,eval_brier,0.2569
6,eval_f1,0.7643
6,eval_loss,0.2545
6,eval_mcc,0.4942
6,eval_pf,0.3472
6,eval_precision,0.7059
6,eval_recall,0.8333
6,eval_time,8.0
7,eval_acc,0.7222
7,eval_auc,0.7222
7,eval_brier,0.2778
7,eval_f1,0.7701
7,eval_loss,0.2831
7,eval_mcc,0.4889
7,eval_pf,0.4861
7,eval_precision,0.6569
7,eval_recall,0.9306
7,eval_time,8.0
8,eval_acc,0.7361
8,eval_auc,0.7361
8,eval_brier,0.2639
8,eval_f1,0.7595
8,eval_loss,0.2923
8,eval_mcc,0.4814
8,eval_pf,0.3611
8,eval_precision,0.6977
8,eval_recall,0.8333
8,eval_time,8.0
