Epoch,Metrics,Score
0,eval_acc,0.5802
0,eval_auc,0.708
0,eval_brier,0.4198
0,eval_f1,0.3418
0,eval_loss,0.4405
0,eval_mcc,0.2745
0,eval_pf,0.462
0,eval_precision,0.2122
0,eval_recall,0.878
0,eval_time,57.0
0,___inline___,___inline___
1,eval_acc,0.7245
1,eval_auc,0.773
1,eval_brier,0.2755
1,eval_f1,0.4301
1,eval_loss,0.3105
1,eval_mcc,0.3752
1,eval_pf,0.2915
1,eval_precision,0.2893
1,eval_recall,0.8374
1,eval_time,57.0
1,___inline___,___inline___
2,eval_acc,0.8274
2,eval_auc,0.7968
2,eval_brier,0.1726
2,eval_f1,0.521
2,eval_loss,0.2105
2,eval_mcc,0.4609
2,eval_pf,0.1624
2,eval_precision,0.3974
2,eval_recall,0.7561
2,eval_time,57.0
2,___inline___,___inline___
3,eval_acc,0.7982
3,eval_auc,0.7976
3,eval_brier,0.2018
3,eval_f1,0.4949
3,eval_loss,0.2223
3,eval_mcc,0.4392
3,eval_pf,0.2016
3,eval_precision,0.359
3,eval_recall,0.7967
3,eval_time,57.0
4,eval_acc,0.8214
4,eval_auc,0.7934
4,eval_brier,0.1786
4,eval_f1,0.5124
4,eval_loss,0.1977
4,eval_mcc,0.4516
4,eval_pf,0.1694
4,eval_precision,0.3875
4,eval_recall,0.7561
4,eval_time,57.0
5,eval_acc,0.778
5,eval_auc,0.793
5,eval_brier,0.222
5,eval_f1,0.4762
5,eval_loss,0.2294
5,eval_mcc,0.4218
5,eval_pf,0.227
5,eval_precision,0.3367
5,eval_recall,0.813
5,eval_time,57.0
6,eval_acc,0.8618
6,eval_auc,0.8164
6,eval_brier,0.1382
6,eval_f1,0.5759
6,eval_loss,0.1806
6,eval_mcc,0.5199
6,eval_pf,0.1233
6,eval_precision,0.465
6,eval_recall,0.7561
6,eval_time,57.0
6,___inline___,___inline___
7,eval_acc,0.7639
7,eval_auc,0.785
7,eval_brier,0.2361
7,eval_f1,0.4608
7,eval_loss,0.249
7,eval_mcc,0.4049
7,eval_pf,0.2431
7,eval_precision,0.3215
7,eval_recall,0.813
7,eval_time,57.0
8,eval_acc,0.7911
8,eval_auc,0.7935
8,eval_brier,0.2089
8,eval_f1,0.4864
8,eval_loss,0.2293
8,eval_mcc,0.4299
8,eval_pf,0.2097
8,eval_precision,0.35
8,eval_recall,0.7967
8,eval_time,57.0
9,eval_acc,0.7911
9,eval_auc,0.7935
9,eval_brier,0.2089
9,eval_f1,0.4864
9,eval_loss,0.2273
9,eval_mcc,0.4299
9,eval_pf,0.2097
9,eval_precision,0.35
9,eval_recall,0.7967
9,eval_time,57.0
