Epoch,Metrics,Score
0,eval_acc,0.9041
0,eval_auc,0.7778
0,eval_brier,0.0959
0,eval_f1,0.6122
0,eval_loss,0.1186
0,eval_mcc,0.5576
0,eval_pf,0.0541
0,eval_precision,0.6148
0,eval_recall,0.6098
0,eval_time,57.0
0,___best___,___best___
1,eval_acc,0.665
1,eval_auc,0.7529
1,eval_brier,0.335
1,eval_f1,0.3919
1,eval_loss,0.3289
1,eval_mcc,0.3372
1,eval_pf,0.3641
1,eval_precision,0.253
1,eval_recall,0.8699
1,eval_time,57.0
2,eval_acc,0.1241
2,eval_auc,0.5
2,eval_brier,0.8759
2,eval_f1,0.2208
2,eval_loss,0.852
2,eval_mcc,0.0
2,eval_pf,1.0
2,eval_precision,0.1241
2,eval_recall,1.0
2,eval_time,57.0
3,eval_acc,0.6569
3,eval_auc,0.6646
3,eval_brier,0.3431
3,eval_f1,0.3281
3,eval_loss,0.3577
3,eval_mcc,0.2229
3,eval_pf,0.3456
3,eval_precision,0.2167
3,eval_recall,0.6748
3,eval_time,57.0
4,eval_acc,0.6872
4,eval_auc,0.6923
4,eval_brier,0.3128
4,eval_f1,0.3568
4,eval_loss,0.3221
4,eval_mcc,0.2639
4,eval_pf,0.3145
4,eval_precision,0.2396
4,eval_recall,0.6992
4,eval_time,57.0
5,eval_acc,0.7397
5,eval_auc,0.6769
5,eval_brier,0.2603
5,eval_f1,0.3614
5,eval_loss,0.2912
5,eval_mcc,0.2589
5,eval_pf,0.2396
5,eval_precision,0.2598
5,eval_recall,0.5935
5,eval_time,57.0
6,eval_acc,0.6014
6,eval_auc,0.6643
6,eval_brier,0.3986
6,eval_f1,0.3178
6,eval_loss,0.4353
6,eval_mcc,0.2174
6,eval_pf,0.4194
6,eval_precision,0.2018
6,eval_recall,0.748
6,eval_time,57.0
7,eval_acc,0.6892
7,eval_auc,0.683
7,eval_brier,0.3108
7,eval_f1,0.3502
7,eval_loss,0.3263
7,eval_mcc,0.2523
7,eval_pf,0.3088
7,eval_precision,0.2365
7,eval_recall,0.6748
7,eval_time,57.0
8,eval_acc,0.662
8,eval_auc,0.6744
8,eval_brier,0.338
8,eval_f1,0.3366
8,eval_loss,0.3488
8,eval_mcc,0.2364
8,eval_pf,0.3422
8,eval_precision,0.2225
8,eval_recall,0.6911
8,eval_time,57.0
9,eval_acc,0.6428
9,eval_auc,0.6635
9,eval_brier,0.3572
9,eval_f1,0.3244
9,eval_loss,0.3645
9,eval_mcc,0.2197
9,eval_pf,0.3641
9,eval_precision,0.212
9,eval_recall,0.6911
9,eval_time,57.0
