Epoch,Metrics,Score
0,eval_acc,0.5719
0,eval_auc,0.633
0,eval_brier,0.4281
0,eval_f1,0.3052
0,eval_loss,0.3151
0,eval_mcc,0.1798
0,eval_pf,0.4499
0,eval_precision,0.1939
0,eval_recall,0.716
0,eval_time,73.0
0,___best___,___best___
1,eval_acc,0.892
1,eval_auc,0.7872
1,eval_brier,0.108
1,eval_f1,0.6106
1,eval_loss,0.1697
1,eval_mcc,0.5492
1,eval_pf,0.0707
1,eval_precision,0.5798
1,eval_recall,0.645
1,eval_time,73.0
1,___best___,___best___
2,eval_acc,0.8555
2,eval_auc,0.8314
2,eval_brier,0.1445
2,eval_f1,0.5921
2,eval_loss,0.1765
2,eval_mcc,0.5378
2,eval_pf,0.136
2,eval_precision,0.4704
2,eval_recall,0.7988
2,eval_time,73.0
3,eval_acc,0.8858
3,eval_auc,0.8514
3,eval_brier,0.1142
3,eval_f1,0.6492
3,eval_loss,0.1501
3,eval_mcc,0.6
3,eval_pf,0.102
3,eval_precision,0.544
3,eval_recall,0.8047
3,eval_time,73.0
3,___best___,___best___
4,eval_acc,0.9021
4,eval_auc,0.8206
4,eval_brier,0.0979
4,eval_f1,0.6557
4,eval_loss,0.1396
4,eval_mcc,0.6015
4,eval_pf,0.0689
4,eval_precision,0.6091
4,eval_recall,0.7101
4,eval_time,73.0
4,___best___,___best___
5,eval_acc,0.8726
5,eval_auc,0.8664
5,eval_brier,0.1274
5,eval_f1,0.6388
5,eval_loss,0.1724
5,eval_mcc,0.596
5,eval_pf,0.1252
5,eval_precision,0.5088
5,eval_recall,0.858
5,eval_time,73.0
6,eval_acc,0.899
6,eval_auc,0.8414
6,eval_brier,0.101
6,eval_f1,0.6649
6,eval_loss,0.1213
6,eval_mcc,0.6137
6,eval_pf,0.0805
6,eval_precision,0.589
6,eval_recall,0.7633
6,eval_time,73.0
6,___best___,___best___
7,eval_acc,0.8912
7,eval_auc,0.8746
7,eval_brier,0.1088
7,eval_f1,0.6729
7,eval_loss,0.1409
7,eval_mcc,0.6311
7,eval_pf,0.1029
7,eval_precision,0.556
7,eval_recall,0.8521
7,eval_time,73.0
7,___best___,___best___
8,eval_acc,0.8827
8,eval_auc,0.8622
8,eval_brier,0.1173
8,eval_f1,0.6513
8,eval_loss,0.1412
8,eval_mcc,0.6058
8,eval_pf,0.11
8,eval_precision,0.5341
8,eval_recall,0.8343
8,eval_time,73.0
9,eval_acc,0.8912
9,eval_auc,0.8545
9,eval_brier,0.1088
9,eval_f1,0.6602
9,eval_loss,0.1359
9,eval_mcc,0.6119
9,eval_pf,0.0957
9,eval_precision,0.5597
9,eval_recall,0.8047
9,eval_time,73.0
